"sample_id","tube_id","donor_site_id","recipient_site_id","sample_type","sampling_timepoint","source_material","collection_date","collection_time","collector","sample_mass_g","sample_volume_mL","dna_extraction_id","extraction_date","extraction_batch","dna_concentration_ng_uL","storage_location","storage_temperature_C","sequencing_status","protocol_deviation","notes"
"T0001_DON","T0001","VA_D01","VA_R01","donor","transplant","seed_swab",NA,NA,NA,NA,NA,NA,NA,NA,NA,NA,NA,"planned",NA,NA
"T0001_RES","T0001","VA_D01","VA_R01","recipient","transplant","sediment",NA,NA,NA,NA,NA,NA,NA,NA,NA,NA,NA,"planned",NA,NA
"T0001_FIN","T0001","VA_D01","VA_R01","final","harvest","rhizoplane",NA,NA,NA,NA,NA,NA,NA,NA,NA,NA,NA,"planned",NA,NA
"T0002_DON","T0002","VA_D01","VA_R01","donor","transplant","seed_swab",NA,NA,NA,NA,NA,NA,NA,NA,NA,NA,NA,"planned",NA,NA
"T0002_RES","T0002","VA_D01","VA_R01","recipient","transplant","sediment",NA,NA,NA,NA,NA,NA,NA,NA,NA,NA,NA,"planned",NA,NA
"T0002_FIN","T0002","VA_D01","VA_R01","final","harvest","rhizoplane",NA,NA,NA,NA,NA,NA,NA,NA,NA,NA,NA,"planned",NA,NA
"T0003_DON","T0003","VA_D01","VA_R01","donor","transplant","seed_swab",NA,NA,NA,NA,NA,NA,NA,NA,NA,NA,NA,"planned",NA,NA
"T0003_RES","T0003","VA_D01","VA_R01","recipient","transplant","sediment",NA,NA,NA,NA,NA,NA,NA,NA,NA,NA,NA,"planned",NA,NA
"T0003_FIN","T0003","VA_D01","VA_R01","final","harvest","rhizoplane",NA,NA,NA,NA,NA,NA,NA,NA,NA,NA,NA,"planned",NA,NA
"T0004_DON","T0004","VA_D01","VA_R01","donor","transplant","seed_swab",NA,NA,NA,NA,NA,NA,NA,NA,NA,NA,NA,"planned",NA,NA
"T0004_RES","T0004","VA_D01","VA_R01","recipient","transplant","sediment",NA,NA,NA,NA,NA,NA,NA,NA,NA,NA,NA,"planned",NA,NA
"T0004_FIN","T0004","VA_D01","VA_R01","final","harvest","rhizoplane",NA,NA,NA,NA,NA,NA,NA,NA,NA,NA,NA,"planned",NA,NA
"T0005_DON","T0005","VA_D01","VA_R01","donor","transplant","seed_swab",NA,NA,NA,NA,NA,NA,NA,NA,NA,NA,NA,"planned",NA,NA
"T0005_RES","T0005","VA_D01","VA_R01","recipient","transplant","sediment",NA,NA,NA,NA,NA,NA,NA,NA,NA,NA,NA,"planned",NA,NA
"T0005_FIN","T0005","VA_D01","VA_R01","final","harvest","rhizoplane",NA,NA,NA,NA,NA,NA,NA,NA,NA,NA,NA,"planned",NA,NA
"T0006_DON","T0006","VA_D01","VA_R01","donor","transplant","seed_swab",NA,NA,NA,NA,NA,NA,NA,NA,NA,NA,NA,"planned",NA,NA
"T0006_RES","T0006","VA_D01","VA_R01","recipient","transplant","sediment",NA,NA,NA,NA,NA,NA,NA,NA,NA,NA,NA,"planned",NA,NA
"T0006_FIN","T0006","VA_D01","VA_R01","final","harvest","rhizoplane",NA,NA,NA,NA,NA,NA,NA,NA,NA,NA,NA,"planned",NA,NA
"T0007_DON","T0007","VA_D01","VA_R01","donor","transplant","seed_swab",NA,NA,NA,NA,NA,NA,NA,NA,NA,NA,NA,"planned",NA,NA
"T0007_RES","T0007","VA_D01","VA_R01","recipient","transplant","sediment",NA,NA,NA,NA,NA,NA,NA,NA,NA,NA,NA,"planned",NA,NA
"T0007_FIN","T0007","VA_D01","VA_R01","final","harvest","rhizoplane",NA,NA,NA,NA,NA,NA,NA,NA,NA,NA,NA,"planned",NA,NA
"T0008_DON","T0008","VA_D01","VA_R01","donor","transplant","seed_swab",NA,NA,NA,NA,NA,NA,NA,NA,NA,NA,NA,"planned",NA,NA
"T0008_RES","T0008","VA_D01","VA_R01","recipient","transplant","sediment",NA,NA,NA,NA,NA,NA,NA,NA,NA,NA,NA,"planned",NA,NA
"T0008_FIN","T0008","VA_D01","VA_R01","final","harvest","rhizoplane",NA,NA,NA,NA,NA,NA,NA,NA,NA,NA,NA,"planned",NA,NA
"T0009_DON","T0009","VA_D01","VA_R01","donor","transplant","seed_swab",NA,NA,NA,NA,NA,NA,NA,NA,NA,NA,NA,"planned",NA,NA
"T0009_RES","T0009","VA_D01","VA_R01","recipient","transplant","sediment",NA,NA,NA,NA,NA,NA,NA,NA,NA,NA,NA,"planned",NA,NA
"T0009_FIN","T0009","VA_D01","VA_R01","final","harvest","rhizoplane",NA,NA,NA,NA,NA,NA,NA,NA,NA,NA,NA,"planned",NA,NA
"T0010_DON","T0010","VA_D01","VA_R01","donor","transplant","seed_swab",NA,NA,NA,NA,NA,NA,NA,NA,NA,NA,NA,"planned",NA,NA
"T0010_RES","T0010","VA_D01","VA_R01","recipient","transplant","sediment",NA,NA,NA,NA,NA,NA,NA,NA,NA,NA,NA,"planned",NA,NA
"T0010_FIN","T0010","VA_D01","VA_R01","final","harvest","rhizoplane",NA,NA,NA,NA,NA,NA,NA,NA,NA,NA,NA,"planned",NA,NA
"T0011_DON","T0011","VA_D01","VA_R01","donor","transplant","seed_swab",NA,NA,NA,NA,NA,NA,NA,NA,NA,NA,NA,"planned",NA,NA
"T0011_RES","T0011","VA_D01","VA_R01","recipient","transplant","sediment",NA,NA,NA,NA,NA,NA,NA,NA,NA,NA,NA,"planned",NA,NA
"T0011_FIN","T0011","VA_D01","VA_R01","final","harvest","rhizoplane",NA,NA,NA,NA,NA,NA,NA,NA,NA,NA,NA,"planned",NA,NA
"T0012_DON","T0012","VA_D01","VA_R01","donor","transplant","seed_swab",NA,NA,NA,NA,NA,NA,NA,NA,NA,NA,NA,"planned",NA,NA
"T0012_RES","T0012","VA_D01","VA_R01","recipient","transplant","sediment",NA,NA,NA,NA,NA,NA,NA,NA,NA,NA,NA,"planned",NA,NA
"T0012_FIN","T0012","VA_D01","VA_R01","final","harvest","rhizoplane",NA,NA,NA,NA,NA,NA,NA,NA,NA,NA,NA,"planned",NA,NA
"T0013_DON","T0013","VA_D01","VA_R01","donor","transplant","seed_swab",NA,NA,NA,NA,NA,NA,NA,NA,NA,NA,NA,"planned",NA,NA
"T0013_RES","T0013","VA_D01","VA_R01","recipient","transplant","sediment",NA,NA,NA,NA,NA,NA,NA,NA,NA,NA,NA,"planned",NA,NA
"T0013_FIN","T0013","VA_D01","VA_R01","final","harvest","rhizoplane",NA,NA,NA,NA,NA,NA,NA,NA,NA,NA,NA,"planned",NA,NA
"T0014_DON","T0014","VA_D01","VA_R01","donor","transplant","seed_swab",NA,NA,NA,NA,NA,NA,NA,NA,NA,NA,NA,"planned",NA,NA
"T0014_RES","T0014","VA_D01","VA_R01","recipient","transplant","sediment",NA,NA,NA,NA,NA,NA,NA,NA,NA,NA,NA,"planned",NA,NA
"T0014_FIN","T0014","VA_D01","VA_R01","final","harvest","rhizoplane",NA,NA,NA,NA,NA,NA,NA,NA,NA,NA,NA,"planned",NA,NA
"T0015_DON","T0015","VA_D01","VA_R01","donor","transplant","seed_swab",NA,NA,NA,NA,NA,NA,NA,NA,NA,NA,NA,"planned",NA,NA
"T0015_RES","T0015","VA_D01","VA_R01","recipient","transplant","sediment",NA,NA,NA,NA,NA,NA,NA,NA,NA,NA,NA,"planned",NA,NA
"T0015_FIN","T0015","VA_D01","VA_R01","final","harvest","rhizoplane",NA,NA,NA,NA,NA,NA,NA,NA,NA,NA,NA,"planned",NA,NA
"T0016_DON","T0016","VA_D01","VA_R01","donor","transplant","seed_swab",NA,NA,NA,NA,NA,NA,NA,NA,NA,NA,NA,"planned",NA,NA
"T0016_RES","T0016","VA_D01","VA_R01","recipient","transplant","sediment",NA,NA,NA,NA,NA,NA,NA,NA,NA,NA,NA,"planned",NA,NA
"T0016_FIN","T0016","VA_D01","VA_R01","final","harvest","rhizoplane",NA,NA,NA,NA,NA,NA,NA,NA,NA,NA,NA,"planned",NA,NA
"T0017_DON","T0017","VA_D01","VA_R01","donor","transplant","seed_swab",NA,NA,NA,NA,NA,NA,NA,NA,NA,NA,NA,"planned",NA,NA
"T0017_RES","T0017","VA_D01","VA_R01","recipient","transplant","sediment",NA,NA,NA,NA,NA,NA,NA,NA,NA,NA,NA,"planned",NA,NA
"T0017_FIN","T0017","VA_D01","VA_R01","final","harvest","rhizoplane",NA,NA,NA,NA,NA,NA,NA,NA,NA,NA,NA,"planned",NA,NA
"T0018_DON","T0018","VA_D01","VA_R01","donor","transplant","seed_swab",NA,NA,NA,NA,NA,NA,NA,NA,NA,NA,NA,"planned",NA,NA
"T0018_RES","T0018","VA_D01","VA_R01","recipient","transplant","sediment",NA,NA,NA,NA,NA,NA,NA,NA,NA,NA,NA,"planned",NA,NA
"T0018_FIN","T0018","VA_D01","VA_R01","final","harvest","rhizoplane",NA,NA,NA,NA,NA,NA,NA,NA,NA,NA,NA,"planned",NA,NA
"T0019_DON","T0019","VA_D01","VA_R01","donor","transplant","seed_swab",NA,NA,NA,NA,NA,NA,NA,NA,NA,NA,NA,"planned",NA,NA
"T0019_RES","T0019","VA_D01","VA_R01","recipient","transplant","sediment",NA,NA,NA,NA,NA,NA,NA,NA,NA,NA,NA,"planned",NA,NA
"T0019_FIN","T0019","VA_D01","VA_R01","final","harvest","rhizoplane",NA,NA,NA,NA,NA,NA,NA,NA,NA,NA,NA,"planned",NA,NA
"T0020_DON","T0020","VA_D01","VA_R01","donor","transplant","seed_swab",NA,NA,NA,NA,NA,NA,NA,NA,NA,NA,NA,"planned",NA,NA
"T0020_RES","T0020","VA_D01","VA_R01","recipient","transplant","sediment",NA,NA,NA,NA,NA,NA,NA,NA,NA,NA,NA,"planned",NA,NA
"T0020_FIN","T0020","VA_D01","VA_R01","final","harvest","rhizoplane",NA,NA,NA,NA,NA,NA,NA,NA,NA,NA,NA,"planned",NA,NA
"T0021_DON","T0021","VA_D01","VA_R01","donor","transplant","seed_swab",NA,NA,NA,NA,NA,NA,NA,NA,NA,NA,NA,"planned",NA,NA
"T0021_RES","T0021","VA_D01","VA_R01","recipient","transplant","sediment",NA,NA,NA,NA,NA,NA,NA,NA,NA,NA,NA,"planned",NA,NA
"T0021_FIN","T0021","VA_D01","VA_R01","final","harvest","rhizoplane",NA,NA,NA,NA,NA,NA,NA,NA,NA,NA,NA,"planned",NA,NA
"T0022_DON","T0022","VA_D01","VA_R01","donor","transplant","seed_swab",NA,NA,NA,NA,NA,NA,NA,NA,NA,NA,NA,"planned",NA,NA
"T0022_RES","T0022","VA_D01","VA_R01","recipient","transplant","sediment",NA,NA,NA,NA,NA,NA,NA,NA,NA,NA,NA,"planned",NA,NA
"T0022_FIN","T0022","VA_D01","VA_R01","final","harvest","rhizoplane",NA,NA,NA,NA,NA,NA,NA,NA,NA,NA,NA,"planned",NA,NA
"T0023_DON","T0023","VA_D01","VA_R01","donor","transplant","seed_swab",NA,NA,NA,NA,NA,NA,NA,NA,NA,NA,NA,"planned",NA,NA
"T0023_RES","T0023","VA_D01","VA_R01","recipient","transplant","sediment",NA,NA,NA,NA,NA,NA,NA,NA,NA,NA,NA,"planned",NA,NA
"T0023_FIN","T0023","VA_D01","VA_R01","final","harvest","rhizoplane",NA,NA,NA,NA,NA,NA,NA,NA,NA,NA,NA,"planned",NA,NA
"T0024_DON","T0024","VA_D01","VA_R01","donor","transplant","seed_swab",NA,NA,NA,NA,NA,NA,NA,NA,NA,NA,NA,"planned",NA,NA
"T0024_RES","T0024","VA_D01","VA_R01","recipient","transplant","sediment",NA,NA,NA,NA,NA,NA,NA,NA,NA,NA,NA,"planned",NA,NA
"T0024_FIN","T0024","VA_D01","VA_R01","final","harvest","rhizoplane",NA,NA,NA,NA,NA,NA,NA,NA,NA,NA,NA,"planned",NA,NA
"T0025_DON","T0025","VA_D01","VA_R01","donor","transplant","seed_swab",NA,NA,NA,NA,NA,NA,NA,NA,NA,NA,NA,"planned",NA,NA
"T0025_RES","T0025","VA_D01","VA_R01","recipient","transplant","sediment",NA,NA,NA,NA,NA,NA,NA,NA,NA,NA,NA,"planned",NA,NA
"T0025_FIN","T0025","VA_D01","VA_R01","final","harvest","rhizoplane",NA,NA,NA,NA,NA,NA,NA,NA,NA,NA,NA,"planned",NA,NA
"T0026_DON","T0026","VA_D01","VA_R01","donor","transplant","seed_swab",NA,NA,NA,NA,NA,NA,NA,NA,NA,NA,NA,"planned",NA,NA
"T0026_RES","T0026","VA_D01","VA_R01","recipient","transplant","sediment",NA,NA,NA,NA,NA,NA,NA,NA,NA,NA,NA,"planned",NA,NA
"T0026_FIN","T0026","VA_D01","VA_R01","final","harvest","rhizoplane",NA,NA,NA,NA,NA,NA,NA,NA,NA,NA,NA,"planned",NA,NA
"T0027_DON","T0027","VA_D01","VA_R01","donor","transplant","seed_swab",NA,NA,NA,NA,NA,NA,NA,NA,NA,NA,NA,"planned",NA,NA
"T0027_RES","T0027","VA_D01","VA_R01","recipient","transplant","sediment",NA,NA,NA,NA,NA,NA,NA,NA,NA,NA,NA,"planned",NA,NA
"T0027_FIN","T0027","VA_D01","VA_R01","final","harvest","rhizoplane",NA,NA,NA,NA,NA,NA,NA,NA,NA,NA,NA,"planned",NA,NA
"T0028_DON","T0028","VA_D01","VA_R01","donor","transplant","seed_swab",NA,NA,NA,NA,NA,NA,NA,NA,NA,NA,NA,"planned",NA,NA
"T0028_RES","T0028","VA_D01","VA_R01","recipient","transplant","sediment",NA,NA,NA,NA,NA,NA,NA,NA,NA,NA,NA,"planned",NA,NA
"T0028_FIN","T0028","VA_D01","VA_R01","final","harvest","rhizoplane",NA,NA,NA,NA,NA,NA,NA,NA,NA,NA,NA,"planned",NA,NA
"T0029_DON","T0029","VA_D01","VA_R01","donor","transplant","seed_swab",NA,NA,NA,NA,NA,NA,NA,NA,NA,NA,NA,"planned",NA,NA
"T0029_RES","T0029","VA_D01","VA_R01","recipient","transplant","sediment",NA,NA,NA,NA,NA,NA,NA,NA,NA,NA,NA,"planned",NA,NA
"T0029_FIN","T0029","VA_D01","VA_R01","final","harvest","rhizoplane",NA,NA,NA,NA,NA,NA,NA,NA,NA,NA,NA,"planned",NA,NA
"T0030_DON","T0030","VA_D01","VA_R01","donor","transplant","seed_swab",NA,NA,NA,NA,NA,NA,NA,NA,NA,NA,NA,"planned",NA,NA
"T0030_RES","T0030","VA_D01","VA_R01","recipient","transplant","sediment",NA,NA,NA,NA,NA,NA,NA,NA,NA,NA,NA,"planned",NA,NA
"T0030_FIN","T0030","VA_D01","VA_R01","final","harvest","rhizoplane",NA,NA,NA,NA,NA,NA,NA,NA,NA,NA,NA,"planned",NA,NA
"T0031_DON","T0031","VA_D01","VA_R01","donor","transplant","seed_swab",NA,NA,NA,NA,NA,NA,NA,NA,NA,NA,NA,"planned",NA,NA
"T0031_RES","T0031","VA_D01","VA_R01","recipient","transplant","sediment",NA,NA,NA,NA,NA,NA,NA,NA,NA,NA,NA,"planned",NA,NA
"T0031_FIN","T0031","VA_D01","VA_R01","final","harvest","rhizoplane",NA,NA,NA,NA,NA,NA,NA,NA,NA,NA,NA,"planned",NA,NA
"T0032_DON","T0032","VA_D01","VA_R01","donor","transplant","seed_swab",NA,NA,NA,NA,NA,NA,NA,NA,NA,NA,NA,"planned",NA,NA
"T0032_RES","T0032","VA_D01","VA_R01","recipient","transplant","sediment",NA,NA,NA,NA,NA,NA,NA,NA,NA,NA,NA,"planned",NA,NA
"T0032_FIN","T0032","VA_D01","VA_R01","final","harvest","rhizoplane",NA,NA,NA,NA,NA,NA,NA,NA,NA,NA,NA,"planned",NA,NA
"T0033_DON","T0033","VA_D01","VA_R01","donor","transplant","seed_swab",NA,NA,NA,NA,NA,NA,NA,NA,NA,NA,NA,"planned",NA,NA
"T0033_RES","T0033","VA_D01","VA_R01","recipient","transplant","sediment",NA,NA,NA,NA,NA,NA,NA,NA,NA,NA,NA,"planned",NA,NA
"T0033_FIN","T0033","VA_D01","VA_R01","final","harvest","rhizoplane",NA,NA,NA,NA,NA,NA,NA,NA,NA,NA,NA,"planned",NA,NA
"T0034_DON","T0034","VA_D01","VA_R01","donor","transplant","seed_swab",NA,NA,NA,NA,NA,NA,NA,NA,NA,NA,NA,"planned",NA,NA
"T0034_RES","T0034","VA_D01","VA_R01","recipient","transplant","sediment",NA,NA,NA,NA,NA,NA,NA,NA,NA,NA,NA,"planned",NA,NA
"T0034_FIN","T0034","VA_D01","VA_R01","final","harvest","rhizoplane",NA,NA,NA,NA,NA,NA,NA,NA,NA,NA,NA,"planned",NA,NA
"T0035_DON","T0035","VA_D01","VA_R01","donor","transplant","seed_swab",NA,NA,NA,NA,NA,NA,NA,NA,NA,NA,NA,"planned",NA,NA
"T0035_RES","T0035","VA_D01","VA_R01","recipient","transplant","sediment",NA,NA,NA,NA,NA,NA,NA,NA,NA,NA,NA,"planned",NA,NA
"T0035_FIN","T0035","VA_D01","VA_R01","final","harvest","rhizoplane",NA,NA,NA,NA,NA,NA,NA,NA,NA,NA,NA,"planned",NA,NA
"T0036_DON","T0036","VA_D01","NH_R01","donor","transplant","seed_swab",NA,NA,NA,NA,NA,NA,NA,NA,NA,NA,NA,"planned",NA,NA
"T0036_RES","T0036","VA_D01","NH_R01","recipient","transplant","sediment",NA,NA,NA,NA,NA,NA,NA,NA,NA,NA,NA,"planned",NA,NA
"T0036_FIN","T0036","VA_D01","NH_R01","final","harvest","rhizoplane",NA,NA,NA,NA,NA,NA,NA,NA,NA,NA,NA,"planned",NA,NA
"T0037_DON","T0037","VA_D01","NH_R01","donor","transplant","seed_swab",NA,NA,NA,NA,NA,NA,NA,NA,NA,NA,NA,"planned",NA,NA
"T0037_RES","T0037","VA_D01","NH_R01","recipient","transplant","sediment",NA,NA,NA,NA,NA,NA,NA,NA,NA,NA,NA,"planned",NA,NA
"T0037_FIN","T0037","VA_D01","NH_R01","final","harvest","rhizoplane",NA,NA,NA,NA,NA,NA,NA,NA,NA,NA,NA,"planned",NA,NA
"T0038_DON","T0038","VA_D01","NH_R01","donor","transplant","seed_swab",NA,NA,NA,NA,NA,NA,NA,NA,NA,NA,NA,"planned",NA,NA
"T0038_RES","T0038","VA_D01","NH_R01","recipient","transplant","sediment",NA,NA,NA,NA,NA,NA,NA,NA,NA,NA,NA,"planned",NA,NA
"T0038_FIN","T0038","VA_D01","NH_R01","final","harvest","rhizoplane",NA,NA,NA,NA,NA,NA,NA,NA,NA,NA,NA,"planned",NA,NA
"T0039_DON","T0039","VA_D01","NH_R01","donor","transplant","seed_swab",NA,NA,NA,NA,NA,NA,NA,NA,NA,NA,NA,"planned",NA,NA
"T0039_RES","T0039","VA_D01","NH_R01","recipient","transplant","sediment",NA,NA,NA,NA,NA,NA,NA,NA,NA,NA,NA,"planned",NA,NA
"T0039_FIN","T0039","VA_D01","NH_R01","final","harvest","rhizoplane",NA,NA,NA,NA,NA,NA,NA,NA,NA,NA,NA,"planned",NA,NA
"T0040_DON","T0040","VA_D01","NH_R01","donor","transplant","seed_swab",NA,NA,NA,NA,NA,NA,NA,NA,NA,NA,NA,"planned",NA,NA
"T0040_RES","T0040","VA_D01","NH_R01","recipient","transplant","sediment",NA,NA,NA,NA,NA,NA,NA,NA,NA,NA,NA,"planned",NA,NA
"T0040_FIN","T0040","VA_D01","NH_R01","final","harvest","rhizoplane",NA,NA,NA,NA,NA,NA,NA,NA,NA,NA,NA,"planned",NA,NA
"T0041_DON","T0041","VA_D01","NH_R01","donor","transplant","seed_swab",NA,NA,NA,NA,NA,NA,NA,NA,NA,NA,NA,"planned",NA,NA
"T0041_RES","T0041","VA_D01","NH_R01","recipient","transplant","sediment",NA,NA,NA,NA,NA,NA,NA,NA,NA,NA,NA,"planned",NA,NA
"T0041_FIN","T0041","VA_D01","NH_R01","final","harvest","rhizoplane",NA,NA,NA,NA,NA,NA,NA,NA,NA,NA,NA,"planned",NA,NA
"T0042_DON","T0042","VA_D01","NH_R01","donor","transplant","seed_swab",NA,NA,NA,NA,NA,NA,NA,NA,NA,NA,NA,"planned",NA,NA
"T0042_RES","T0042","VA_D01","NH_R01","recipient","transplant","sediment",NA,NA,NA,NA,NA,NA,NA,NA,NA,NA,NA,"planned",NA,NA
"T0042_FIN","T0042","VA_D01","NH_R01","final","harvest","rhizoplane",NA,NA,NA,NA,NA,NA,NA,NA,NA,NA,NA,"planned",NA,NA
"T0043_DON","T0043","VA_D01","NH_R01","donor","transplant","seed_swab",NA,NA,NA,NA,NA,NA,NA,NA,NA,NA,NA,"planned",NA,NA
"T0043_RES","T0043","VA_D01","NH_R01","recipient","transplant","sediment",NA,NA,NA,NA,NA,NA,NA,NA,NA,NA,NA,"planned",NA,NA
"T0043_FIN","T0043","VA_D01","NH_R01","final","harvest","rhizoplane",NA,NA,NA,NA,NA,NA,NA,NA,NA,NA,NA,"planned",NA,NA
"T0044_DON","T0044","VA_D01","NH_R01","donor","transplant","seed_swab",NA,NA,NA,NA,NA,NA,NA,NA,NA,NA,NA,"planned",NA,NA
"T0044_RES","T0044","VA_D01","NH_R01","recipient","transplant","sediment",NA,NA,NA,NA,NA,NA,NA,NA,NA,NA,NA,"planned",NA,NA
"T0044_FIN","T0044","VA_D01","NH_R01","final","harvest","rhizoplane",NA,NA,NA,NA,NA,NA,NA,NA,NA,NA,NA,"planned",NA,NA
"T0045_DON","T0045","VA_D01","NH_R01","donor","transplant","seed_swab",NA,NA,NA,NA,NA,NA,NA,NA,NA,NA,NA,"planned",NA,NA
"T0045_RES","T0045","VA_D01","NH_R01","recipient","transplant","sediment",NA,NA,NA,NA,NA,NA,NA,NA,NA,NA,NA,"planned",NA,NA
"T0045_FIN","T0045","VA_D01","NH_R01","final","harvest","rhizoplane",NA,NA,NA,NA,NA,NA,NA,NA,NA,NA,NA,"planned",NA,NA
"T0046_DON","T0046","VA_D01","NH_R01","donor","transplant","seed_swab",NA,NA,NA,NA,NA,NA,NA,NA,NA,NA,NA,"planned",NA,NA
"T0046_RES","T0046","VA_D01","NH_R01","recipient","transplant","sediment",NA,NA,NA,NA,NA,NA,NA,NA,NA,NA,NA,"planned",NA,NA
"T0046_FIN","T0046","VA_D01","NH_R01","final","harvest","rhizoplane",NA,NA,NA,NA,NA,NA,NA,NA,NA,NA,NA,"planned",NA,NA
"T0047_DON","T0047","VA_D01","NH_R01","donor","transplant","seed_swab",NA,NA,NA,NA,NA,NA,NA,NA,NA,NA,NA,"planned",NA,NA
"T0047_RES","T0047","VA_D01","NH_R01","recipient","transplant","sediment",NA,NA,NA,NA,NA,NA,NA,NA,NA,NA,NA,"planned",NA,NA
"T0047_FIN","T0047","VA_D01","NH_R01","final","harvest","rhizoplane",NA,NA,NA,NA,NA,NA,NA,NA,NA,NA,NA,"planned",NA,NA
"T0048_DON","T0048","VA_D01","NH_R01","donor","transplant","seed_swab",NA,NA,NA,NA,NA,NA,NA,NA,NA,NA,NA,"planned",NA,NA
"T0048_RES","T0048","VA_D01","NH_R01","recipient","transplant","sediment",NA,NA,NA,NA,NA,NA,NA,NA,NA,NA,NA,"planned",NA,NA
"T0048_FIN","T0048","VA_D01","NH_R01","final","harvest","rhizoplane",NA,NA,NA,NA,NA,NA,NA,NA,NA,NA,NA,"planned",NA,NA
"T0049_DON","T0049","VA_D01","NH_R01","donor","transplant","seed_swab",NA,NA,NA,NA,NA,NA,NA,NA,NA,NA,NA,"planned",NA,NA
"T0049_RES","T0049","VA_D01","NH_R01","recipient","transplant","sediment",NA,NA,NA,NA,NA,NA,NA,NA,NA,NA,NA,"planned",NA,NA
"T0049_FIN","T0049","VA_D01","NH_R01","final","harvest","rhizoplane",NA,NA,NA,NA,NA,NA,NA,NA,NA,NA,NA,"planned",NA,NA
"T0050_DON","T0050","VA_D01","NH_R01","donor","transplant","seed_swab",NA,NA,NA,NA,NA,NA,NA,NA,NA,NA,NA,"planned",NA,NA
"T0050_RES","T0050","VA_D01","NH_R01","recipient","transplant","sediment",NA,NA,NA,NA,NA,NA,NA,NA,NA,NA,NA,"planned",NA,NA
"T0050_FIN","T0050","VA_D01","NH_R01","final","harvest","rhizoplane",NA,NA,NA,NA,NA,NA,NA,NA,NA,NA,NA,"planned",NA,NA
"T0051_DON","T0051","VA_D01","NH_R01","donor","transplant","seed_swab",NA,NA,NA,NA,NA,NA,NA,NA,NA,NA,NA,"planned",NA,NA
"T0051_RES","T0051","VA_D01","NH_R01","recipient","transplant","sediment",NA,NA,NA,NA,NA,NA,NA,NA,NA,NA,NA,"planned",NA,NA
"T0051_FIN","T0051","VA_D01","NH_R01","final","harvest","rhizoplane",NA,NA,NA,NA,NA,NA,NA,NA,NA,NA,NA,"planned",NA,NA
"T0052_DON","T0052","VA_D01","NH_R01","donor","transplant","seed_swab",NA,NA,NA,NA,NA,NA,NA,NA,NA,NA,NA,"planned",NA,NA
"T0052_RES","T0052","VA_D01","NH_R01","recipient","transplant","sediment",NA,NA,NA,NA,NA,NA,NA,NA,NA,NA,NA,"planned",NA,NA
"T0052_FIN","T0052","VA_D01","NH_R01","final","harvest","rhizoplane",NA,NA,NA,NA,NA,NA,NA,NA,NA,NA,NA,"planned",NA,NA
"T0053_DON","T0053","VA_D01","NH_R01","donor","transplant","seed_swab",NA,NA,NA,NA,NA,NA,NA,NA,NA,NA,NA,"planned",NA,NA
"T0053_RES","T0053","VA_D01","NH_R01","recipient","transplant","sediment",NA,NA,NA,NA,NA,NA,NA,NA,NA,NA,NA,"planned",NA,NA
"T0053_FIN","T0053","VA_D01","NH_R01","final","harvest","rhizoplane",NA,NA,NA,NA,NA,NA,NA,NA,NA,NA,NA,"planned",NA,NA
"T0054_DON","T0054","VA_D01","NH_R01","donor","transplant","seed_swab",NA,NA,NA,NA,NA,NA,NA,NA,NA,NA,NA,"planned",NA,NA
"T0054_RES","T0054","VA_D01","NH_R01","recipient","transplant","sediment",NA,NA,NA,NA,NA,NA,NA,NA,NA,NA,NA,"planned",NA,NA
"T0054_FIN","T0054","VA_D01","NH_R01","final","harvest","rhizoplane",NA,NA,NA,NA,NA,NA,NA,NA,NA,NA,NA,"planned",NA,NA
"T0055_DON","T0055","VA_D01","NH_R01","donor","transplant","seed_swab",NA,NA,NA,NA,NA,NA,NA,NA,NA,NA,NA,"planned",NA,NA
"T0055_RES","T0055","VA_D01","NH_R01","recipient","transplant","sediment",NA,NA,NA,NA,NA,NA,NA,NA,NA,NA,NA,"planned",NA,NA
"T0055_FIN","T0055","VA_D01","NH_R01","final","harvest","rhizoplane",NA,NA,NA,NA,NA,NA,NA,NA,NA,NA,NA,"planned",NA,NA
"T0056_DON","T0056","VA_D01","NH_R01","donor","transplant","seed_swab",NA,NA,NA,NA,NA,NA,NA,NA,NA,NA,NA,"planned",NA,NA
"T0056_RES","T0056","VA_D01","NH_R01","recipient","transplant","sediment",NA,NA,NA,NA,NA,NA,NA,NA,NA,NA,NA,"planned",NA,NA
"T0056_FIN","T0056","VA_D01","NH_R01","final","harvest","rhizoplane",NA,NA,NA,NA,NA,NA,NA,NA,NA,NA,NA,"planned",NA,NA
"T0057_DON","T0057","VA_D01","NH_R01","donor","transplant","seed_swab",NA,NA,NA,NA,NA,NA,NA,NA,NA,NA,NA,"planned",NA,NA
"T0057_RES","T0057","VA_D01","NH_R01","recipient","transplant","sediment",NA,NA,NA,NA,NA,NA,NA,NA,NA,NA,NA,"planned",NA,NA
"T0057_FIN","T0057","VA_D01","NH_R01","final","harvest","rhizoplane",NA,NA,NA,NA,NA,NA,NA,NA,NA,NA,NA,"planned",NA,NA
"T0058_DON","T0058","VA_D01","NH_R01","donor","transplant","seed_swab",NA,NA,NA,NA,NA,NA,NA,NA,NA,NA,NA,"planned",NA,NA
"T0058_RES","T0058","VA_D01","NH_R01","recipient","transplant","sediment",NA,NA,NA,NA,NA,NA,NA,NA,NA,NA,NA,"planned",NA,NA
"T0058_FIN","T0058","VA_D01","NH_R01","final","harvest","rhizoplane",NA,NA,NA,NA,NA,NA,NA,NA,NA,NA,NA,"planned",NA,NA
"T0059_DON","T0059","VA_D01","NH_R01","donor","transplant","seed_swab",NA,NA,NA,NA,NA,NA,NA,NA,NA,NA,NA,"planned",NA,NA
"T0059_RES","T0059","VA_D01","NH_R01","recipient","transplant","sediment",NA,NA,NA,NA,NA,NA,NA,NA,NA,NA,NA,"planned",NA,NA
"T0059_FIN","T0059","VA_D01","NH_R01","final","harvest","rhizoplane",NA,NA,NA,NA,NA,NA,NA,NA,NA,NA,NA,"planned",NA,NA
"T0060_DON","T0060","VA_D01","NH_R01","donor","transplant","seed_swab",NA,NA,NA,NA,NA,NA,NA,NA,NA,NA,NA,"planned",NA,NA
"T0060_RES","T0060","VA_D01","NH_R01","recipient","transplant","sediment",NA,NA,NA,NA,NA,NA,NA,NA,NA,NA,NA,"planned",NA,NA
"T0060_FIN","T0060","VA_D01","NH_R01","final","harvest","rhizoplane",NA,NA,NA,NA,NA,NA,NA,NA,NA,NA,NA,"planned",NA,NA
"T0061_DON","T0061","VA_D01","NH_R01","donor","transplant","seed_swab",NA,NA,NA,NA,NA,NA,NA,NA,NA,NA,NA,"planned",NA,NA
"T0061_RES","T0061","VA_D01","NH_R01","recipient","transplant","sediment",NA,NA,NA,NA,NA,NA,NA,NA,NA,NA,NA,"planned",NA,NA
"T0061_FIN","T0061","VA_D01","NH_R01","final","harvest","rhizoplane",NA,NA,NA,NA,NA,NA,NA,NA,NA,NA,NA,"planned",NA,NA
"T0062_DON","T0062","VA_D01","NH_R01","donor","transplant","seed_swab",NA,NA,NA,NA,NA,NA,NA,NA,NA,NA,NA,"planned",NA,NA
"T0062_RES","T0062","VA_D01","NH_R01","recipient","transplant","sediment",NA,NA,NA,NA,NA,NA,NA,NA,NA,NA,NA,"planned",NA,NA
"T0062_FIN","T0062","VA_D01","NH_R01","final","harvest","rhizoplane",NA,NA,NA,NA,NA,NA,NA,NA,NA,NA,NA,"planned",NA,NA
"T0063_DON","T0063","VA_D01","NH_R01","donor","transplant","seed_swab",NA,NA,NA,NA,NA,NA,NA,NA,NA,NA,NA,"planned",NA,NA
"T0063_RES","T0063","VA_D01","NH_R01","recipient","transplant","sediment",NA,NA,NA,NA,NA,NA,NA,NA,NA,NA,NA,"planned",NA,NA
"T0063_FIN","T0063","VA_D01","NH_R01","final","harvest","rhizoplane",NA,NA,NA,NA,NA,NA,NA,NA,NA,NA,NA,"planned",NA,NA
"T0064_DON","T0064","VA_D01","NH_R01","donor","transplant","seed_swab",NA,NA,NA,NA,NA,NA,NA,NA,NA,NA,NA,"planned",NA,NA
"T0064_RES","T0064","VA_D01","NH_R01","recipient","transplant","sediment",NA,NA,NA,NA,NA,NA,NA,NA,NA,NA,NA,"planned",NA,NA
"T0064_FIN","T0064","VA_D01","NH_R01","final","harvest","rhizoplane",NA,NA,NA,NA,NA,NA,NA,NA,NA,NA,NA,"planned",NA,NA
"T0065_DON","T0065","VA_D01","NH_R01","donor","transplant","seed_swab",NA,NA,NA,NA,NA,NA,NA,NA,NA,NA,NA,"planned",NA,NA
"T0065_RES","T0065","VA_D01","NH_R01","recipient","transplant","sediment",NA,NA,NA,NA,NA,NA,NA,NA,NA,NA,NA,"planned",NA,NA
"T0065_FIN","T0065","VA_D01","NH_R01","final","harvest","rhizoplane",NA,NA,NA,NA,NA,NA,NA,NA,NA,NA,NA,"planned",NA,NA
"T0066_DON","T0066","VA_D01","NH_R01","donor","transplant","seed_swab",NA,NA,NA,NA,NA,NA,NA,NA,NA,NA,NA,"planned",NA,NA
"T0066_RES","T0066","VA_D01","NH_R01","recipient","transplant","sediment",NA,NA,NA,NA,NA,NA,NA,NA,NA,NA,NA,"planned",NA,NA
"T0066_FIN","T0066","VA_D01","NH_R01","final","harvest","rhizoplane",NA,NA,NA,NA,NA,NA,NA,NA,NA,NA,NA,"planned",NA,NA
"T0067_DON","T0067","VA_D01","NH_R01","donor","transplant","seed_swab",NA,NA,NA,NA,NA,NA,NA,NA,NA,NA,NA,"planned",NA,NA
"T0067_RES","T0067","VA_D01","NH_R01","recipient","transplant","sediment",NA,NA,NA,NA,NA,NA,NA,NA,NA,NA,NA,"planned",NA,NA
"T0067_FIN","T0067","VA_D01","NH_R01","final","harvest","rhizoplane",NA,NA,NA,NA,NA,NA,NA,NA,NA,NA,NA,"planned",NA,NA
"T0068_DON","T0068","VA_D01","NH_R01","donor","transplant","seed_swab",NA,NA,NA,NA,NA,NA,NA,NA,NA,NA,NA,"planned",NA,NA
"T0068_RES","T0068","VA_D01","NH_R01","recipient","transplant","sediment",NA,NA,NA,NA,NA,NA,NA,NA,NA,NA,NA,"planned",NA,NA
"T0068_FIN","T0068","VA_D01","NH_R01","final","harvest","rhizoplane",NA,NA,NA,NA,NA,NA,NA,NA,NA,NA,NA,"planned",NA,NA
"T0069_DON","T0069","VA_D01","NH_R01","donor","transplant","seed_swab",NA,NA,NA,NA,NA,NA,NA,NA,NA,NA,NA,"planned",NA,NA
"T0069_RES","T0069","VA_D01","NH_R01","recipient","transplant","sediment",NA,NA,NA,NA,NA,NA,NA,NA,NA,NA,NA,"planned",NA,NA
"T0069_FIN","T0069","VA_D01","NH_R01","final","harvest","rhizoplane",NA,NA,NA,NA,NA,NA,NA,NA,NA,NA,NA,"planned",NA,NA
"T0070_DON","T0070","VA_D01","NH_R01","donor","transplant","seed_swab",NA,NA,NA,NA,NA,NA,NA,NA,NA,NA,NA,"planned",NA,NA
"T0070_RES","T0070","VA_D01","NH_R01","recipient","transplant","sediment",NA,NA,NA,NA,NA,NA,NA,NA,NA,NA,NA,"planned",NA,NA
"T0070_FIN","T0070","VA_D01","NH_R01","final","harvest","rhizoplane",NA,NA,NA,NA,NA,NA,NA,NA,NA,NA,NA,"planned",NA,NA
"T0071_DON","T0071","VA_D02","VA_R01","donor","transplant","seed_swab",NA,NA,NA,NA,NA,NA,NA,NA,NA,NA,NA,"planned",NA,NA
"T0071_RES","T0071","VA_D02","VA_R01","recipient","transplant","sediment",NA,NA,NA,NA,NA,NA,NA,NA,NA,NA,NA,"planned",NA,NA
"T0071_FIN","T0071","VA_D02","VA_R01","final","harvest","rhizoplane",NA,NA,NA,NA,NA,NA,NA,NA,NA,NA,NA,"planned",NA,NA
"T0072_DON","T0072","VA_D02","VA_R01","donor","transplant","seed_swab",NA,NA,NA,NA,NA,NA,NA,NA,NA,NA,NA,"planned",NA,NA
"T0072_RES","T0072","VA_D02","VA_R01","recipient","transplant","sediment",NA,NA,NA,NA,NA,NA,NA,NA,NA,NA,NA,"planned",NA,NA
"T0072_FIN","T0072","VA_D02","VA_R01","final","harvest","rhizoplane",NA,NA,NA,NA,NA,NA,NA,NA,NA,NA,NA,"planned",NA,NA
"T0073_DON","T0073","VA_D02","VA_R01","donor","transplant","seed_swab",NA,NA,NA,NA,NA,NA,NA,NA,NA,NA,NA,"planned",NA,NA
"T0073_RES","T0073","VA_D02","VA_R01","recipient","transplant","sediment",NA,NA,NA,NA,NA,NA,NA,NA,NA,NA,NA,"planned",NA,NA
"T0073_FIN","T0073","VA_D02","VA_R01","final","harvest","rhizoplane",NA,NA,NA,NA,NA,NA,NA,NA,NA,NA,NA,"planned",NA,NA
"T0074_DON","T0074","VA_D02","VA_R01","donor","transplant","seed_swab",NA,NA,NA,NA,NA,NA,NA,NA,NA,NA,NA,"planned",NA,NA
"T0074_RES","T0074","VA_D02","VA_R01","recipient","transplant","sediment",NA,NA,NA,NA,NA,NA,NA,NA,NA,NA,NA,"planned",NA,NA
"T0074_FIN","T0074","VA_D02","VA_R01","final","harvest","rhizoplane",NA,NA,NA,NA,NA,NA,NA,NA,NA,NA,NA,"planned",NA,NA
"T0075_DON","T0075","VA_D02","VA_R01","donor","transplant","seed_swab",NA,NA,NA,NA,NA,NA,NA,NA,NA,NA,NA,"planned",NA,NA
"T0075_RES","T0075","VA_D02","VA_R01","recipient","transplant","sediment",NA,NA,NA,NA,NA,NA,NA,NA,NA,NA,NA,"planned",NA,NA
"T0075_FIN","T0075","VA_D02","VA_R01","final","harvest","rhizoplane",NA,NA,NA,NA,NA,NA,NA,NA,NA,NA,NA,"planned",NA,NA
"T0076_DON","T0076","VA_D02","VA_R01","donor","transplant","seed_swab",NA,NA,NA,NA,NA,NA,NA,NA,NA,NA,NA,"planned",NA,NA
"T0076_RES","T0076","VA_D02","VA_R01","recipient","transplant","sediment",NA,NA,NA,NA,NA,NA,NA,NA,NA,NA,NA,"planned",NA,NA
"T0076_FIN","T0076","VA_D02","VA_R01","final","harvest","rhizoplane",NA,NA,NA,NA,NA,NA,NA,NA,NA,NA,NA,"planned",NA,NA
"T0077_DON","T0077","VA_D02","VA_R01","donor","transplant","seed_swab",NA,NA,NA,NA,NA,NA,NA,NA,NA,NA,NA,"planned",NA,NA
"T0077_RES","T0077","VA_D02","VA_R01","recipient","transplant","sediment",NA,NA,NA,NA,NA,NA,NA,NA,NA,NA,NA,"planned",NA,NA
"T0077_FIN","T0077","VA_D02","VA_R01","final","harvest","rhizoplane",NA,NA,NA,NA,NA,NA,NA,NA,NA,NA,NA,"planned",NA,NA
"T0078_DON","T0078","VA_D02","VA_R01","donor","transplant","seed_swab",NA,NA,NA,NA,NA,NA,NA,NA,NA,NA,NA,"planned",NA,NA
"T0078_RES","T0078","VA_D02","VA_R01","recipient","transplant","sediment",NA,NA,NA,NA,NA,NA,NA,NA,NA,NA,NA,"planned",NA,NA
"T0078_FIN","T0078","VA_D02","VA_R01","final","harvest","rhizoplane",NA,NA,NA,NA,NA,NA,NA,NA,NA,NA,NA,"planned",NA,NA
"T0079_DON","T0079","VA_D02","VA_R01","donor","transplant","seed_swab",NA,NA,NA,NA,NA,NA,NA,NA,NA,NA,NA,"planned",NA,NA
"T0079_RES","T0079","VA_D02","VA_R01","recipient","transplant","sediment",NA,NA,NA,NA,NA,NA,NA,NA,NA,NA,NA,"planned",NA,NA
"T0079_FIN","T0079","VA_D02","VA_R01","final","harvest","rhizoplane",NA,NA,NA,NA,NA,NA,NA,NA,NA,NA,NA,"planned",NA,NA
"T0080_DON","T0080","VA_D02","VA_R01","donor","transplant","seed_swab",NA,NA,NA,NA,NA,NA,NA,NA,NA,NA,NA,"planned",NA,NA
"T0080_RES","T0080","VA_D02","VA_R01","recipient","transplant","sediment",NA,NA,NA,NA,NA,NA,NA,NA,NA,NA,NA,"planned",NA,NA
"T0080_FIN","T0080","VA_D02","VA_R01","final","harvest","rhizoplane",NA,NA,NA,NA,NA,NA,NA,NA,NA,NA,NA,"planned",NA,NA
"T0081_DON","T0081","VA_D02","VA_R01","donor","transplant","seed_swab",NA,NA,NA,NA,NA,NA,NA,NA,NA,NA,NA,"planned",NA,NA
"T0081_RES","T0081","VA_D02","VA_R01","recipient","transplant","sediment",NA,NA,NA,NA,NA,NA,NA,NA,NA,NA,NA,"planned",NA,NA
"T0081_FIN","T0081","VA_D02","VA_R01","final","harvest","rhizoplane",NA,NA,NA,NA,NA,NA,NA,NA,NA,NA,NA,"planned",NA,NA
"T0082_DON","T0082","VA_D02","VA_R01","donor","transplant","seed_swab",NA,NA,NA,NA,NA,NA,NA,NA,NA,NA,NA,"planned",NA,NA
"T0082_RES","T0082","VA_D02","VA_R01","recipient","transplant","sediment",NA,NA,NA,NA,NA,NA,NA,NA,NA,NA,NA,"planned",NA,NA
"T0082_FIN","T0082","VA_D02","VA_R01","final","harvest","rhizoplane",NA,NA,NA,NA,NA,NA,NA,NA,NA,NA,NA,"planned",NA,NA
"T0083_DON","T0083","VA_D02","VA_R01","donor","transplant","seed_swab",NA,NA,NA,NA,NA,NA,NA,NA,NA,NA,NA,"planned",NA,NA
"T0083_RES","T0083","VA_D02","VA_R01","recipient","transplant","sediment",NA,NA,NA,NA,NA,NA,NA,NA,NA,NA,NA,"planned",NA,NA
"T0083_FIN","T0083","VA_D02","VA_R01","final","harvest","rhizoplane",NA,NA,NA,NA,NA,NA,NA,NA,NA,NA,NA,"planned",NA,NA
"T0084_DON","T0084","VA_D02","VA_R01","donor","transplant","seed_swab",NA,NA,NA,NA,NA,NA,NA,NA,NA,NA,NA,"planned",NA,NA
"T0084_RES","T0084","VA_D02","VA_R01","recipient","transplant","sediment",NA,NA,NA,NA,NA,NA,NA,NA,NA,NA,NA,"planned",NA,NA
"T0084_FIN","T0084","VA_D02","VA_R01","final","harvest","rhizoplane",NA,NA,NA,NA,NA,NA,NA,NA,NA,NA,NA,"planned",NA,NA
"T0085_DON","T0085","VA_D02","VA_R01","donor","transplant","seed_swab",NA,NA,NA,NA,NA,NA,NA,NA,NA,NA,NA,"planned",NA,NA
"T0085_RES","T0085","VA_D02","VA_R01","recipient","transplant","sediment",NA,NA,NA,NA,NA,NA,NA,NA,NA,NA,NA,"planned",NA,NA
"T0085_FIN","T0085","VA_D02","VA_R01","final","harvest","rhizoplane",NA,NA,NA,NA,NA,NA,NA,NA,NA,NA,NA,"planned",NA,NA
"T0086_DON","T0086","VA_D02","VA_R01","donor","transplant","seed_swab",NA,NA,NA,NA,NA,NA,NA,NA,NA,NA,NA,"planned",NA,NA
"T0086_RES","T0086","VA_D02","VA_R01","recipient","transplant","sediment",NA,NA,NA,NA,NA,NA,NA,NA,NA,NA,NA,"planned",NA,NA
"T0086_FIN","T0086","VA_D02","VA_R01","final","harvest","rhizoplane",NA,NA,NA,NA,NA,NA,NA,NA,NA,NA,NA,"planned",NA,NA
"T0087_DON","T0087","VA_D02","VA_R01","donor","transplant","seed_swab",NA,NA,NA,NA,NA,NA,NA,NA,NA,NA,NA,"planned",NA,NA
"T0087_RES","T0087","VA_D02","VA_R01","recipient","transplant","sediment",NA,NA,NA,NA,NA,NA,NA,NA,NA,NA,NA,"planned",NA,NA
"T0087_FIN","T0087","VA_D02","VA_R01","final","harvest","rhizoplane",NA,NA,NA,NA,NA,NA,NA,NA,NA,NA,NA,"planned",NA,NA
"T0088_DON","T0088","VA_D02","VA_R01","donor","transplant","seed_swab",NA,NA,NA,NA,NA,NA,NA,NA,NA,NA,NA,"planned",NA,NA
"T0088_RES","T0088","VA_D02","VA_R01","recipient","transplant","sediment",NA,NA,NA,NA,NA,NA,NA,NA,NA,NA,NA,"planned",NA,NA
"T0088_FIN","T0088","VA_D02","VA_R01","final","harvest","rhizoplane",NA,NA,NA,NA,NA,NA,NA,NA,NA,NA,NA,"planned",NA,NA
"T0089_DON","T0089","VA_D02","VA_R01","donor","transplant","seed_swab",NA,NA,NA,NA,NA,NA,NA,NA,NA,NA,NA,"planned",NA,NA
"T0089_RES","T0089","VA_D02","VA_R01","recipient","transplant","sediment",NA,NA,NA,NA,NA,NA,NA,NA,NA,NA,NA,"planned",NA,NA
"T0089_FIN","T0089","VA_D02","VA_R01","final","harvest","rhizoplane",NA,NA,NA,NA,NA,NA,NA,NA,NA,NA,NA,"planned",NA,NA
"T0090_DON","T0090","VA_D02","VA_R01","donor","transplant","seed_swab",NA,NA,NA,NA,NA,NA,NA,NA,NA,NA,NA,"planned",NA,NA
"T0090_RES","T0090","VA_D02","VA_R01","recipient","transplant","sediment",NA,NA,NA,NA,NA,NA,NA,NA,NA,NA,NA,"planned",NA,NA
"T0090_FIN","T0090","VA_D02","VA_R01","final","harvest","rhizoplane",NA,NA,NA,NA,NA,NA,NA,NA,NA,NA,NA,"planned",NA,NA
"T0091_DON","T0091","VA_D02","VA_R01","donor","transplant","seed_swab",NA,NA,NA,NA,NA,NA,NA,NA,NA,NA,NA,"planned",NA,NA
"T0091_RES","T0091","VA_D02","VA_R01","recipient","transplant","sediment",NA,NA,NA,NA,NA,NA,NA,NA,NA,NA,NA,"planned",NA,NA
"T0091_FIN","T0091","VA_D02","VA_R01","final","harvest","rhizoplane",NA,NA,NA,NA,NA,NA,NA,NA,NA,NA,NA,"planned",NA,NA
"T0092_DON","T0092","VA_D02","VA_R01","donor","transplant","seed_swab",NA,NA,NA,NA,NA,NA,NA,NA,NA,NA,NA,"planned",NA,NA
"T0092_RES","T0092","VA_D02","VA_R01","recipient","transplant","sediment",NA,NA,NA,NA,NA,NA,NA,NA,NA,NA,NA,"planned",NA,NA
"T0092_FIN","T0092","VA_D02","VA_R01","final","harvest","rhizoplane",NA,NA,NA,NA,NA,NA,NA,NA,NA,NA,NA,"planned",NA,NA
"T0093_DON","T0093","VA_D02","VA_R01","donor","transplant","seed_swab",NA,NA,NA,NA,NA,NA,NA,NA,NA,NA,NA,"planned",NA,NA
"T0093_RES","T0093","VA_D02","VA_R01","recipient","transplant","sediment",NA,NA,NA,NA,NA,NA,NA,NA,NA,NA,NA,"planned",NA,NA
"T0093_FIN","T0093","VA_D02","VA_R01","final","harvest","rhizoplane",NA,NA,NA,NA,NA,NA,NA,NA,NA,NA,NA,"planned",NA,NA
"T0094_DON","T0094","VA_D02","VA_R01","donor","transplant","seed_swab",NA,NA,NA,NA,NA,NA,NA,NA,NA,NA,NA,"planned",NA,NA
"T0094_RES","T0094","VA_D02","VA_R01","recipient","transplant","sediment",NA,NA,NA,NA,NA,NA,NA,NA,NA,NA,NA,"planned",NA,NA
"T0094_FIN","T0094","VA_D02","VA_R01","final","harvest","rhizoplane",NA,NA,NA,NA,NA,NA,NA,NA,NA,NA,NA,"planned",NA,NA
"T0095_DON","T0095","VA_D02","VA_R01","donor","transplant","seed_swab",NA,NA,NA,NA,NA,NA,NA,NA,NA,NA,NA,"planned",NA,NA
"T0095_RES","T0095","VA_D02","VA_R01","recipient","transplant","sediment",NA,NA,NA,NA,NA,NA,NA,NA,NA,NA,NA,"planned",NA,NA
"T0095_FIN","T0095","VA_D02","VA_R01","final","harvest","rhizoplane",NA,NA,NA,NA,NA,NA,NA,NA,NA,NA,NA,"planned",NA,NA
"T0096_DON","T0096","VA_D02","VA_R01","donor","transplant","seed_swab",NA,NA,NA,NA,NA,NA,NA,NA,NA,NA,NA,"planned",NA,NA
"T0096_RES","T0096","VA_D02","VA_R01","recipient","transplant","sediment",NA,NA,NA,NA,NA,NA,NA,NA,NA,NA,NA,"planned",NA,NA
"T0096_FIN","T0096","VA_D02","VA_R01","final","harvest","rhizoplane",NA,NA,NA,NA,NA,NA,NA,NA,NA,NA,NA,"planned",NA,NA
"T0097_DON","T0097","VA_D02","VA_R01","donor","transplant","seed_swab",NA,NA,NA,NA,NA,NA,NA,NA,NA,NA,NA,"planned",NA,NA
"T0097_RES","T0097","VA_D02","VA_R01","recipient","transplant","sediment",NA,NA,NA,NA,NA,NA,NA,NA,NA,NA,NA,"planned",NA,NA
"T0097_FIN","T0097","VA_D02","VA_R01","final","harvest","rhizoplane",NA,NA,NA,NA,NA,NA,NA,NA,NA,NA,NA,"planned",NA,NA
"T0098_DON","T0098","VA_D02","VA_R01","donor","transplant","seed_swab",NA,NA,NA,NA,NA,NA,NA,NA,NA,NA,NA,"planned",NA,NA
"T0098_RES","T0098","VA_D02","VA_R01","recipient","transplant","sediment",NA,NA,NA,NA,NA,NA,NA,NA,NA,NA,NA,"planned",NA,NA
"T0098_FIN","T0098","VA_D02","VA_R01","final","harvest","rhizoplane",NA,NA,NA,NA,NA,NA,NA,NA,NA,NA,NA,"planned",NA,NA
"T0099_DON","T0099","VA_D02","VA_R01","donor","transplant","seed_swab",NA,NA,NA,NA,NA,NA,NA,NA,NA,NA,NA,"planned",NA,NA
"T0099_RES","T0099","VA_D02","VA_R01","recipient","transplant","sediment",NA,NA,NA,NA,NA,NA,NA,NA,NA,NA,NA,"planned",NA,NA
"T0099_FIN","T0099","VA_D02","VA_R01","final","harvest","rhizoplane",NA,NA,NA,NA,NA,NA,NA,NA,NA,NA,NA,"planned",NA,NA
"T0100_DON","T0100","VA_D02","VA_R01","donor","transplant","seed_swab",NA,NA,NA,NA,NA,NA,NA,NA,NA,NA,NA,"planned",NA,NA
"T0100_RES","T0100","VA_D02","VA_R01","recipient","transplant","sediment",NA,NA,NA,NA,NA,NA,NA,NA,NA,NA,NA,"planned",NA,NA
"T0100_FIN","T0100","VA_D02","VA_R01","final","harvest","rhizoplane",NA,NA,NA,NA,NA,NA,NA,NA,NA,NA,NA,"planned",NA,NA
"T0101_DON","T0101","VA_D02","VA_R01","donor","transplant","seed_swab",NA,NA,NA,NA,NA,NA,NA,NA,NA,NA,NA,"planned",NA,NA
"T0101_RES","T0101","VA_D02","VA_R01","recipient","transplant","sediment",NA,NA,NA,NA,NA,NA,NA,NA,NA,NA,NA,"planned",NA,NA
"T0101_FIN","T0101","VA_D02","VA_R01","final","harvest","rhizoplane",NA,NA,NA,NA,NA,NA,NA,NA,NA,NA,NA,"planned",NA,NA
"T0102_DON","T0102","VA_D02","VA_R01","donor","transplant","seed_swab",NA,NA,NA,NA,NA,NA,NA,NA,NA,NA,NA,"planned",NA,NA
"T0102_RES","T0102","VA_D02","VA_R01","recipient","transplant","sediment",NA,NA,NA,NA,NA,NA,NA,NA,NA,NA,NA,"planned",NA,NA
"T0102_FIN","T0102","VA_D02","VA_R01","final","harvest","rhizoplane",NA,NA,NA,NA,NA,NA,NA,NA,NA,NA,NA,"planned",NA,NA
"T0103_DON","T0103","VA_D02","VA_R01","donor","transplant","seed_swab",NA,NA,NA,NA,NA,NA,NA,NA,NA,NA,NA,"planned",NA,NA
"T0103_RES","T0103","VA_D02","VA_R01","recipient","transplant","sediment",NA,NA,NA,NA,NA,NA,NA,NA,NA,NA,NA,"planned",NA,NA
"T0103_FIN","T0103","VA_D02","VA_R01","final","harvest","rhizoplane",NA,NA,NA,NA,NA,NA,NA,NA,NA,NA,NA,"planned",NA,NA
"T0104_DON","T0104","VA_D02","VA_R01","donor","transplant","seed_swab",NA,NA,NA,NA,NA,NA,NA,NA,NA,NA,NA,"planned",NA,NA
"T0104_RES","T0104","VA_D02","VA_R01","recipient","transplant","sediment",NA,NA,NA,NA,NA,NA,NA,NA,NA,NA,NA,"planned",NA,NA
"T0104_FIN","T0104","VA_D02","VA_R01","final","harvest","rhizoplane",NA,NA,NA,NA,NA,NA,NA,NA,NA,NA,NA,"planned",NA,NA
"T0105_DON","T0105","VA_D02","VA_R01","donor","transplant","seed_swab",NA,NA,NA,NA,NA,NA,NA,NA,NA,NA,NA,"planned",NA,NA
"T0105_RES","T0105","VA_D02","VA_R01","recipient","transplant","sediment",NA,NA,NA,NA,NA,NA,NA,NA,NA,NA,NA,"planned",NA,NA
"T0105_FIN","T0105","VA_D02","VA_R01","final","harvest","rhizoplane",NA,NA,NA,NA,NA,NA,NA,NA,NA,NA,NA,"planned",NA,NA
"T0106_DON","T0106","VA_D02","NH_R01","donor","transplant","seed_swab",NA,NA,NA,NA,NA,NA,NA,NA,NA,NA,NA,"planned",NA,NA
"T0106_RES","T0106","VA_D02","NH_R01","recipient","transplant","sediment",NA,NA,NA,NA,NA,NA,NA,NA,NA,NA,NA,"planned",NA,NA
"T0106_FIN","T0106","VA_D02","NH_R01","final","harvest","rhizoplane",NA,NA,NA,NA,NA,NA,NA,NA,NA,NA,NA,"planned",NA,NA
"T0107_DON","T0107","VA_D02","NH_R01","donor","transplant","seed_swab",NA,NA,NA,NA,NA,NA,NA,NA,NA,NA,NA,"planned",NA,NA
"T0107_RES","T0107","VA_D02","NH_R01","recipient","transplant","sediment",NA,NA,NA,NA,NA,NA,NA,NA,NA,NA,NA,"planned",NA,NA
"T0107_FIN","T0107","VA_D02","NH_R01","final","harvest","rhizoplane",NA,NA,NA,NA,NA,NA,NA,NA,NA,NA,NA,"planned",NA,NA
"T0108_DON","T0108","VA_D02","NH_R01","donor","transplant","seed_swab",NA,NA,NA,NA,NA,NA,NA,NA,NA,NA,NA,"planned",NA,NA
"T0108_RES","T0108","VA_D02","NH_R01","recipient","transplant","sediment",NA,NA,NA,NA,NA,NA,NA,NA,NA,NA,NA,"planned",NA,NA
"T0108_FIN","T0108","VA_D02","NH_R01","final","harvest","rhizoplane",NA,NA,NA,NA,NA,NA,NA,NA,NA,NA,NA,"planned",NA,NA
"T0109_DON","T0109","VA_D02","NH_R01","donor","transplant","seed_swab",NA,NA,NA,NA,NA,NA,NA,NA,NA,NA,NA,"planned",NA,NA
"T0109_RES","T0109","VA_D02","NH_R01","recipient","transplant","sediment",NA,NA,NA,NA,NA,NA,NA,NA,NA,NA,NA,"planned",NA,NA
"T0109_FIN","T0109","VA_D02","NH_R01","final","harvest","rhizoplane",NA,NA,NA,NA,NA,NA,NA,NA,NA,NA,NA,"planned",NA,NA
"T0110_DON","T0110","VA_D02","NH_R01","donor","transplant","seed_swab",NA,NA,NA,NA,NA,NA,NA,NA,NA,NA,NA,"planned",NA,NA
"T0110_RES","T0110","VA_D02","NH_R01","recipient","transplant","sediment",NA,NA,NA,NA,NA,NA,NA,NA,NA,NA,NA,"planned",NA,NA
"T0110_FIN","T0110","VA_D02","NH_R01","final","harvest","rhizoplane",NA,NA,NA,NA,NA,NA,NA,NA,NA,NA,NA,"planned",NA,NA
"T0111_DON","T0111","VA_D02","NH_R01","donor","transplant","seed_swab",NA,NA,NA,NA,NA,NA,NA,NA,NA,NA,NA,"planned",NA,NA
"T0111_RES","T0111","VA_D02","NH_R01","recipient","transplant","sediment",NA,NA,NA,NA,NA,NA,NA,NA,NA,NA,NA,"planned",NA,NA
"T0111_FIN","T0111","VA_D02","NH_R01","final","harvest","rhizoplane",NA,NA,NA,NA,NA,NA,NA,NA,NA,NA,NA,"planned",NA,NA
"T0112_DON","T0112","VA_D02","NH_R01","donor","transplant","seed_swab",NA,NA,NA,NA,NA,NA,NA,NA,NA,NA,NA,"planned",NA,NA
"T0112_RES","T0112","VA_D02","NH_R01","recipient","transplant","sediment",NA,NA,NA,NA,NA,NA,NA,NA,NA,NA,NA,"planned",NA,NA
"T0112_FIN","T0112","VA_D02","NH_R01","final","harvest","rhizoplane",NA,NA,NA,NA,NA,NA,NA,NA,NA,NA,NA,"planned",NA,NA
"T0113_DON","T0113","VA_D02","NH_R01","donor","transplant","seed_swab",NA,NA,NA,NA,NA,NA,NA,NA,NA,NA,NA,"planned",NA,NA
"T0113_RES","T0113","VA_D02","NH_R01","recipient","transplant","sediment",NA,NA,NA,NA,NA,NA,NA,NA,NA,NA,NA,"planned",NA,NA
"T0113_FIN","T0113","VA_D02","NH_R01","final","harvest","rhizoplane",NA,NA,NA,NA,NA,NA,NA,NA,NA,NA,NA,"planned",NA,NA
"T0114_DON","T0114","VA_D02","NH_R01","donor","transplant","seed_swab",NA,NA,NA,NA,NA,NA,NA,NA,NA,NA,NA,"planned",NA,NA
"T0114_RES","T0114","VA_D02","NH_R01","recipient","transplant","sediment",NA,NA,NA,NA,NA,NA,NA,NA,NA,NA,NA,"planned",NA,NA
"T0114_FIN","T0114","VA_D02","NH_R01","final","harvest","rhizoplane",NA,NA,NA,NA,NA,NA,NA,NA,NA,NA,NA,"planned",NA,NA
"T0115_DON","T0115","VA_D02","NH_R01","donor","transplant","seed_swab",NA,NA,NA,NA,NA,NA,NA,NA,NA,NA,NA,"planned",NA,NA
"T0115_RES","T0115","VA_D02","NH_R01","recipient","transplant","sediment",NA,NA,NA,NA,NA,NA,NA,NA,NA,NA,NA,"planned",NA,NA
"T0115_FIN","T0115","VA_D02","NH_R01","final","harvest","rhizoplane",NA,NA,NA,NA,NA,NA,NA,NA,NA,NA,NA,"planned",NA,NA
"T0116_DON","T0116","VA_D02","NH_R01","donor","transplant","seed_swab",NA,NA,NA,NA,NA,NA,NA,NA,NA,NA,NA,"planned",NA,NA
"T0116_RES","T0116","VA_D02","NH_R01","recipient","transplant","sediment",NA,NA,NA,NA,NA,NA,NA,NA,NA,NA,NA,"planned",NA,NA
"T0116_FIN","T0116","VA_D02","NH_R01","final","harvest","rhizoplane",NA,NA,NA,NA,NA,NA,NA,NA,NA,NA,NA,"planned",NA,NA
"T0117_DON","T0117","VA_D02","NH_R01","donor","transplant","seed_swab",NA,NA,NA,NA,NA,NA,NA,NA,NA,NA,NA,"planned",NA,NA
"T0117_RES","T0117","VA_D02","NH_R01","recipient","transplant","sediment",NA,NA,NA,NA,NA,NA,NA,NA,NA,NA,NA,"planned",NA,NA
"T0117_FIN","T0117","VA_D02","NH_R01","final","harvest","rhizoplane",NA,NA,NA,NA,NA,NA,NA,NA,NA,NA,NA,"planned",NA,NA
"T0118_DON","T0118","VA_D02","NH_R01","donor","transplant","seed_swab",NA,NA,NA,NA,NA,NA,NA,NA,NA,NA,NA,"planned",NA,NA
"T0118_RES","T0118","VA_D02","NH_R01","recipient","transplant","sediment",NA,NA,NA,NA,NA,NA,NA,NA,NA,NA,NA,"planned",NA,NA
"T0118_FIN","T0118","VA_D02","NH_R01","final","harvest","rhizoplane",NA,NA,NA,NA,NA,NA,NA,NA,NA,NA,NA,"planned",NA,NA
"T0119_DON","T0119","VA_D02","NH_R01","donor","transplant","seed_swab",NA,NA,NA,NA,NA,NA,NA,NA,NA,NA,NA,"planned",NA,NA
"T0119_RES","T0119","VA_D02","NH_R01","recipient","transplant","sediment",NA,NA,NA,NA,NA,NA,NA,NA,NA,NA,NA,"planned",NA,NA
"T0119_FIN","T0119","VA_D02","NH_R01","final","harvest","rhizoplane",NA,NA,NA,NA,NA,NA,NA,NA,NA,NA,NA,"planned",NA,NA
"T0120_DON","T0120","VA_D02","NH_R01","donor","transplant","seed_swab",NA,NA,NA,NA,NA,NA,NA,NA,NA,NA,NA,"planned",NA,NA
"T0120_RES","T0120","VA_D02","NH_R01","recipient","transplant","sediment",NA,NA,NA,NA,NA,NA,NA,NA,NA,NA,NA,"planned",NA,NA
"T0120_FIN","T0120","VA_D02","NH_R01","final","harvest","rhizoplane",NA,NA,NA,NA,NA,NA,NA,NA,NA,NA,NA,"planned",NA,NA
"T0121_DON","T0121","VA_D02","NH_R01","donor","transplant","seed_swab",NA,NA,NA,NA,NA,NA,NA,NA,NA,NA,NA,"planned",NA,NA
"T0121_RES","T0121","VA_D02","NH_R01","recipient","transplant","sediment",NA,NA,NA,NA,NA,NA,NA,NA,NA,NA,NA,"planned",NA,NA
"T0121_FIN","T0121","VA_D02","NH_R01","final","harvest","rhizoplane",NA,NA,NA,NA,NA,NA,NA,NA,NA,NA,NA,"planned",NA,NA
"T0122_DON","T0122","VA_D02","NH_R01","donor","transplant","seed_swab",NA,NA,NA,NA,NA,NA,NA,NA,NA,NA,NA,"planned",NA,NA
"T0122_RES","T0122","VA_D02","NH_R01","recipient","transplant","sediment",NA,NA,NA,NA,NA,NA,NA,NA,NA,NA,NA,"planned",NA,NA
"T0122_FIN","T0122","VA_D02","NH_R01","final","harvest","rhizoplane",NA,NA,NA,NA,NA,NA,NA,NA,NA,NA,NA,"planned",NA,NA
"T0123_DON","T0123","VA_D02","NH_R01","donor","transplant","seed_swab",NA,NA,NA,NA,NA,NA,NA,NA,NA,NA,NA,"planned",NA,NA
"T0123_RES","T0123","VA_D02","NH_R01","recipient","transplant","sediment",NA,NA,NA,NA,NA,NA,NA,NA,NA,NA,NA,"planned",NA,NA
"T0123_FIN","T0123","VA_D02","NH_R01","final","harvest","rhizoplane",NA,NA,NA,NA,NA,NA,NA,NA,NA,NA,NA,"planned",NA,NA
"T0124_DON","T0124","VA_D02","NH_R01","donor","transplant","seed_swab",NA,NA,NA,NA,NA,NA,NA,NA,NA,NA,NA,"planned",NA,NA
"T0124_RES","T0124","VA_D02","NH_R01","recipient","transplant","sediment",NA,NA,NA,NA,NA,NA,NA,NA,NA,NA,NA,"planned",NA,NA
"T0124_FIN","T0124","VA_D02","NH_R01","final","harvest","rhizoplane",NA,NA,NA,NA,NA,NA,NA,NA,NA,NA,NA,"planned",NA,NA
"T0125_DON","T0125","VA_D02","NH_R01","donor","transplant","seed_swab",NA,NA,NA,NA,NA,NA,NA,NA,NA,NA,NA,"planned",NA,NA
"T0125_RES","T0125","VA_D02","NH_R01","recipient","transplant","sediment",NA,NA,NA,NA,NA,NA,NA,NA,NA,NA,NA,"planned",NA,NA
"T0125_FIN","T0125","VA_D02","NH_R01","final","harvest","rhizoplane",NA,NA,NA,NA,NA,NA,NA,NA,NA,NA,NA,"planned",NA,NA
"T0126_DON","T0126","VA_D02","NH_R01","donor","transplant","seed_swab",NA,NA,NA,NA,NA,NA,NA,NA,NA,NA,NA,"planned",NA,NA
"T0126_RES","T0126","VA_D02","NH_R01","recipient","transplant","sediment",NA,NA,NA,NA,NA,NA,NA,NA,NA,NA,NA,"planned",NA,NA
"T0126_FIN","T0126","VA_D02","NH_R01","final","harvest","rhizoplane",NA,NA,NA,NA,NA,NA,NA,NA,NA,NA,NA,"planned",NA,NA
"T0127_DON","T0127","VA_D02","NH_R01","donor","transplant","seed_swab",NA,NA,NA,NA,NA,NA,NA,NA,NA,NA,NA,"planned",NA,NA
"T0127_RES","T0127","VA_D02","NH_R01","recipient","transplant","sediment",NA,NA,NA,NA,NA,NA,NA,NA,NA,NA,NA,"planned",NA,NA
"T0127_FIN","T0127","VA_D02","NH_R01","final","harvest","rhizoplane",NA,NA,NA,NA,NA,NA,NA,NA,NA,NA,NA,"planned",NA,NA
"T0128_DON","T0128","VA_D02","NH_R01","donor","transplant","seed_swab",NA,NA,NA,NA,NA,NA,NA,NA,NA,NA,NA,"planned",NA,NA
"T0128_RES","T0128","VA_D02","NH_R01","recipient","transplant","sediment",NA,NA,NA,NA,NA,NA,NA,NA,NA,NA,NA,"planned",NA,NA
"T0128_FIN","T0128","VA_D02","NH_R01","final","harvest","rhizoplane",NA,NA,NA,NA,NA,NA,NA,NA,NA,NA,NA,"planned",NA,NA
"T0129_DON","T0129","VA_D02","NH_R01","donor","transplant","seed_swab",NA,NA,NA,NA,NA,NA,NA,NA,NA,NA,NA,"planned",NA,NA
"T0129_RES","T0129","VA_D02","NH_R01","recipient","transplant","sediment",NA,NA,NA,NA,NA,NA,NA,NA,NA,NA,NA,"planned",NA,NA
"T0129_FIN","T0129","VA_D02","NH_R01","final","harvest","rhizoplane",NA,NA,NA,NA,NA,NA,NA,NA,NA,NA,NA,"planned",NA,NA
"T0130_DON","T0130","VA_D02","NH_R01","donor","transplant","seed_swab",NA,NA,NA,NA,NA,NA,NA,NA,NA,NA,NA,"planned",NA,NA
"T0130_RES","T0130","VA_D02","NH_R01","recipient","transplant","sediment",NA,NA,NA,NA,NA,NA,NA,NA,NA,NA,NA,"planned",NA,NA
"T0130_FIN","T0130","VA_D02","NH_R01","final","harvest","rhizoplane",NA,NA,NA,NA,NA,NA,NA,NA,NA,NA,NA,"planned",NA,NA
"T0131_DON","T0131","VA_D02","NH_R01","donor","transplant","seed_swab",NA,NA,NA,NA,NA,NA,NA,NA,NA,NA,NA,"planned",NA,NA
"T0131_RES","T0131","VA_D02","NH_R01","recipient","transplant","sediment",NA,NA,NA,NA,NA,NA,NA,NA,NA,NA,NA,"planned",NA,NA
"T0131_FIN","T0131","VA_D02","NH_R01","final","harvest","rhizoplane",NA,NA,NA,NA,NA,NA,NA,NA,NA,NA,NA,"planned",NA,NA
"T0132_DON","T0132","VA_D02","NH_R01","donor","transplant","seed_swab",NA,NA,NA,NA,NA,NA,NA,NA,NA,NA,NA,"planned",NA,NA
"T0132_RES","T0132","VA_D02","NH_R01","recipient","transplant","sediment",NA,NA,NA,NA,NA,NA,NA,NA,NA,NA,NA,"planned",NA,NA
"T0132_FIN","T0132","VA_D02","NH_R01","final","harvest","rhizoplane",NA,NA,NA,NA,NA,NA,NA,NA,NA,NA,NA,"planned",NA,NA
"T0133_DON","T0133","VA_D02","NH_R01","donor","transplant","seed_swab",NA,NA,NA,NA,NA,NA,NA,NA,NA,NA,NA,"planned",NA,NA
"T0133_RES","T0133","VA_D02","NH_R01","recipient","transplant","sediment",NA,NA,NA,NA,NA,NA,NA,NA,NA,NA,NA,"planned",NA,NA
"T0133_FIN","T0133","VA_D02","NH_R01","final","harvest","rhizoplane",NA,NA,NA,NA,NA,NA,NA,NA,NA,NA,NA,"planned",NA,NA
"T0134_DON","T0134","VA_D02","NH_R01","donor","transplant","seed_swab",NA,NA,NA,NA,NA,NA,NA,NA,NA,NA,NA,"planned",NA,NA
"T0134_RES","T0134","VA_D02","NH_R01","recipient","transplant","sediment",NA,NA,NA,NA,NA,NA,NA,NA,NA,NA,NA,"planned",NA,NA
"T0134_FIN","T0134","VA_D02","NH_R01","final","harvest","rhizoplane",NA,NA,NA,NA,NA,NA,NA,NA,NA,NA,NA,"planned",NA,NA
"T0135_DON","T0135","VA_D02","NH_R01","donor","transplant","seed_swab",NA,NA,NA,NA,NA,NA,NA,NA,NA,NA,NA,"planned",NA,NA
"T0135_RES","T0135","VA_D02","NH_R01","recipient","transplant","sediment",NA,NA,NA,NA,NA,NA,NA,NA,NA,NA,NA,"planned",NA,NA
"T0135_FIN","T0135","VA_D02","NH_R01","final","harvest","rhizoplane",NA,NA,NA,NA,NA,NA,NA,NA,NA,NA,NA,"planned",NA,NA
"T0136_DON","T0136","VA_D02","NH_R01","donor","transplant","seed_swab",NA,NA,NA,NA,NA,NA,NA,NA,NA,NA,NA,"planned",NA,NA
"T0136_RES","T0136","VA_D02","NH_R01","recipient","transplant","sediment",NA,NA,NA,NA,NA,NA,NA,NA,NA,NA,NA,"planned",NA,NA
"T0136_FIN","T0136","VA_D02","NH_R01","final","harvest","rhizoplane",NA,NA,NA,NA,NA,NA,NA,NA,NA,NA,NA,"planned",NA,NA
"T0137_DON","T0137","VA_D02","NH_R01","donor","transplant","seed_swab",NA,NA,NA,NA,NA,NA,NA,NA,NA,NA,NA,"planned",NA,NA
"T0137_RES","T0137","VA_D02","NH_R01","recipient","transplant","sediment",NA,NA,NA,NA,NA,NA,NA,NA,NA,NA,NA,"planned",NA,NA
"T0137_FIN","T0137","VA_D02","NH_R01","final","harvest","rhizoplane",NA,NA,NA,NA,NA,NA,NA,NA,NA,NA,NA,"planned",NA,NA
"T0138_DON","T0138","VA_D02","NH_R01","donor","transplant","seed_swab",NA,NA,NA,NA,NA,NA,NA,NA,NA,NA,NA,"planned",NA,NA
"T0138_RES","T0138","VA_D02","NH_R01","recipient","transplant","sediment",NA,NA,NA,NA,NA,NA,NA,NA,NA,NA,NA,"planned",NA,NA
"T0138_FIN","T0138","VA_D02","NH_R01","final","harvest","rhizoplane",NA,NA,NA,NA,NA,NA,NA,NA,NA,NA,NA,"planned",NA,NA
"T0139_DON","T0139","VA_D02","NH_R01","donor","transplant","seed_swab",NA,NA,NA,NA,NA,NA,NA,NA,NA,NA,NA,"planned",NA,NA
"T0139_RES","T0139","VA_D02","NH_R01","recipient","transplant","sediment",NA,NA,NA,NA,NA,NA,NA,NA,NA,NA,NA,"planned",NA,NA
"T0139_FIN","T0139","VA_D02","NH_R01","final","harvest","rhizoplane",NA,NA,NA,NA,NA,NA,NA,NA,NA,NA,NA,"planned",NA,NA
"T0140_DON","T0140","VA_D02","NH_R01","donor","transplant","seed_swab",NA,NA,NA,NA,NA,NA,NA,NA,NA,NA,NA,"planned",NA,NA
"T0140_RES","T0140","VA_D02","NH_R01","recipient","transplant","sediment",NA,NA,NA,NA,NA,NA,NA,NA,NA,NA,NA,"planned",NA,NA
"T0140_FIN","T0140","VA_D02","NH_R01","final","harvest","rhizoplane",NA,NA,NA,NA,NA,NA,NA,NA,NA,NA,NA,"planned",NA,NA
"T0141_DON","T0141","VA_D03","VA_R01","donor","transplant","seed_swab",NA,NA,NA,NA,NA,NA,NA,NA,NA,NA,NA,"planned",NA,NA
"T0141_RES","T0141","VA_D03","VA_R01","recipient","transplant","sediment",NA,NA,NA,NA,NA,NA,NA,NA,NA,NA,NA,"planned",NA,NA
"T0141_FIN","T0141","VA_D03","VA_R01","final","harvest","rhizoplane",NA,NA,NA,NA,NA,NA,NA,NA,NA,NA,NA,"planned",NA,NA
"T0142_DON","T0142","VA_D03","VA_R01","donor","transplant","seed_swab",NA,NA,NA,NA,NA,NA,NA,NA,NA,NA,NA,"planned",NA,NA
"T0142_RES","T0142","VA_D03","VA_R01","recipient","transplant","sediment",NA,NA,NA,NA,NA,NA,NA,NA,NA,NA,NA,"planned",NA,NA
"T0142_FIN","T0142","VA_D03","VA_R01","final","harvest","rhizoplane",NA,NA,NA,NA,NA,NA,NA,NA,NA,NA,NA,"planned",NA,NA
"T0143_DON","T0143","VA_D03","VA_R01","donor","transplant","seed_swab",NA,NA,NA,NA,NA,NA,NA,NA,NA,NA,NA,"planned",NA,NA
"T0143_RES","T0143","VA_D03","VA_R01","recipient","transplant","sediment",NA,NA,NA,NA,NA,NA,NA,NA,NA,NA,NA,"planned",NA,NA
"T0143_FIN","T0143","VA_D03","VA_R01","final","harvest","rhizoplane",NA,NA,NA,NA,NA,NA,NA,NA,NA,NA,NA,"planned",NA,NA
"T0144_DON","T0144","VA_D03","VA_R01","donor","transplant","seed_swab",NA,NA,NA,NA,NA,NA,NA,NA,NA,NA,NA,"planned",NA,NA
"T0144_RES","T0144","VA_D03","VA_R01","recipient","transplant","sediment",NA,NA,NA,NA,NA,NA,NA,NA,NA,NA,NA,"planned",NA,NA
"T0144_FIN","T0144","VA_D03","VA_R01","final","harvest","rhizoplane",NA,NA,NA,NA,NA,NA,NA,NA,NA,NA,NA,"planned",NA,NA
"T0145_DON","T0145","VA_D03","VA_R01","donor","transplant","seed_swab",NA,NA,NA,NA,NA,NA,NA,NA,NA,NA,NA,"planned",NA,NA
"T0145_RES","T0145","VA_D03","VA_R01","recipient","transplant","sediment",NA,NA,NA,NA,NA,NA,NA,NA,NA,NA,NA,"planned",NA,NA
"T0145_FIN","T0145","VA_D03","VA_R01","final","harvest","rhizoplane",NA,NA,NA,NA,NA,NA,NA,NA,NA,NA,NA,"planned",NA,NA
"T0146_DON","T0146","VA_D03","VA_R01","donor","transplant","seed_swab",NA,NA,NA,NA,NA,NA,NA,NA,NA,NA,NA,"planned",NA,NA
"T0146_RES","T0146","VA_D03","VA_R01","recipient","transplant","sediment",NA,NA,NA,NA,NA,NA,NA,NA,NA,NA,NA,"planned",NA,NA
"T0146_FIN","T0146","VA_D03","VA_R01","final","harvest","rhizoplane",NA,NA,NA,NA,NA,NA,NA,NA,NA,NA,NA,"planned",NA,NA
"T0147_DON","T0147","VA_D03","VA_R01","donor","transplant","seed_swab",NA,NA,NA,NA,NA,NA,NA,NA,NA,NA,NA,"planned",NA,NA
"T0147_RES","T0147","VA_D03","VA_R01","recipient","transplant","sediment",NA,NA,NA,NA,NA,NA,NA,NA,NA,NA,NA,"planned",NA,NA
"T0147_FIN","T0147","VA_D03","VA_R01","final","harvest","rhizoplane",NA,NA,NA,NA,NA,NA,NA,NA,NA,NA,NA,"planned",NA,NA
"T0148_DON","T0148","VA_D03","VA_R01","donor","transplant","seed_swab",NA,NA,NA,NA,NA,NA,NA,NA,NA,NA,NA,"planned",NA,NA
"T0148_RES","T0148","VA_D03","VA_R01","recipient","transplant","sediment",NA,NA,NA,NA,NA,NA,NA,NA,NA,NA,NA,"planned",NA,NA
"T0148_FIN","T0148","VA_D03","VA_R01","final","harvest","rhizoplane",NA,NA,NA,NA,NA,NA,NA,NA,NA,NA,NA,"planned",NA,NA
"T0149_DON","T0149","VA_D03","VA_R01","donor","transplant","seed_swab",NA,NA,NA,NA,NA,NA,NA,NA,NA,NA,NA,"planned",NA,NA
"T0149_RES","T0149","VA_D03","VA_R01","recipient","transplant","sediment",NA,NA,NA,NA,NA,NA,NA,NA,NA,NA,NA,"planned",NA,NA
"T0149_FIN","T0149","VA_D03","VA_R01","final","harvest","rhizoplane",NA,NA,NA,NA,NA,NA,NA,NA,NA,NA,NA,"planned",NA,NA
"T0150_DON","T0150","VA_D03","VA_R01","donor","transplant","seed_swab",NA,NA,NA,NA,NA,NA,NA,NA,NA,NA,NA,"planned",NA,NA
"T0150_RES","T0150","VA_D03","VA_R01","recipient","transplant","sediment",NA,NA,NA,NA,NA,NA,NA,NA,NA,NA,NA,"planned",NA,NA
"T0150_FIN","T0150","VA_D03","VA_R01","final","harvest","rhizoplane",NA,NA,NA,NA,NA,NA,NA,NA,NA,NA,NA,"planned",NA,NA
"T0151_DON","T0151","VA_D03","VA_R01","donor","transplant","seed_swab",NA,NA,NA,NA,NA,NA,NA,NA,NA,NA,NA,"planned",NA,NA
"T0151_RES","T0151","VA_D03","VA_R01","recipient","transplant","sediment",NA,NA,NA,NA,NA,NA,NA,NA,NA,NA,NA,"planned",NA,NA
"T0151_FIN","T0151","VA_D03","VA_R01","final","harvest","rhizoplane",NA,NA,NA,NA,NA,NA,NA,NA,NA,NA,NA,"planned",NA,NA
"T0152_DON","T0152","VA_D03","VA_R01","donor","transplant","seed_swab",NA,NA,NA,NA,NA,NA,NA,NA,NA,NA,NA,"planned",NA,NA
"T0152_RES","T0152","VA_D03","VA_R01","recipient","transplant","sediment",NA,NA,NA,NA,NA,NA,NA,NA,NA,NA,NA,"planned",NA,NA
"T0152_FIN","T0152","VA_D03","VA_R01","final","harvest","rhizoplane",NA,NA,NA,NA,NA,NA,NA,NA,NA,NA,NA,"planned",NA,NA
"T0153_DON","T0153","VA_D03","VA_R01","donor","transplant","seed_swab",NA,NA,NA,NA,NA,NA,NA,NA,NA,NA,NA,"planned",NA,NA
"T0153_RES","T0153","VA_D03","VA_R01","recipient","transplant","sediment",NA,NA,NA,NA,NA,NA,NA,NA,NA,NA,NA,"planned",NA,NA
"T0153_FIN","T0153","VA_D03","VA_R01","final","harvest","rhizoplane",NA,NA,NA,NA,NA,NA,NA,NA,NA,NA,NA,"planned",NA,NA
"T0154_DON","T0154","VA_D03","VA_R01","donor","transplant","seed_swab",NA,NA,NA,NA,NA,NA,NA,NA,NA,NA,NA,"planned",NA,NA
"T0154_RES","T0154","VA_D03","VA_R01","recipient","transplant","sediment",NA,NA,NA,NA,NA,NA,NA,NA,NA,NA,NA,"planned",NA,NA
"T0154_FIN","T0154","VA_D03","VA_R01","final","harvest","rhizoplane",NA,NA,NA,NA,NA,NA,NA,NA,NA,NA,NA,"planned",NA,NA
"T0155_DON","T0155","VA_D03","VA_R01","donor","transplant","seed_swab",NA,NA,NA,NA,NA,NA,NA,NA,NA,NA,NA,"planned",NA,NA
"T0155_RES","T0155","VA_D03","VA_R01","recipient","transplant","sediment",NA,NA,NA,NA,NA,NA,NA,NA,NA,NA,NA,"planned",NA,NA
"T0155_FIN","T0155","VA_D03","VA_R01","final","harvest","rhizoplane",NA,NA,NA,NA,NA,NA,NA,NA,NA,NA,NA,"planned",NA,NA
"T0156_DON","T0156","VA_D03","VA_R01","donor","transplant","seed_swab",NA,NA,NA,NA,NA,NA,NA,NA,NA,NA,NA,"planned",NA,NA
"T0156_RES","T0156","VA_D03","VA_R01","recipient","transplant","sediment",NA,NA,NA,NA,NA,NA,NA,NA,NA,NA,NA,"planned",NA,NA
"T0156_FIN","T0156","VA_D03","VA_R01","final","harvest","rhizoplane",NA,NA,NA,NA,NA,NA,NA,NA,NA,NA,NA,"planned",NA,NA
"T0157_DON","T0157","VA_D03","VA_R01","donor","transplant","seed_swab",NA,NA,NA,NA,NA,NA,NA,NA,NA,NA,NA,"planned",NA,NA
"T0157_RES","T0157","VA_D03","VA_R01","recipient","transplant","sediment",NA,NA,NA,NA,NA,NA,NA,NA,NA,NA,NA,"planned",NA,NA
"T0157_FIN","T0157","VA_D03","VA_R01","final","harvest","rhizoplane",NA,NA,NA,NA,NA,NA,NA,NA,NA,NA,NA,"planned",NA,NA
"T0158_DON","T0158","VA_D03","VA_R01","donor","transplant","seed_swab",NA,NA,NA,NA,NA,NA,NA,NA,NA,NA,NA,"planned",NA,NA
"T0158_RES","T0158","VA_D03","VA_R01","recipient","transplant","sediment",NA,NA,NA,NA,NA,NA,NA,NA,NA,NA,NA,"planned",NA,NA
"T0158_FIN","T0158","VA_D03","VA_R01","final","harvest","rhizoplane",NA,NA,NA,NA,NA,NA,NA,NA,NA,NA,NA,"planned",NA,NA
"T0159_DON","T0159","VA_D03","VA_R01","donor","transplant","seed_swab",NA,NA,NA,NA,NA,NA,NA,NA,NA,NA,NA,"planned",NA,NA
"T0159_RES","T0159","VA_D03","VA_R01","recipient","transplant","sediment",NA,NA,NA,NA,NA,NA,NA,NA,NA,NA,NA,"planned",NA,NA
"T0159_FIN","T0159","VA_D03","VA_R01","final","harvest","rhizoplane",NA,NA,NA,NA,NA,NA,NA,NA,NA,NA,NA,"planned",NA,NA
"T0160_DON","T0160","VA_D03","VA_R01","donor","transplant","seed_swab",NA,NA,NA,NA,NA,NA,NA,NA,NA,NA,NA,"planned",NA,NA
"T0160_RES","T0160","VA_D03","VA_R01","recipient","transplant","sediment",NA,NA,NA,NA,NA,NA,NA,NA,NA,NA,NA,"planned",NA,NA
"T0160_FIN","T0160","VA_D03","VA_R01","final","harvest","rhizoplane",NA,NA,NA,NA,NA,NA,NA,NA,NA,NA,NA,"planned",NA,NA
"T0161_DON","T0161","VA_D03","VA_R01","donor","transplant","seed_swab",NA,NA,NA,NA,NA,NA,NA,NA,NA,NA,NA,"planned",NA,NA
"T0161_RES","T0161","VA_D03","VA_R01","recipient","transplant","sediment",NA,NA,NA,NA,NA,NA,NA,NA,NA,NA,NA,"planned",NA,NA
"T0161_FIN","T0161","VA_D03","VA_R01","final","harvest","rhizoplane",NA,NA,NA,NA,NA,NA,NA,NA,NA,NA,NA,"planned",NA,NA
"T0162_DON","T0162","VA_D03","VA_R01","donor","transplant","seed_swab",NA,NA,NA,NA,NA,NA,NA,NA,NA,NA,NA,"planned",NA,NA
"T0162_RES","T0162","VA_D03","VA_R01","recipient","transplant","sediment",NA,NA,NA,NA,NA,NA,NA,NA,NA,NA,NA,"planned",NA,NA
"T0162_FIN","T0162","VA_D03","VA_R01","final","harvest","rhizoplane",NA,NA,NA,NA,NA,NA,NA,NA,NA,NA,NA,"planned",NA,NA
"T0163_DON","T0163","VA_D03","VA_R01","donor","transplant","seed_swab",NA,NA,NA,NA,NA,NA,NA,NA,NA,NA,NA,"planned",NA,NA
"T0163_RES","T0163","VA_D03","VA_R01","recipient","transplant","sediment",NA,NA,NA,NA,NA,NA,NA,NA,NA,NA,NA,"planned",NA,NA
"T0163_FIN","T0163","VA_D03","VA_R01","final","harvest","rhizoplane",NA,NA,NA,NA,NA,NA,NA,NA,NA,NA,NA,"planned",NA,NA
"T0164_DON","T0164","VA_D03","VA_R01","donor","transplant","seed_swab",NA,NA,NA,NA,NA,NA,NA,NA,NA,NA,NA,"planned",NA,NA
"T0164_RES","T0164","VA_D03","VA_R01","recipient","transplant","sediment",NA,NA,NA,NA,NA,NA,NA,NA,NA,NA,NA,"planned",NA,NA
"T0164_FIN","T0164","VA_D03","VA_R01","final","harvest","rhizoplane",NA,NA,NA,NA,NA,NA,NA,NA,NA,NA,NA,"planned",NA,NA
"T0165_DON","T0165","VA_D03","VA_R01","donor","transplant","seed_swab",NA,NA,NA,NA,NA,NA,NA,NA,NA,NA,NA,"planned",NA,NA
"T0165_RES","T0165","VA_D03","VA_R01","recipient","transplant","sediment",NA,NA,NA,NA,NA,NA,NA,NA,NA,NA,NA,"planned",NA,NA
"T0165_FIN","T0165","VA_D03","VA_R01","final","harvest","rhizoplane",NA,NA,NA,NA,NA,NA,NA,NA,NA,NA,NA,"planned",NA,NA
"T0166_DON","T0166","VA_D03","VA_R01","donor","transplant","seed_swab",NA,NA,NA,NA,NA,NA,NA,NA,NA,NA,NA,"planned",NA,NA
"T0166_RES","T0166","VA_D03","VA_R01","recipient","transplant","sediment",NA,NA,NA,NA,NA,NA,NA,NA,NA,NA,NA,"planned",NA,NA
"T0166_FIN","T0166","VA_D03","VA_R01","final","harvest","rhizoplane",NA,NA,NA,NA,NA,NA,NA,NA,NA,NA,NA,"planned",NA,NA
"T0167_DON","T0167","VA_D03","VA_R01","donor","transplant","seed_swab",NA,NA,NA,NA,NA,NA,NA,NA,NA,NA,NA,"planned",NA,NA
"T0167_RES","T0167","VA_D03","VA_R01","recipient","transplant","sediment",NA,NA,NA,NA,NA,NA,NA,NA,NA,NA,NA,"planned",NA,NA
"T0167_FIN","T0167","VA_D03","VA_R01","final","harvest","rhizoplane",NA,NA,NA,NA,NA,NA,NA,NA,NA,NA,NA,"planned",NA,NA
"T0168_DON","T0168","VA_D03","VA_R01","donor","transplant","seed_swab",NA,NA,NA,NA,NA,NA,NA,NA,NA,NA,NA,"planned",NA,NA
"T0168_RES","T0168","VA_D03","VA_R01","recipient","transplant","sediment",NA,NA,NA,NA,NA,NA,NA,NA,NA,NA,NA,"planned",NA,NA
"T0168_FIN","T0168","VA_D03","VA_R01","final","harvest","rhizoplane",NA,NA,NA,NA,NA,NA,NA,NA,NA,NA,NA,"planned",NA,NA
"T0169_DON","T0169","VA_D03","VA_R01","donor","transplant","seed_swab",NA,NA,NA,NA,NA,NA,NA,NA,NA,NA,NA,"planned",NA,NA
"T0169_RES","T0169","VA_D03","VA_R01","recipient","transplant","sediment",NA,NA,NA,NA,NA,NA,NA,NA,NA,NA,NA,"planned",NA,NA
"T0169_FIN","T0169","VA_D03","VA_R01","final","harvest","rhizoplane",NA,NA,NA,NA,NA,NA,NA,NA,NA,NA,NA,"planned",NA,NA
"T0170_DON","T0170","VA_D03","VA_R01","donor","transplant","seed_swab",NA,NA,NA,NA,NA,NA,NA,NA,NA,NA,NA,"planned",NA,NA
"T0170_RES","T0170","VA_D03","VA_R01","recipient","transplant","sediment",NA,NA,NA,NA,NA,NA,NA,NA,NA,NA,NA,"planned",NA,NA
"T0170_FIN","T0170","VA_D03","VA_R01","final","harvest","rhizoplane",NA,NA,NA,NA,NA,NA,NA,NA,NA,NA,NA,"planned",NA,NA
"T0171_DON","T0171","VA_D03","VA_R01","donor","transplant","seed_swab",NA,NA,NA,NA,NA,NA,NA,NA,NA,NA,NA,"planned",NA,NA
"T0171_RES","T0171","VA_D03","VA_R01","recipient","transplant","sediment",NA,NA,NA,NA,NA,NA,NA,NA,NA,NA,NA,"planned",NA,NA
"T0171_FIN","T0171","VA_D03","VA_R01","final","harvest","rhizoplane",NA,NA,NA,NA,NA,NA,NA,NA,NA,NA,NA,"planned",NA,NA
"T0172_DON","T0172","VA_D03","VA_R01","donor","transplant","seed_swab",NA,NA,NA,NA,NA,NA,NA,NA,NA,NA,NA,"planned",NA,NA
"T0172_RES","T0172","VA_D03","VA_R01","recipient","transplant","sediment",NA,NA,NA,NA,NA,NA,NA,NA,NA,NA,NA,"planned",NA,NA
"T0172_FIN","T0172","VA_D03","VA_R01","final","harvest","rhizoplane",NA,NA,NA,NA,NA,NA,NA,NA,NA,NA,NA,"planned",NA,NA
"T0173_DON","T0173","VA_D03","VA_R01","donor","transplant","seed_swab",NA,NA,NA,NA,NA,NA,NA,NA,NA,NA,NA,"planned",NA,NA
"T0173_RES","T0173","VA_D03","VA_R01","recipient","transplant","sediment",NA,NA,NA,NA,NA,NA,NA,NA,NA,NA,NA,"planned",NA,NA
"T0173_FIN","T0173","VA_D03","VA_R01","final","harvest","rhizoplane",NA,NA,NA,NA,NA,NA,NA,NA,NA,NA,NA,"planned",NA,NA
"T0174_DON","T0174","VA_D03","VA_R01","donor","transplant","seed_swab",NA,NA,NA,NA,NA,NA,NA,NA,NA,NA,NA,"planned",NA,NA
"T0174_RES","T0174","VA_D03","VA_R01","recipient","transplant","sediment",NA,NA,NA,NA,NA,NA,NA,NA,NA,NA,NA,"planned",NA,NA
"T0174_FIN","T0174","VA_D03","VA_R01","final","harvest","rhizoplane",NA,NA,NA,NA,NA,NA,NA,NA,NA,NA,NA,"planned",NA,NA
"T0175_DON","T0175","VA_D03","VA_R01","donor","transplant","seed_swab",NA,NA,NA,NA,NA,NA,NA,NA,NA,NA,NA,"planned",NA,NA
"T0175_RES","T0175","VA_D03","VA_R01","recipient","transplant","sediment",NA,NA,NA,NA,NA,NA,NA,NA,NA,NA,NA,"planned",NA,NA
"T0175_FIN","T0175","VA_D03","VA_R01","final","harvest","rhizoplane",NA,NA,NA,NA,NA,NA,NA,NA,NA,NA,NA,"planned",NA,NA
"T0176_DON","T0176","VA_D03","NH_R01","donor","transplant","seed_swab",NA,NA,NA,NA,NA,NA,NA,NA,NA,NA,NA,"planned",NA,NA
"T0176_RES","T0176","VA_D03","NH_R01","recipient","transplant","sediment",NA,NA,NA,NA,NA,NA,NA,NA,NA,NA,NA,"planned",NA,NA
"T0176_FIN","T0176","VA_D03","NH_R01","final","harvest","rhizoplane",NA,NA,NA,NA,NA,NA,NA,NA,NA,NA,NA,"planned",NA,NA
"T0177_DON","T0177","VA_D03","NH_R01","donor","transplant","seed_swab",NA,NA,NA,NA,NA,NA,NA,NA,NA,NA,NA,"planned",NA,NA
"T0177_RES","T0177","VA_D03","NH_R01","recipient","transplant","sediment",NA,NA,NA,NA,NA,NA,NA,NA,NA,NA,NA,"planned",NA,NA
"T0177_FIN","T0177","VA_D03","NH_R01","final","harvest","rhizoplane",NA,NA,NA,NA,NA,NA,NA,NA,NA,NA,NA,"planned",NA,NA
"T0178_DON","T0178","VA_D03","NH_R01","donor","transplant","seed_swab",NA,NA,NA,NA,NA,NA,NA,NA,NA,NA,NA,"planned",NA,NA
"T0178_RES","T0178","VA_D03","NH_R01","recipient","transplant","sediment",NA,NA,NA,NA,NA,NA,NA,NA,NA,NA,NA,"planned",NA,NA
"T0178_FIN","T0178","VA_D03","NH_R01","final","harvest","rhizoplane",NA,NA,NA,NA,NA,NA,NA,NA,NA,NA,NA,"planned",NA,NA
"T0179_DON","T0179","VA_D03","NH_R01","donor","transplant","seed_swab",NA,NA,NA,NA,NA,NA,NA,NA,NA,NA,NA,"planned",NA,NA
"T0179_RES","T0179","VA_D03","NH_R01","recipient","transplant","sediment",NA,NA,NA,NA,NA,NA,NA,NA,NA,NA,NA,"planned",NA,NA
"T0179_FIN","T0179","VA_D03","NH_R01","final","harvest","rhizoplane",NA,NA,NA,NA,NA,NA,NA,NA,NA,NA,NA,"planned",NA,NA
"T0180_DON","T0180","VA_D03","NH_R01","donor","transplant","seed_swab",NA,NA,NA,NA,NA,NA,NA,NA,NA,NA,NA,"planned",NA,NA
"T0180_RES","T0180","VA_D03","NH_R01","recipient","transplant","sediment",NA,NA,NA,NA,NA,NA,NA,NA,NA,NA,NA,"planned",NA,NA
"T0180_FIN","T0180","VA_D03","NH_R01","final","harvest","rhizoplane",NA,NA,NA,NA,NA,NA,NA,NA,NA,NA,NA,"planned",NA,NA
"T0181_DON","T0181","VA_D03","NH_R01","donor","transplant","seed_swab",NA,NA,NA,NA,NA,NA,NA,NA,NA,NA,NA,"planned",NA,NA
"T0181_RES","T0181","VA_D03","NH_R01","recipient","transplant","sediment",NA,NA,NA,NA,NA,NA,NA,NA,NA,NA,NA,"planned",NA,NA
"T0181_FIN","T0181","VA_D03","NH_R01","final","harvest","rhizoplane",NA,NA,NA,NA,NA,NA,NA,NA,NA,NA,NA,"planned",NA,NA
"T0182_DON","T0182","VA_D03","NH_R01","donor","transplant","seed_swab",NA,NA,NA,NA,NA,NA,NA,NA,NA,NA,NA,"planned",NA,NA
"T0182_RES","T0182","VA_D03","NH_R01","recipient","transplant","sediment",NA,NA,NA,NA,NA,NA,NA,NA,NA,NA,NA,"planned",NA,NA
"T0182_FIN","T0182","VA_D03","NH_R01","final","harvest","rhizoplane",NA,NA,NA,NA,NA,NA,NA,NA,NA,NA,NA,"planned",NA,NA
"T0183_DON","T0183","VA_D03","NH_R01","donor","transplant","seed_swab",NA,NA,NA,NA,NA,NA,NA,NA,NA,NA,NA,"planned",NA,NA
"T0183_RES","T0183","VA_D03","NH_R01","recipient","transplant","sediment",NA,NA,NA,NA,NA,NA,NA,NA,NA,NA,NA,"planned",NA,NA
"T0183_FIN","T0183","VA_D03","NH_R01","final","harvest","rhizoplane",NA,NA,NA,NA,NA,NA,NA,NA,NA,NA,NA,"planned",NA,NA
"T0184_DON","T0184","VA_D03","NH_R01","donor","transplant","seed_swab",NA,NA,NA,NA,NA,NA,NA,NA,NA,NA,NA,"planned",NA,NA
"T0184_RES","T0184","VA_D03","NH_R01","recipient","transplant","sediment",NA,NA,NA,NA,NA,NA,NA,NA,NA,NA,NA,"planned",NA,NA
"T0184_FIN","T0184","VA_D03","NH_R01","final","harvest","rhizoplane",NA,NA,NA,NA,NA,NA,NA,NA,NA,NA,NA,"planned",NA,NA
"T0185_DON","T0185","VA_D03","NH_R01","donor","transplant","seed_swab",NA,NA,NA,NA,NA,NA,NA,NA,NA,NA,NA,"planned",NA,NA
"T0185_RES","T0185","VA_D03","NH_R01","recipient","transplant","sediment",NA,NA,NA,NA,NA,NA,NA,NA,NA,NA,NA,"planned",NA,NA
"T0185_FIN","T0185","VA_D03","NH_R01","final","harvest","rhizoplane",NA,NA,NA,NA,NA,NA,NA,NA,NA,NA,NA,"planned",NA,NA
"T0186_DON","T0186","VA_D03","NH_R01","donor","transplant","seed_swab",NA,NA,NA,NA,NA,NA,NA,NA,NA,NA,NA,"planned",NA,NA
"T0186_RES","T0186","VA_D03","NH_R01","recipient","transplant","sediment",NA,NA,NA,NA,NA,NA,NA,NA,NA,NA,NA,"planned",NA,NA
"T0186_FIN","T0186","VA_D03","NH_R01","final","harvest","rhizoplane",NA,NA,NA,NA,NA,NA,NA,NA,NA,NA,NA,"planned",NA,NA
"T0187_DON","T0187","VA_D03","NH_R01","donor","transplant","seed_swab",NA,NA,NA,NA,NA,NA,NA,NA,NA,NA,NA,"planned",NA,NA
"T0187_RES","T0187","VA_D03","NH_R01","recipient","transplant","sediment",NA,NA,NA,NA,NA,NA,NA,NA,NA,NA,NA,"planned",NA,NA
"T0187_FIN","T0187","VA_D03","NH_R01","final","harvest","rhizoplane",NA,NA,NA,NA,NA,NA,NA,NA,NA,NA,NA,"planned",NA,NA
"T0188_DON","T0188","VA_D03","NH_R01","donor","transplant","seed_swab",NA,NA,NA,NA,NA,NA,NA,NA,NA,NA,NA,"planned",NA,NA
"T0188_RES","T0188","VA_D03","NH_R01","recipient","transplant","sediment",NA,NA,NA,NA,NA,NA,NA,NA,NA,NA,NA,"planned",NA,NA
"T0188_FIN","T0188","VA_D03","NH_R01","final","harvest","rhizoplane",NA,NA,NA,NA,NA,NA,NA,NA,NA,NA,NA,"planned",NA,NA
"T0189_DON","T0189","VA_D03","NH_R01","donor","transplant","seed_swab",NA,NA,NA,NA,NA,NA,NA,NA,NA,NA,NA,"planned",NA,NA
"T0189_RES","T0189","VA_D03","NH_R01","recipient","transplant","sediment",NA,NA,NA,NA,NA,NA,NA,NA,NA,NA,NA,"planned",NA,NA
"T0189_FIN","T0189","VA_D03","NH_R01","final","harvest","rhizoplane",NA,NA,NA,NA,NA,NA,NA,NA,NA,NA,NA,"planned",NA,NA
"T0190_DON","T0190","VA_D03","NH_R01","donor","transplant","seed_swab",NA,NA,NA,NA,NA,NA,NA,NA,NA,NA,NA,"planned",NA,NA
"T0190_RES","T0190","VA_D03","NH_R01","recipient","transplant","sediment",NA,NA,NA,NA,NA,NA,NA,NA,NA,NA,NA,"planned",NA,NA
"T0190_FIN","T0190","VA_D03","NH_R01","final","harvest","rhizoplane",NA,NA,NA,NA,NA,NA,NA,NA,NA,NA,NA,"planned",NA,NA
"T0191_DON","T0191","VA_D03","NH_R01","donor","transplant","seed_swab",NA,NA,NA,NA,NA,NA,NA,NA,NA,NA,NA,"planned",NA,NA
"T0191_RES","T0191","VA_D03","NH_R01","recipient","transplant","sediment",NA,NA,NA,NA,NA,NA,NA,NA,NA,NA,NA,"planned",NA,NA
"T0191_FIN","T0191","VA_D03","NH_R01","final","harvest","rhizoplane",NA,NA,NA,NA,NA,NA,NA,NA,NA,NA,NA,"planned",NA,NA
"T0192_DON","T0192","VA_D03","NH_R01","donor","transplant","seed_swab",NA,NA,NA,NA,NA,NA,NA,NA,NA,NA,NA,"planned",NA,NA
"T0192_RES","T0192","VA_D03","NH_R01","recipient","transplant","sediment",NA,NA,NA,NA,NA,NA,NA,NA,NA,NA,NA,"planned",NA,NA
"T0192_FIN","T0192","VA_D03","NH_R01","final","harvest","rhizoplane",NA,NA,NA,NA,NA,NA,NA,NA,NA,NA,NA,"planned",NA,NA
"T0193_DON","T0193","VA_D03","NH_R01","donor","transplant","seed_swab",NA,NA,NA,NA,NA,NA,NA,NA,NA,NA,NA,"planned",NA,NA
"T0193_RES","T0193","VA_D03","NH_R01","recipient","transplant","sediment",NA,NA,NA,NA,NA,NA,NA,NA,NA,NA,NA,"planned",NA,NA
"T0193_FIN","T0193","VA_D03","NH_R01","final","harvest","rhizoplane",NA,NA,NA,NA,NA,NA,NA,NA,NA,NA,NA,"planned",NA,NA
"T0194_DON","T0194","VA_D03","NH_R01","donor","transplant","seed_swab",NA,NA,NA,NA,NA,NA,NA,NA,NA,NA,NA,"planned",NA,NA
"T0194_RES","T0194","VA_D03","NH_R01","recipient","transplant","sediment",NA,NA,NA,NA,NA,NA,NA,NA,NA,NA,NA,"planned",NA,NA
"T0194_FIN","T0194","VA_D03","NH_R01","final","harvest","rhizoplane",NA,NA,NA,NA,NA,NA,NA,NA,NA,NA,NA,"planned",NA,NA
"T0195_DON","T0195","VA_D03","NH_R01","donor","transplant","seed_swab",NA,NA,NA,NA,NA,NA,NA,NA,NA,NA,NA,"planned",NA,NA
"T0195_RES","T0195","VA_D03","NH_R01","recipient","transplant","sediment",NA,NA,NA,NA,NA,NA,NA,NA,NA,NA,NA,"planned",NA,NA
"T0195_FIN","T0195","VA_D03","NH_R01","final","harvest","rhizoplane",NA,NA,NA,NA,NA,NA,NA,NA,NA,NA,NA,"planned",NA,NA
"T0196_DON","T0196","VA_D03","NH_R01","donor","transplant","seed_swab",NA,NA,NA,NA,NA,NA,NA,NA,NA,NA,NA,"planned",NA,NA
"T0196_RES","T0196","VA_D03","NH_R01","recipient","transplant","sediment",NA,NA,NA,NA,NA,NA,NA,NA,NA,NA,NA,"planned",NA,NA
"T0196_FIN","T0196","VA_D03","NH_R01","final","harvest","rhizoplane",NA,NA,NA,NA,NA,NA,NA,NA,NA,NA,NA,"planned",NA,NA
"T0197_DON","T0197","VA_D03","NH_R01","donor","transplant","seed_swab",NA,NA,NA,NA,NA,NA,NA,NA,NA,NA,NA,"planned",NA,NA
"T0197_RES","T0197","VA_D03","NH_R01","recipient","transplant","sediment",NA,NA,NA,NA,NA,NA,NA,NA,NA,NA,NA,"planned",NA,NA
"T0197_FIN","T0197","VA_D03","NH_R01","final","harvest","rhizoplane",NA,NA,NA,NA,NA,NA,NA,NA,NA,NA,NA,"planned",NA,NA
"T0198_DON","T0198","VA_D03","NH_R01","donor","transplant","seed_swab",NA,NA,NA,NA,NA,NA,NA,NA,NA,NA,NA,"planned",NA,NA
"T0198_RES","T0198","VA_D03","NH_R01","recipient","transplant","sediment",NA,NA,NA,NA,NA,NA,NA,NA,NA,NA,NA,"planned",NA,NA
"T0198_FIN","T0198","VA_D03","NH_R01","final","harvest","rhizoplane",NA,NA,NA,NA,NA,NA,NA,NA,NA,NA,NA,"planned",NA,NA
"T0199_DON","T0199","VA_D03","NH_R01","donor","transplant","seed_swab",NA,NA,NA,NA,NA,NA,NA,NA,NA,NA,NA,"planned",NA,NA
"T0199_RES","T0199","VA_D03","NH_R01","recipient","transplant","sediment",NA,NA,NA,NA,NA,NA,NA,NA,NA,NA,NA,"planned",NA,NA
"T0199_FIN","T0199","VA_D03","NH_R01","final","harvest","rhizoplane",NA,NA,NA,NA,NA,NA,NA,NA,NA,NA,NA,"planned",NA,NA
"T0200_DON","T0200","VA_D03","NH_R01","donor","transplant","seed_swab",NA,NA,NA,NA,NA,NA,NA,NA,NA,NA,NA,"planned",NA,NA
"T0200_RES","T0200","VA_D03","NH_R01","recipient","transplant","sediment",NA,NA,NA,NA,NA,NA,NA,NA,NA,NA,NA,"planned",NA,NA
"T0200_FIN","T0200","VA_D03","NH_R01","final","harvest","rhizoplane",NA,NA,NA,NA,NA,NA,NA,NA,NA,NA,NA,"planned",NA,NA
"T0201_DON","T0201","VA_D03","NH_R01","donor","transplant","seed_swab",NA,NA,NA,NA,NA,NA,NA,NA,NA,NA,NA,"planned",NA,NA
"T0201_RES","T0201","VA_D03","NH_R01","recipient","transplant","sediment",NA,NA,NA,NA,NA,NA,NA,NA,NA,NA,NA,"planned",NA,NA
"T0201_FIN","T0201","VA_D03","NH_R01","final","harvest","rhizoplane",NA,NA,NA,NA,NA,NA,NA,NA,NA,NA,NA,"planned",NA,NA
"T0202_DON","T0202","VA_D03","NH_R01","donor","transplant","seed_swab",NA,NA,NA,NA,NA,NA,NA,NA,NA,NA,NA,"planned",NA,NA
"T0202_RES","T0202","VA_D03","NH_R01","recipient","transplant","sediment",NA,NA,NA,NA,NA,NA,NA,NA,NA,NA,NA,"planned",NA,NA
"T0202_FIN","T0202","VA_D03","NH_R01","final","harvest","rhizoplane",NA,NA,NA,NA,NA,NA,NA,NA,NA,NA,NA,"planned",NA,NA
"T0203_DON","T0203","VA_D03","NH_R01","donor","transplant","seed_swab",NA,NA,NA,NA,NA,NA,NA,NA,NA,NA,NA,"planned",NA,NA
"T0203_RES","T0203","VA_D03","NH_R01","recipient","transplant","sediment",NA,NA,NA,NA,NA,NA,NA,NA,NA,NA,NA,"planned",NA,NA
"T0203_FIN","T0203","VA_D03","NH_R01","final","harvest","rhizoplane",NA,NA,NA,NA,NA,NA,NA,NA,NA,NA,NA,"planned",NA,NA
"T0204_DON","T0204","VA_D03","NH_R01","donor","transplant","seed_swab",NA,NA,NA,NA,NA,NA,NA,NA,NA,NA,NA,"planned",NA,NA
"T0204_RES","T0204","VA_D03","NH_R01","recipient","transplant","sediment",NA,NA,NA,NA,NA,NA,NA,NA,NA,NA,NA,"planned",NA,NA
"T0204_FIN","T0204","VA_D03","NH_R01","final","harvest","rhizoplane",NA,NA,NA,NA,NA,NA,NA,NA,NA,NA,NA,"planned",NA,NA
"T0205_DON","T0205","VA_D03","NH_R01","donor","transplant","seed_swab",NA,NA,NA,NA,NA,NA,NA,NA,NA,NA,NA,"planned",NA,NA
"T0205_RES","T0205","VA_D03","NH_R01","recipient","transplant","sediment",NA,NA,NA,NA,NA,NA,NA,NA,NA,NA,NA,"planned",NA,NA
"T0205_FIN","T0205","VA_D03","NH_R01","final","harvest","rhizoplane",NA,NA,NA,NA,NA,NA,NA,NA,NA,NA,NA,"planned",NA,NA
"T0206_DON","T0206","VA_D03","NH_R01","donor","transplant","seed_swab",NA,NA,NA,NA,NA,NA,NA,NA,NA,NA,NA,"planned",NA,NA
"T0206_RES","T0206","VA_D03","NH_R01","recipient","transplant","sediment",NA,NA,NA,NA,NA,NA,NA,NA,NA,NA,NA,"planned",NA,NA
"T0206_FIN","T0206","VA_D03","NH_R01","final","harvest","rhizoplane",NA,NA,NA,NA,NA,NA,NA,NA,NA,NA,NA,"planned",NA,NA
"T0207_DON","T0207","VA_D03","NH_R01","donor","transplant","seed_swab",NA,NA,NA,NA,NA,NA,NA,NA,NA,NA,NA,"planned",NA,NA
"T0207_RES","T0207","VA_D03","NH_R01","recipient","transplant","sediment",NA,NA,NA,NA,NA,NA,NA,NA,NA,NA,NA,"planned",NA,NA
"T0207_FIN","T0207","VA_D03","NH_R01","final","harvest","rhizoplane",NA,NA,NA,NA,NA,NA,NA,NA,NA,NA,NA,"planned",NA,NA
"T0208_DON","T0208","VA_D03","NH_R01","donor","transplant","seed_swab",NA,NA,NA,NA,NA,NA,NA,NA,NA,NA,NA,"planned",NA,NA
"T0208_RES","T0208","VA_D03","NH_R01","recipient","transplant","sediment",NA,NA,NA,NA,NA,NA,NA,NA,NA,NA,NA,"planned",NA,NA
"T0208_FIN","T0208","VA_D03","NH_R01","final","harvest","rhizoplane",NA,NA,NA,NA,NA,NA,NA,NA,NA,NA,NA,"planned",NA,NA
"T0209_DON","T0209","VA_D03","NH_R01","donor","transplant","seed_swab",NA,NA,NA,NA,NA,NA,NA,NA,NA,NA,NA,"planned",NA,NA
"T0209_RES","T0209","VA_D03","NH_R01","recipient","transplant","sediment",NA,NA,NA,NA,NA,NA,NA,NA,NA,NA,NA,"planned",NA,NA
"T0209_FIN","T0209","VA_D03","NH_R01","final","harvest","rhizoplane",NA,NA,NA,NA,NA,NA,NA,NA,NA,NA,NA,"planned",NA,NA
"T0210_DON","T0210","VA_D03","NH_R01","donor","transplant","seed_swab",NA,NA,NA,NA,NA,NA,NA,NA,NA,NA,NA,"planned",NA,NA
"T0210_RES","T0210","VA_D03","NH_R01","recipient","transplant","sediment",NA,NA,NA,NA,NA,NA,NA,NA,NA,NA,NA,"planned",NA,NA
"T0210_FIN","T0210","VA_D03","NH_R01","final","harvest","rhizoplane",NA,NA,NA,NA,NA,NA,NA,NA,NA,NA,NA,"planned",NA,NA
"T0211_DON","T0211","VA_D04","VA_R01","donor","transplant","seed_swab",NA,NA,NA,NA,NA,NA,NA,NA,NA,NA,NA,"planned",NA,NA
"T0211_RES","T0211","VA_D04","VA_R01","recipient","transplant","sediment",NA,NA,NA,NA,NA,NA,NA,NA,NA,NA,NA,"planned",NA,NA
"T0211_FIN","T0211","VA_D04","VA_R01","final","harvest","rhizoplane",NA,NA,NA,NA,NA,NA,NA,NA,NA,NA,NA,"planned",NA,NA
"T0212_DON","T0212","VA_D04","VA_R01","donor","transplant","seed_swab",NA,NA,NA,NA,NA,NA,NA,NA,NA,NA,NA,"planned",NA,NA
"T0212_RES","T0212","VA_D04","VA_R01","recipient","transplant","sediment",NA,NA,NA,NA,NA,NA,NA,NA,NA,NA,NA,"planned",NA,NA
"T0212_FIN","T0212","VA_D04","VA_R01","final","harvest","rhizoplane",NA,NA,NA,NA,NA,NA,NA,NA,NA,NA,NA,"planned",NA,NA
"T0213_DON","T0213","VA_D04","VA_R01","donor","transplant","seed_swab",NA,NA,NA,NA,NA,NA,NA,NA,NA,NA,NA,"planned",NA,NA
"T0213_RES","T0213","VA_D04","VA_R01","recipient","transplant","sediment",NA,NA,NA,NA,NA,NA,NA,NA,NA,NA,NA,"planned",NA,NA
"T0213_FIN","T0213","VA_D04","VA_R01","final","harvest","rhizoplane",NA,NA,NA,NA,NA,NA,NA,NA,NA,NA,NA,"planned",NA,NA
"T0214_DON","T0214","VA_D04","VA_R01","donor","transplant","seed_swab",NA,NA,NA,NA,NA,NA,NA,NA,NA,NA,NA,"planned",NA,NA
"T0214_RES","T0214","VA_D04","VA_R01","recipient","transplant","sediment",NA,NA,NA,NA,NA,NA,NA,NA,NA,NA,NA,"planned",NA,NA
"T0214_FIN","T0214","VA_D04","VA_R01","final","harvest","rhizoplane",NA,NA,NA,NA,NA,NA,NA,NA,NA,NA,NA,"planned",NA,NA
"T0215_DON","T0215","VA_D04","VA_R01","donor","transplant","seed_swab",NA,NA,NA,NA,NA,NA,NA,NA,NA,NA,NA,"planned",NA,NA
"T0215_RES","T0215","VA_D04","VA_R01","recipient","transplant","sediment",NA,NA,NA,NA,NA,NA,NA,NA,NA,NA,NA,"planned",NA,NA
"T0215_FIN","T0215","VA_D04","VA_R01","final","harvest","rhizoplane",NA,NA,NA,NA,NA,NA,NA,NA,NA,NA,NA,"planned",NA,NA
"T0216_DON","T0216","VA_D04","VA_R01","donor","transplant","seed_swab",NA,NA,NA,NA,NA,NA,NA,NA,NA,NA,NA,"planned",NA,NA
"T0216_RES","T0216","VA_D04","VA_R01","recipient","transplant","sediment",NA,NA,NA,NA,NA,NA,NA,NA,NA,NA,NA,"planned",NA,NA
"T0216_FIN","T0216","VA_D04","VA_R01","final","harvest","rhizoplane",NA,NA,NA,NA,NA,NA,NA,NA,NA,NA,NA,"planned",NA,NA
"T0217_DON","T0217","VA_D04","VA_R01","donor","transplant","seed_swab",NA,NA,NA,NA,NA,NA,NA,NA,NA,NA,NA,"planned",NA,NA
"T0217_RES","T0217","VA_D04","VA_R01","recipient","transplant","sediment",NA,NA,NA,NA,NA,NA,NA,NA,NA,NA,NA,"planned",NA,NA
"T0217_FIN","T0217","VA_D04","VA_R01","final","harvest","rhizoplane",NA,NA,NA,NA,NA,NA,NA,NA,NA,NA,NA,"planned",NA,NA
"T0218_DON","T0218","VA_D04","VA_R01","donor","transplant","seed_swab",NA,NA,NA,NA,NA,NA,NA,NA,NA,NA,NA,"planned",NA,NA
"T0218_RES","T0218","VA_D04","VA_R01","recipient","transplant","sediment",NA,NA,NA,NA,NA,NA,NA,NA,NA,NA,NA,"planned",NA,NA
"T0218_FIN","T0218","VA_D04","VA_R01","final","harvest","rhizoplane",NA,NA,NA,NA,NA,NA,NA,NA,NA,NA,NA,"planned",NA,NA
"T0219_DON","T0219","VA_D04","VA_R01","donor","transplant","seed_swab",NA,NA,NA,NA,NA,NA,NA,NA,NA,NA,NA,"planned",NA,NA
"T0219_RES","T0219","VA_D04","VA_R01","recipient","transplant","sediment",NA,NA,NA,NA,NA,NA,NA,NA,NA,NA,NA,"planned",NA,NA
"T0219_FIN","T0219","VA_D04","VA_R01","final","harvest","rhizoplane",NA,NA,NA,NA,NA,NA,NA,NA,NA,NA,NA,"planned",NA,NA
"T0220_DON","T0220","VA_D04","VA_R01","donor","transplant","seed_swab",NA,NA,NA,NA,NA,NA,NA,NA,NA,NA,NA,"planned",NA,NA
"T0220_RES","T0220","VA_D04","VA_R01","recipient","transplant","sediment",NA,NA,NA,NA,NA,NA,NA,NA,NA,NA,NA,"planned",NA,NA
"T0220_FIN","T0220","VA_D04","VA_R01","final","harvest","rhizoplane",NA,NA,NA,NA,NA,NA,NA,NA,NA,NA,NA,"planned",NA,NA
"T0221_DON","T0221","VA_D04","VA_R01","donor","transplant","seed_swab",NA,NA,NA,NA,NA,NA,NA,NA,NA,NA,NA,"planned",NA,NA
"T0221_RES","T0221","VA_D04","VA_R01","recipient","transplant","sediment",NA,NA,NA,NA,NA,NA,NA,NA,NA,NA,NA,"planned",NA,NA
"T0221_FIN","T0221","VA_D04","VA_R01","final","harvest","rhizoplane",NA,NA,NA,NA,NA,NA,NA,NA,NA,NA,NA,"planned",NA,NA
"T0222_DON","T0222","VA_D04","VA_R01","donor","transplant","seed_swab",NA,NA,NA,NA,NA,NA,NA,NA,NA,NA,NA,"planned",NA,NA
"T0222_RES","T0222","VA_D04","VA_R01","recipient","transplant","sediment",NA,NA,NA,NA,NA,NA,NA,NA,NA,NA,NA,"planned",NA,NA
"T0222_FIN","T0222","VA_D04","VA_R01","final","harvest","rhizoplane",NA,NA,NA,NA,NA,NA,NA,NA,NA,NA,NA,"planned",NA,NA
"T0223_DON","T0223","VA_D04","VA_R01","donor","transplant","seed_swab",NA,NA,NA,NA,NA,NA,NA,NA,NA,NA,NA,"planned",NA,NA
"T0223_RES","T0223","VA_D04","VA_R01","recipient","transplant","sediment",NA,NA,NA,NA,NA,NA,NA,NA,NA,NA,NA,"planned",NA,NA
"T0223_FIN","T0223","VA_D04","VA_R01","final","harvest","rhizoplane",NA,NA,NA,NA,NA,NA,NA,NA,NA,NA,NA,"planned",NA,NA
"T0224_DON","T0224","VA_D04","VA_R01","donor","transplant","seed_swab",NA,NA,NA,NA,NA,NA,NA,NA,NA,NA,NA,"planned",NA,NA
"T0224_RES","T0224","VA_D04","VA_R01","recipient","transplant","sediment",NA,NA,NA,NA,NA,NA,NA,NA,NA,NA,NA,"planned",NA,NA
"T0224_FIN","T0224","VA_D04","VA_R01","final","harvest","rhizoplane",NA,NA,NA,NA,NA,NA,NA,NA,NA,NA,NA,"planned",NA,NA
"T0225_DON","T0225","VA_D04","VA_R01","donor","transplant","seed_swab",NA,NA,NA,NA,NA,NA,NA,NA,NA,NA,NA,"planned",NA,NA
"T0225_RES","T0225","VA_D04","VA_R01","recipient","transplant","sediment",NA,NA,NA,NA,NA,NA,NA,NA,NA,NA,NA,"planned",NA,NA
"T0225_FIN","T0225","VA_D04","VA_R01","final","harvest","rhizoplane",NA,NA,NA,NA,NA,NA,NA,NA,NA,NA,NA,"planned",NA,NA
"T0226_DON","T0226","VA_D04","VA_R01","donor","transplant","seed_swab",NA,NA,NA,NA,NA,NA,NA,NA,NA,NA,NA,"planned",NA,NA
"T0226_RES","T0226","VA_D04","VA_R01","recipient","transplant","sediment",NA,NA,NA,NA,NA,NA,NA,NA,NA,NA,NA,"planned",NA,NA
"T0226_FIN","T0226","VA_D04","VA_R01","final","harvest","rhizoplane",NA,NA,NA,NA,NA,NA,NA,NA,NA,NA,NA,"planned",NA,NA
"T0227_DON","T0227","VA_D04","VA_R01","donor","transplant","seed_swab",NA,NA,NA,NA,NA,NA,NA,NA,NA,NA,NA,"planned",NA,NA
"T0227_RES","T0227","VA_D04","VA_R01","recipient","transplant","sediment",NA,NA,NA,NA,NA,NA,NA,NA,NA,NA,NA,"planned",NA,NA
"T0227_FIN","T0227","VA_D04","VA_R01","final","harvest","rhizoplane",NA,NA,NA,NA,NA,NA,NA,NA,NA,NA,NA,"planned",NA,NA
"T0228_DON","T0228","VA_D04","VA_R01","donor","transplant","seed_swab",NA,NA,NA,NA,NA,NA,NA,NA,NA,NA,NA,"planned",NA,NA
"T0228_RES","T0228","VA_D04","VA_R01","recipient","transplant","sediment",NA,NA,NA,NA,NA,NA,NA,NA,NA,NA,NA,"planned",NA,NA
"T0228_FIN","T0228","VA_D04","VA_R01","final","harvest","rhizoplane",NA,NA,NA,NA,NA,NA,NA,NA,NA,NA,NA,"planned",NA,NA
"T0229_DON","T0229","VA_D04","VA_R01","donor","transplant","seed_swab",NA,NA,NA,NA,NA,NA,NA,NA,NA,NA,NA,"planned",NA,NA
"T0229_RES","T0229","VA_D04","VA_R01","recipient","transplant","sediment",NA,NA,NA,NA,NA,NA,NA,NA,NA,NA,NA,"planned",NA,NA
"T0229_FIN","T0229","VA_D04","VA_R01","final","harvest","rhizoplane",NA,NA,NA,NA,NA,NA,NA,NA,NA,NA,NA,"planned",NA,NA
"T0230_DON","T0230","VA_D04","VA_R01","donor","transplant","seed_swab",NA,NA,NA,NA,NA,NA,NA,NA,NA,NA,NA,"planned",NA,NA
"T0230_RES","T0230","VA_D04","VA_R01","recipient","transplant","sediment",NA,NA,NA,NA,NA,NA,NA,NA,NA,NA,NA,"planned",NA,NA
"T0230_FIN","T0230","VA_D04","VA_R01","final","harvest","rhizoplane",NA,NA,NA,NA,NA,NA,NA,NA,NA,NA,NA,"planned",NA,NA
"T0231_DON","T0231","VA_D04","VA_R01","donor","transplant","seed_swab",NA,NA,NA,NA,NA,NA,NA,NA,NA,NA,NA,"planned",NA,NA
"T0231_RES","T0231","VA_D04","VA_R01","recipient","transplant","sediment",NA,NA,NA,NA,NA,NA,NA,NA,NA,NA,NA,"planned",NA,NA
"T0231_FIN","T0231","VA_D04","VA_R01","final","harvest","rhizoplane",NA,NA,NA,NA,NA,NA,NA,NA,NA,NA,NA,"planned",NA,NA
"T0232_DON","T0232","VA_D04","VA_R01","donor","transplant","seed_swab",NA,NA,NA,NA,NA,NA,NA,NA,NA,NA,NA,"planned",NA,NA
"T0232_RES","T0232","VA_D04","VA_R01","recipient","transplant","sediment",NA,NA,NA,NA,NA,NA,NA,NA,NA,NA,NA,"planned",NA,NA
"T0232_FIN","T0232","VA_D04","VA_R01","final","harvest","rhizoplane",NA,NA,NA,NA,NA,NA,NA,NA,NA,NA,NA,"planned",NA,NA
"T0233_DON","T0233","VA_D04","VA_R01","donor","transplant","seed_swab",NA,NA,NA,NA,NA,NA,NA,NA,NA,NA,NA,"planned",NA,NA
"T0233_RES","T0233","VA_D04","VA_R01","recipient","transplant","sediment",NA,NA,NA,NA,NA,NA,NA,NA,NA,NA,NA,"planned",NA,NA
"T0233_FIN","T0233","VA_D04","VA_R01","final","harvest","rhizoplane",NA,NA,NA,NA,NA,NA,NA,NA,NA,NA,NA,"planned",NA,NA
"T0234_DON","T0234","VA_D04","VA_R01","donor","transplant","seed_swab",NA,NA,NA,NA,NA,NA,NA,NA,NA,NA,NA,"planned",NA,NA
"T0234_RES","T0234","VA_D04","VA_R01","recipient","transplant","sediment",NA,NA,NA,NA,NA,NA,NA,NA,NA,NA,NA,"planned",NA,NA
"T0234_FIN","T0234","VA_D04","VA_R01","final","harvest","rhizoplane",NA,NA,NA,NA,NA,NA,NA,NA,NA,NA,NA,"planned",NA,NA
"T0235_DON","T0235","VA_D04","VA_R01","donor","transplant","seed_swab",NA,NA,NA,NA,NA,NA,NA,NA,NA,NA,NA,"planned",NA,NA
"T0235_RES","T0235","VA_D04","VA_R01","recipient","transplant","sediment",NA,NA,NA,NA,NA,NA,NA,NA,NA,NA,NA,"planned",NA,NA
"T0235_FIN","T0235","VA_D04","VA_R01","final","harvest","rhizoplane",NA,NA,NA,NA,NA,NA,NA,NA,NA,NA,NA,"planned",NA,NA
"T0236_DON","T0236","VA_D04","VA_R01","donor","transplant","seed_swab",NA,NA,NA,NA,NA,NA,NA,NA,NA,NA,NA,"planned",NA,NA
"T0236_RES","T0236","VA_D04","VA_R01","recipient","transplant","sediment",NA,NA,NA,NA,NA,NA,NA,NA,NA,NA,NA,"planned",NA,NA
"T0236_FIN","T0236","VA_D04","VA_R01","final","harvest","rhizoplane",NA,NA,NA,NA,NA,NA,NA,NA,NA,NA,NA,"planned",NA,NA
"T0237_DON","T0237","VA_D04","VA_R01","donor","transplant","seed_swab",NA,NA,NA,NA,NA,NA,NA,NA,NA,NA,NA,"planned",NA,NA
"T0237_RES","T0237","VA_D04","VA_R01","recipient","transplant","sediment",NA,NA,NA,NA,NA,NA,NA,NA,NA,NA,NA,"planned",NA,NA
"T0237_FIN","T0237","VA_D04","VA_R01","final","harvest","rhizoplane",NA,NA,NA,NA,NA,NA,NA,NA,NA,NA,NA,"planned",NA,NA
"T0238_DON","T0238","VA_D04","VA_R01","donor","transplant","seed_swab",NA,NA,NA,NA,NA,NA,NA,NA,NA,NA,NA,"planned",NA,NA
"T0238_RES","T0238","VA_D04","VA_R01","recipient","transplant","sediment",NA,NA,NA,NA,NA,NA,NA,NA,NA,NA,NA,"planned",NA,NA
"T0238_FIN","T0238","VA_D04","VA_R01","final","harvest","rhizoplane",NA,NA,NA,NA,NA,NA,NA,NA,NA,NA,NA,"planned",NA,NA
"T0239_DON","T0239","VA_D04","VA_R01","donor","transplant","seed_swab",NA,NA,NA,NA,NA,NA,NA,NA,NA,NA,NA,"planned",NA,NA
"T0239_RES","T0239","VA_D04","VA_R01","recipient","transplant","sediment",NA,NA,NA,NA,NA,NA,NA,NA,NA,NA,NA,"planned",NA,NA
"T0239_FIN","T0239","VA_D04","VA_R01","final","harvest","rhizoplane",NA,NA,NA,NA,NA,NA,NA,NA,NA,NA,NA,"planned",NA,NA
"T0240_DON","T0240","VA_D04","VA_R01","donor","transplant","seed_swab",NA,NA,NA,NA,NA,NA,NA,NA,NA,NA,NA,"planned",NA,NA
"T0240_RES","T0240","VA_D04","VA_R01","recipient","transplant","sediment",NA,NA,NA,NA,NA,NA,NA,NA,NA,NA,NA,"planned",NA,NA
"T0240_FIN","T0240","VA_D04","VA_R01","final","harvest","rhizoplane",NA,NA,NA,NA,NA,NA,NA,NA,NA,NA,NA,"planned",NA,NA
"T0241_DON","T0241","VA_D04","VA_R01","donor","transplant","seed_swab",NA,NA,NA,NA,NA,NA,NA,NA,NA,NA,NA,"planned",NA,NA
"T0241_RES","T0241","VA_D04","VA_R01","recipient","transplant","sediment",NA,NA,NA,NA,NA,NA,NA,NA,NA,NA,NA,"planned",NA,NA
"T0241_FIN","T0241","VA_D04","VA_R01","final","harvest","rhizoplane",NA,NA,NA,NA,NA,NA,NA,NA,NA,NA,NA,"planned",NA,NA
"T0242_DON","T0242","VA_D04","VA_R01","donor","transplant","seed_swab",NA,NA,NA,NA,NA,NA,NA,NA,NA,NA,NA,"planned",NA,NA
"T0242_RES","T0242","VA_D04","VA_R01","recipient","transplant","sediment",NA,NA,NA,NA,NA,NA,NA,NA,NA,NA,NA,"planned",NA,NA
"T0242_FIN","T0242","VA_D04","VA_R01","final","harvest","rhizoplane",NA,NA,NA,NA,NA,NA,NA,NA,NA,NA,NA,"planned",NA,NA
"T0243_DON","T0243","VA_D04","VA_R01","donor","transplant","seed_swab",NA,NA,NA,NA,NA,NA,NA,NA,NA,NA,NA,"planned",NA,NA
"T0243_RES","T0243","VA_D04","VA_R01","recipient","transplant","sediment",NA,NA,NA,NA,NA,NA,NA,NA,NA,NA,NA,"planned",NA,NA
"T0243_FIN","T0243","VA_D04","VA_R01","final","harvest","rhizoplane",NA,NA,NA,NA,NA,NA,NA,NA,NA,NA,NA,"planned",NA,NA
"T0244_DON","T0244","VA_D04","VA_R01","donor","transplant","seed_swab",NA,NA,NA,NA,NA,NA,NA,NA,NA,NA,NA,"planned",NA,NA
"T0244_RES","T0244","VA_D04","VA_R01","recipient","transplant","sediment",NA,NA,NA,NA,NA,NA,NA,NA,NA,NA,NA,"planned",NA,NA
"T0244_FIN","T0244","VA_D04","VA_R01","final","harvest","rhizoplane",NA,NA,NA,NA,NA,NA,NA,NA,NA,NA,NA,"planned",NA,NA
"T0245_DON","T0245","VA_D04","VA_R01","donor","transplant","seed_swab",NA,NA,NA,NA,NA,NA,NA,NA,NA,NA,NA,"planned",NA,NA
"T0245_RES","T0245","VA_D04","VA_R01","recipient","transplant","sediment",NA,NA,NA,NA,NA,NA,NA,NA,NA,NA,NA,"planned",NA,NA
"T0245_FIN","T0245","VA_D04","VA_R01","final","harvest","rhizoplane",NA,NA,NA,NA,NA,NA,NA,NA,NA,NA,NA,"planned",NA,NA
"T0246_DON","T0246","VA_D04","NH_R01","donor","transplant","seed_swab",NA,NA,NA,NA,NA,NA,NA,NA,NA,NA,NA,"planned",NA,NA
"T0246_RES","T0246","VA_D04","NH_R01","recipient","transplant","sediment",NA,NA,NA,NA,NA,NA,NA,NA,NA,NA,NA,"planned",NA,NA
"T0246_FIN","T0246","VA_D04","NH_R01","final","harvest","rhizoplane",NA,NA,NA,NA,NA,NA,NA,NA,NA,NA,NA,"planned",NA,NA
"T0247_DON","T0247","VA_D04","NH_R01","donor","transplant","seed_swab",NA,NA,NA,NA,NA,NA,NA,NA,NA,NA,NA,"planned",NA,NA
"T0247_RES","T0247","VA_D04","NH_R01","recipient","transplant","sediment",NA,NA,NA,NA,NA,NA,NA,NA,NA,NA,NA,"planned",NA,NA
"T0247_FIN","T0247","VA_D04","NH_R01","final","harvest","rhizoplane",NA,NA,NA,NA,NA,NA,NA,NA,NA,NA,NA,"planned",NA,NA
"T0248_DON","T0248","VA_D04","NH_R01","donor","transplant","seed_swab",NA,NA,NA,NA,NA,NA,NA,NA,NA,NA,NA,"planned",NA,NA
"T0248_RES","T0248","VA_D04","NH_R01","recipient","transplant","sediment",NA,NA,NA,NA,NA,NA,NA,NA,NA,NA,NA,"planned",NA,NA
"T0248_FIN","T0248","VA_D04","NH_R01","final","harvest","rhizoplane",NA,NA,NA,NA,NA,NA,NA,NA,NA,NA,NA,"planned",NA,NA
"T0249_DON","T0249","VA_D04","NH_R01","donor","transplant","seed_swab",NA,NA,NA,NA,NA,NA,NA,NA,NA,NA,NA,"planned",NA,NA
"T0249_RES","T0249","VA_D04","NH_R01","recipient","transplant","sediment",NA,NA,NA,NA,NA,NA,NA,NA,NA,NA,NA,"planned",NA,NA
"T0249_FIN","T0249","VA_D04","NH_R01","final","harvest","rhizoplane",NA,NA,NA,NA,NA,NA,NA,NA,NA,NA,NA,"planned",NA,NA
"T0250_DON","T0250","VA_D04","NH_R01","donor","transplant","seed_swab",NA,NA,NA,NA,NA,NA,NA,NA,NA,NA,NA,"planned",NA,NA
"T0250_RES","T0250","VA_D04","NH_R01","recipient","transplant","sediment",NA,NA,NA,NA,NA,NA,NA,NA,NA,NA,NA,"planned",NA,NA
"T0250_FIN","T0250","VA_D04","NH_R01","final","harvest","rhizoplane",NA,NA,NA,NA,NA,NA,NA,NA,NA,NA,NA,"planned",NA,NA
"T0251_DON","T0251","VA_D04","NH_R01","donor","transplant","seed_swab",NA,NA,NA,NA,NA,NA,NA,NA,NA,NA,NA,"planned",NA,NA
"T0251_RES","T0251","VA_D04","NH_R01","recipient","transplant","sediment",NA,NA,NA,NA,NA,NA,NA,NA,NA,NA,NA,"planned",NA,NA
"T0251_FIN","T0251","VA_D04","NH_R01","final","harvest","rhizoplane",NA,NA,NA,NA,NA,NA,NA,NA,NA,NA,NA,"planned",NA,NA
"T0252_DON","T0252","VA_D04","NH_R01","donor","transplant","seed_swab",NA,NA,NA,NA,NA,NA,NA,NA,NA,NA,NA,"planned",NA,NA
"T0252_RES","T0252","VA_D04","NH_R01","recipient","transplant","sediment",NA,NA,NA,NA,NA,NA,NA,NA,NA,NA,NA,"planned",NA,NA
"T0252_FIN","T0252","VA_D04","NH_R01","final","harvest","rhizoplane",NA,NA,NA,NA,NA,NA,NA,NA,NA,NA,NA,"planned",NA,NA
"T0253_DON","T0253","VA_D04","NH_R01","donor","transplant","seed_swab",NA,NA,NA,NA,NA,NA,NA,NA,NA,NA,NA,"planned",NA,NA
"T0253_RES","T0253","VA_D04","NH_R01","recipient","transplant","sediment",NA,NA,NA,NA,NA,NA,NA,NA,NA,NA,NA,"planned",NA,NA
"T0253_FIN","T0253","VA_D04","NH_R01","final","harvest","rhizoplane",NA,NA,NA,NA,NA,NA,NA,NA,NA,NA,NA,"planned",NA,NA
"T0254_DON","T0254","VA_D04","NH_R01","donor","transplant","seed_swab",NA,NA,NA,NA,NA,NA,NA,NA,NA,NA,NA,"planned",NA,NA
"T0254_RES","T0254","VA_D04","NH_R01","recipient","transplant","sediment",NA,NA,NA,NA,NA,NA,NA,NA,NA,NA,NA,"planned",NA,NA
"T0254_FIN","T0254","VA_D04","NH_R01","final","harvest","rhizoplane",NA,NA,NA,NA,NA,NA,NA,NA,NA,NA,NA,"planned",NA,NA
"T0255_DON","T0255","VA_D04","NH_R01","donor","transplant","seed_swab",NA,NA,NA,NA,NA,NA,NA,NA,NA,NA,NA,"planned",NA,NA
"T0255_RES","T0255","VA_D04","NH_R01","recipient","transplant","sediment",NA,NA,NA,NA,NA,NA,NA,NA,NA,NA,NA,"planned",NA,NA
"T0255_FIN","T0255","VA_D04","NH_R01","final","harvest","rhizoplane",NA,NA,NA,NA,NA,NA,NA,NA,NA,NA,NA,"planned",NA,NA
"T0256_DON","T0256","VA_D04","NH_R01","donor","transplant","seed_swab",NA,NA,NA,NA,NA,NA,NA,NA,NA,NA,NA,"planned",NA,NA
"T0256_RES","T0256","VA_D04","NH_R01","recipient","transplant","sediment",NA,NA,NA,NA,NA,NA,NA,NA,NA,NA,NA,"planned",NA,NA
"T0256_FIN","T0256","VA_D04","NH_R01","final","harvest","rhizoplane",NA,NA,NA,NA,NA,NA,NA,NA,NA,NA,NA,"planned",NA,NA
"T0257_DON","T0257","VA_D04","NH_R01","donor","transplant","seed_swab",NA,NA,NA,NA,NA,NA,NA,NA,NA,NA,NA,"planned",NA,NA
"T0257_RES","T0257","VA_D04","NH_R01","recipient","transplant","sediment",NA,NA,NA,NA,NA,NA,NA,NA,NA,NA,NA,"planned",NA,NA
"T0257_FIN","T0257","VA_D04","NH_R01","final","harvest","rhizoplane",NA,NA,NA,NA,NA,NA,NA,NA,NA,NA,NA,"planned",NA,NA
"T0258_DON","T0258","VA_D04","NH_R01","donor","transplant","seed_swab",NA,NA,NA,NA,NA,NA,NA,NA,NA,NA,NA,"planned",NA,NA
"T0258_RES","T0258","VA_D04","NH_R01","recipient","transplant","sediment",NA,NA,NA,NA,NA,NA,NA,NA,NA,NA,NA,"planned",NA,NA
"T0258_FIN","T0258","VA_D04","NH_R01","final","harvest","rhizoplane",NA,NA,NA,NA,NA,NA,NA,NA,NA,NA,NA,"planned",NA,NA
"T0259_DON","T0259","VA_D04","NH_R01","donor","transplant","seed_swab",NA,NA,NA,NA,NA,NA,NA,NA,NA,NA,NA,"planned",NA,NA
"T0259_RES","T0259","VA_D04","NH_R01","recipient","transplant","sediment",NA,NA,NA,NA,NA,NA,NA,NA,NA,NA,NA,"planned",NA,NA
"T0259_FIN","T0259","VA_D04","NH_R01","final","harvest","rhizoplane",NA,NA,NA,NA,NA,NA,NA,NA,NA,NA,NA,"planned",NA,NA
"T0260_DON","T0260","VA_D04","NH_R01","donor","transplant","seed_swab",NA,NA,NA,NA,NA,NA,NA,NA,NA,NA,NA,"planned",NA,NA
"T0260_RES","T0260","VA_D04","NH_R01","recipient","transplant","sediment",NA,NA,NA,NA,NA,NA,NA,NA,NA,NA,NA,"planned",NA,NA
"T0260_FIN","T0260","VA_D04","NH_R01","final","harvest","rhizoplane",NA,NA,NA,NA,NA,NA,NA,NA,NA,NA,NA,"planned",NA,NA
"T0261_DON","T0261","VA_D04","NH_R01","donor","transplant","seed_swab",NA,NA,NA,NA,NA,NA,NA,NA,NA,NA,NA,"planned",NA,NA
"T0261_RES","T0261","VA_D04","NH_R01","recipient","transplant","sediment",NA,NA,NA,NA,NA,NA,NA,NA,NA,NA,NA,"planned",NA,NA
"T0261_FIN","T0261","VA_D04","NH_R01","final","harvest","rhizoplane",NA,NA,NA,NA,NA,NA,NA,NA,NA,NA,NA,"planned",NA,NA
"T0262_DON","T0262","VA_D04","NH_R01","donor","transplant","seed_swab",NA,NA,NA,NA,NA,NA,NA,NA,NA,NA,NA,"planned",NA,NA
"T0262_RES","T0262","VA_D04","NH_R01","recipient","transplant","sediment",NA,NA,NA,NA,NA,NA,NA,NA,NA,NA,NA,"planned",NA,NA
"T0262_FIN","T0262","VA_D04","NH_R01","final","harvest","rhizoplane",NA,NA,NA,NA,NA,NA,NA,NA,NA,NA,NA,"planned",NA,NA
"T0263_DON","T0263","VA_D04","NH_R01","donor","transplant","seed_swab",NA,NA,NA,NA,NA,NA,NA,NA,NA,NA,NA,"planned",NA,NA
"T0263_RES","T0263","VA_D04","NH_R01","recipient","transplant","sediment",NA,NA,NA,NA,NA,NA,NA,NA,NA,NA,NA,"planned",NA,NA
"T0263_FIN","T0263","VA_D04","NH_R01","final","harvest","rhizoplane",NA,NA,NA,NA,NA,NA,NA,NA,NA,NA,NA,"planned",NA,NA
"T0264_DON","T0264","VA_D04","NH_R01","donor","transplant","seed_swab",NA,NA,NA,NA,NA,NA,NA,NA,NA,NA,NA,"planned",NA,NA
"T0264_RES","T0264","VA_D04","NH_R01","recipient","transplant","sediment",NA,NA,NA,NA,NA,NA,NA,NA,NA,NA,NA,"planned",NA,NA
"T0264_FIN","T0264","VA_D04","NH_R01","final","harvest","rhizoplane",NA,NA,NA,NA,NA,NA,NA,NA,NA,NA,NA,"planned",NA,NA
"T0265_DON","T0265","VA_D04","NH_R01","donor","transplant","seed_swab",NA,NA,NA,NA,NA,NA,NA,NA,NA,NA,NA,"planned",NA,NA
"T0265_RES","T0265","VA_D04","NH_R01","recipient","transplant","sediment",NA,NA,NA,NA,NA,NA,NA,NA,NA,NA,NA,"planned",NA,NA
"T0265_FIN","T0265","VA_D04","NH_R01","final","harvest","rhizoplane",NA,NA,NA,NA,NA,NA,NA,NA,NA,NA,NA,"planned",NA,NA
"T0266_DON","T0266","VA_D04","NH_R01","donor","transplant","seed_swab",NA,NA,NA,NA,NA,NA,NA,NA,NA,NA,NA,"planned",NA,NA
"T0266_RES","T0266","VA_D04","NH_R01","recipient","transplant","sediment",NA,NA,NA,NA,NA,NA,NA,NA,NA,NA,NA,"planned",NA,NA
"T0266_FIN","T0266","VA_D04","NH_R01","final","harvest","rhizoplane",NA,NA,NA,NA,NA,NA,NA,NA,NA,NA,NA,"planned",NA,NA
"T0267_DON","T0267","VA_D04","NH_R01","donor","transplant","seed_swab",NA,NA,NA,NA,NA,NA,NA,NA,NA,NA,NA,"planned",NA,NA
"T0267_RES","T0267","VA_D04","NH_R01","recipient","transplant","sediment",NA,NA,NA,NA,NA,NA,NA,NA,NA,NA,NA,"planned",NA,NA
"T0267_FIN","T0267","VA_D04","NH_R01","final","harvest","rhizoplane",NA,NA,NA,NA,NA,NA,NA,NA,NA,NA,NA,"planned",NA,NA
"T0268_DON","T0268","VA_D04","NH_R01","donor","transplant","seed_swab",NA,NA,NA,NA,NA,NA,NA,NA,NA,NA,NA,"planned",NA,NA
"T0268_RES","T0268","VA_D04","NH_R01","recipient","transplant","sediment",NA,NA,NA,NA,NA,NA,NA,NA,NA,NA,NA,"planned",NA,NA
"T0268_FIN","T0268","VA_D04","NH_R01","final","harvest","rhizoplane",NA,NA,NA,NA,NA,NA,NA,NA,NA,NA,NA,"planned",NA,NA
"T0269_DON","T0269","VA_D04","NH_R01","donor","transplant","seed_swab",NA,NA,NA,NA,NA,NA,NA,NA,NA,NA,NA,"planned",NA,NA
"T0269_RES","T0269","VA_D04","NH_R01","recipient","transplant","sediment",NA,NA,NA,NA,NA,NA,NA,NA,NA,NA,NA,"planned",NA,NA
"T0269_FIN","T0269","VA_D04","NH_R01","final","harvest","rhizoplane",NA,NA,NA,NA,NA,NA,NA,NA,NA,NA,NA,"planned",NA,NA
"T0270_DON","T0270","VA_D04","NH_R01","donor","transplant","seed_swab",NA,NA,NA,NA,NA,NA,NA,NA,NA,NA,NA,"planned",NA,NA
"T0270_RES","T0270","VA_D04","NH_R01","recipient","transplant","sediment",NA,NA,NA,NA,NA,NA,NA,NA,NA,NA,NA,"planned",NA,NA
"T0270_FIN","T0270","VA_D04","NH_R01","final","harvest","rhizoplane",NA,NA,NA,NA,NA,NA,NA,NA,NA,NA,NA,"planned",NA,NA
"T0271_DON","T0271","VA_D04","NH_R01","donor","transplant","seed_swab",NA,NA,NA,NA,NA,NA,NA,NA,NA,NA,NA,"planned",NA,NA
"T0271_RES","T0271","VA_D04","NH_R01","recipient","transplant","sediment",NA,NA,NA,NA,NA,NA,NA,NA,NA,NA,NA,"planned",NA,NA
"T0271_FIN","T0271","VA_D04","NH_R01","final","harvest","rhizoplane",NA,NA,NA,NA,NA,NA,NA,NA,NA,NA,NA,"planned",NA,NA
"T0272_DON","T0272","VA_D04","NH_R01","donor","transplant","seed_swab",NA,NA,NA,NA,NA,NA,NA,NA,NA,NA,NA,"planned",NA,NA
"T0272_RES","T0272","VA_D04","NH_R01","recipient","transplant","sediment",NA,NA,NA,NA,NA,NA,NA,NA,NA,NA,NA,"planned",NA,NA
"T0272_FIN","T0272","VA_D04","NH_R01","final","harvest","rhizoplane",NA,NA,NA,NA,NA,NA,NA,NA,NA,NA,NA,"planned",NA,NA
"T0273_DON","T0273","VA_D04","NH_R01","donor","transplant","seed_swab",NA,NA,NA,NA,NA,NA,NA,NA,NA,NA,NA,"planned",NA,NA
"T0273_RES","T0273","VA_D04","NH_R01","recipient","transplant","sediment",NA,NA,NA,NA,NA,NA,NA,NA,NA,NA,NA,"planned",NA,NA
"T0273_FIN","T0273","VA_D04","NH_R01","final","harvest","rhizoplane",NA,NA,NA,NA,NA,NA,NA,NA,NA,NA,NA,"planned",NA,NA
"T0274_DON","T0274","VA_D04","NH_R01","donor","transplant","seed_swab",NA,NA,NA,NA,NA,NA,NA,NA,NA,NA,NA,"planned",NA,NA
"T0274_RES","T0274","VA_D04","NH_R01","recipient","transplant","sediment",NA,NA,NA,NA,NA,NA,NA,NA,NA,NA,NA,"planned",NA,NA
"T0274_FIN","T0274","VA_D04","NH_R01","final","harvest","rhizoplane",NA,NA,NA,NA,NA,NA,NA,NA,NA,NA,NA,"planned",NA,NA
"T0275_DON","T0275","VA_D04","NH_R01","donor","transplant","seed_swab",NA,NA,NA,NA,NA,NA,NA,NA,NA,NA,NA,"planned",NA,NA
"T0275_RES","T0275","VA_D04","NH_R01","recipient","transplant","sediment",NA,NA,NA,NA,NA,NA,NA,NA,NA,NA,NA,"planned",NA,NA
"T0275_FIN","T0275","VA_D04","NH_R01","final","harvest","rhizoplane",NA,NA,NA,NA,NA,NA,NA,NA,NA,NA,NA,"planned",NA,NA
"T0276_DON","T0276","VA_D04","NH_R01","donor","transplant","seed_swab",NA,NA,NA,NA,NA,NA,NA,NA,NA,NA,NA,"planned",NA,NA
"T0276_RES","T0276","VA_D04","NH_R01","recipient","transplant","sediment",NA,NA,NA,NA,NA,NA,NA,NA,NA,NA,NA,"planned",NA,NA
"T0276_FIN","T0276","VA_D04","NH_R01","final","harvest","rhizoplane",NA,NA,NA,NA,NA,NA,NA,NA,NA,NA,NA,"planned",NA,NA
"T0277_DON","T0277","VA_D04","NH_R01","donor","transplant","seed_swab",NA,NA,NA,NA,NA,NA,NA,NA,NA,NA,NA,"planned",NA,NA
"T0277_RES","T0277","VA_D04","NH_R01","recipient","transplant","sediment",NA,NA,NA,NA,NA,NA,NA,NA,NA,NA,NA,"planned",NA,NA
"T0277_FIN","T0277","VA_D04","NH_R01","final","harvest","rhizoplane",NA,NA,NA,NA,NA,NA,NA,NA,NA,NA,NA,"planned",NA,NA
"T0278_DON","T0278","VA_D04","NH_R01","donor","transplant","seed_swab",NA,NA,NA,NA,NA,NA,NA,NA,NA,NA,NA,"planned",NA,NA
"T0278_RES","T0278","VA_D04","NH_R01","recipient","transplant","sediment",NA,NA,NA,NA,NA,NA,NA,NA,NA,NA,NA,"planned",NA,NA
"T0278_FIN","T0278","VA_D04","NH_R01","final","harvest","rhizoplane",NA,NA,NA,NA,NA,NA,NA,NA,NA,NA,NA,"planned",NA,NA
"T0279_DON","T0279","VA_D04","NH_R01","donor","transplant","seed_swab",NA,NA,NA,NA,NA,NA,NA,NA,NA,NA,NA,"planned",NA,NA
"T0279_RES","T0279","VA_D04","NH_R01","recipient","transplant","sediment",NA,NA,NA,NA,NA,NA,NA,NA,NA,NA,NA,"planned",NA,NA
"T0279_FIN","T0279","VA_D04","NH_R01","final","harvest","rhizoplane",NA,NA,NA,NA,NA,NA,NA,NA,NA,NA,NA,"planned",NA,NA
"T0280_DON","T0280","VA_D04","NH_R01","donor","transplant","seed_swab",NA,NA,NA,NA,NA,NA,NA,NA,NA,NA,NA,"planned",NA,NA
"T0280_RES","T0280","VA_D04","NH_R01","recipient","transplant","sediment",NA,NA,NA,NA,NA,NA,NA,NA,NA,NA,NA,"planned",NA,NA
"T0280_FIN","T0280","VA_D04","NH_R01","final","harvest","rhizoplane",NA,NA,NA,NA,NA,NA,NA,NA,NA,NA,NA,"planned",NA,NA
"CTRL_SWAB_001",NA,NA,NA,"swab_blank","transplant","blank",NA,NA,NA,NA,NA,NA,NA,NA,NA,NA,NA,"planned",NA,NA
"CTRL_SWAB_002",NA,NA,NA,"swab_blank","transplant","blank",NA,NA,NA,NA,NA,NA,NA,NA,NA,NA,NA,"planned",NA,NA
"CTRL_SWAB_003",NA,NA,NA,"swab_blank","transplant","blank",NA,NA,NA,NA,NA,NA,NA,NA,NA,NA,NA,"planned",NA,NA
"CTRL_SWAB_004",NA,NA,NA,"swab_blank","transplant","blank",NA,NA,NA,NA,NA,NA,NA,NA,NA,NA,NA,"planned",NA,NA
"CTRL_EXT_001",NA,NA,NA,"extraction_blank","extraction","blank",NA,NA,NA,NA,NA,NA,NA,NA,NA,NA,NA,"planned",NA,NA
"CTRL_EXT_002",NA,NA,NA,"extraction_blank","extraction","blank",NA,NA,NA,NA,NA,NA,NA,NA,NA,NA,NA,"planned",NA,NA
"CTRL_EXT_003",NA,NA,NA,"extraction_blank","extraction","blank",NA,NA,NA,NA,NA,NA,NA,NA,NA,NA,NA,"planned",NA,NA
"CTRL_EXT_004",NA,NA,NA,"extraction_blank","extraction","blank",NA,NA,NA,NA,NA,NA,NA,NA,NA,NA,NA,"planned",NA,NA
"CTRL_SW_001",NA,NA,NA,"seawater_blank","greenhouse","seawater",NA,NA,NA,NA,NA,NA,NA,NA,NA,NA,NA,"planned",NA,NA
"CTRL_SW_002",NA,NA,NA,"seawater_blank","greenhouse","seawater",NA,NA,NA,NA,NA,NA,NA,NA,NA,NA,NA,"planned",NA,NA
"CTRL_SW_003",NA,NA,NA,"seawater_blank","greenhouse","seawater",NA,NA,NA,NA,NA,NA,NA,NA,NA,NA,NA,"planned",NA,NA
"CTRL_SW_004",NA,NA,NA,"seawater_blank","greenhouse","seawater",NA,NA,NA,NA,NA,NA,NA,NA,NA,NA,NA,"planned",NA,NA
"CTRL_EQUIP_001",NA,NA,NA,"equipment_blank","sediment_collection","equipment_rinse",NA,NA,NA,NA,NA,NA,NA,NA,NA,NA,NA,"planned",NA,NA
"CTRL_EQUIP_002",NA,NA,NA,"equipment_blank","sediment_collection","equipment_rinse",NA,NA,NA,NA,NA,NA,NA,NA,NA,NA,NA,"planned",NA,NA
"CTRL_EQUIP_003",NA,NA,NA,"equipment_blank","sediment_collection","equipment_rinse",NA,NA,NA,NA,NA,NA,NA,NA,NA,NA,NA,"planned",NA,NA
"CTRL_EQUIP_004",NA,NA,NA,"equipment_blank","sediment_collection","equipment_rinse",NA,NA,NA,NA,NA,NA,NA,NA,NA,NA,NA,"planned",NA,NA
