"library_id","sample_id","marker","sequencing_provider","sequencing_run","library_batch","sequencing_platform","sequencing_instrument","sequencing_chemistry","fwd_filepath","rev_filepath","raw_read_count","qc_status","sra_bioproject","sra_biosample","sra_run_accession","sra_submission_date","notes"
"T0001_DON_16S","T0001_DON","16S","SeqCoast Genomics",NA,NA,"Illumina",NA,"2x300 bp",NA,NA,NA,"planned",NA,NA,NA,NA,NA
"T0001_DON_ITS2","T0001_DON","ITS2","SeqCoast Genomics",NA,NA,"Illumina",NA,"2x300 bp",NA,NA,NA,"planned",NA,NA,NA,NA,NA
"T0001_REC_16S","T0001_REC","16S","SeqCoast Genomics",NA,NA,"Illumina",NA,"2x300 bp",NA,NA,NA,"planned",NA,NA,NA,NA,NA
"T0001_REC_ITS2","T0001_REC","ITS2","SeqCoast Genomics",NA,NA,"Illumina",NA,"2x300 bp",NA,NA,NA,"planned",NA,NA,NA,NA,NA
"T0001_FIN_16S","T0001_FIN","16S","SeqCoast Genomics",NA,NA,"Illumina",NA,"2x300 bp",NA,NA,NA,"planned",NA,NA,NA,NA,NA
"T0001_FIN_ITS2","T0001_FIN","ITS2","SeqCoast Genomics",NA,NA,"Illumina",NA,"2x300 bp",NA,NA,NA,"planned",NA,NA,NA,NA,NA
"T0002_DON_16S","T0002_DON","16S","SeqCoast Genomics",NA,NA,"Illumina",NA,"2x300 bp",NA,NA,NA,"planned",NA,NA,NA,NA,NA
"T0002_DON_ITS2","T0002_DON","ITS2","SeqCoast Genomics",NA,NA,"Illumina",NA,"2x300 bp",NA,NA,NA,"planned",NA,NA,NA,NA,NA
"T0002_REC_16S","T0002_REC","16S","SeqCoast Genomics",NA,NA,"Illumina",NA,"2x300 bp",NA,NA,NA,"planned",NA,NA,NA,NA,NA
"T0002_REC_ITS2","T0002_REC","ITS2","SeqCoast Genomics",NA,NA,"Illumina",NA,"2x300 bp",NA,NA,NA,"planned",NA,NA,NA,NA,NA
"T0002_FIN_16S","T0002_FIN","16S","SeqCoast Genomics",NA,NA,"Illumina",NA,"2x300 bp",NA,NA,NA,"planned",NA,NA,NA,NA,NA
"T0002_FIN_ITS2","T0002_FIN","ITS2","SeqCoast Genomics",NA,NA,"Illumina",NA,"2x300 bp",NA,NA,NA,"planned",NA,NA,NA,NA,NA
"T0003_DON_16S","T0003_DON","16S","SeqCoast Genomics",NA,NA,"Illumina",NA,"2x300 bp",NA,NA,NA,"planned",NA,NA,NA,NA,NA
"T0003_DON_ITS2","T0003_DON","ITS2","SeqCoast Genomics",NA,NA,"Illumina",NA,"2x300 bp",NA,NA,NA,"planned",NA,NA,NA,NA,NA
"T0003_REC_16S","T0003_REC","16S","SeqCoast Genomics",NA,NA,"Illumina",NA,"2x300 bp",NA,NA,NA,"planned",NA,NA,NA,NA,NA
"T0003_REC_ITS2","T0003_REC","ITS2","SeqCoast Genomics",NA,NA,"Illumina",NA,"2x300 bp",NA,NA,NA,"planned",NA,NA,NA,NA,NA
"T0003_FIN_16S","T0003_FIN","16S","SeqCoast Genomics",NA,NA,"Illumina",NA,"2x300 bp",NA,NA,NA,"planned",NA,NA,NA,NA,NA
"T0003_FIN_ITS2","T0003_FIN","ITS2","SeqCoast Genomics",NA,NA,"Illumina",NA,"2x300 bp",NA,NA,NA,"planned",NA,NA,NA,NA,NA
"T0004_DON_16S","T0004_DON","16S","SeqCoast Genomics",NA,NA,"Illumina",NA,"2x300 bp",NA,NA,NA,"planned",NA,NA,NA,NA,NA
"T0004_DON_ITS2","T0004_DON","ITS2","SeqCoast Genomics",NA,NA,"Illumina",NA,"2x300 bp",NA,NA,NA,"planned",NA,NA,NA,NA,NA
"T0004_REC_16S","T0004_REC","16S","SeqCoast Genomics",NA,NA,"Illumina",NA,"2x300 bp",NA,NA,NA,"planned",NA,NA,NA,NA,NA
"T0004_REC_ITS2","T0004_REC","ITS2","SeqCoast Genomics",NA,NA,"Illumina",NA,"2x300 bp",NA,NA,NA,"planned",NA,NA,NA,NA,NA
"T0004_FIN_16S","T0004_FIN","16S","SeqCoast Genomics",NA,NA,"Illumina",NA,"2x300 bp",NA,NA,NA,"planned",NA,NA,NA,NA,NA
"T0004_FIN_ITS2","T0004_FIN","ITS2","SeqCoast Genomics",NA,NA,"Illumina",NA,"2x300 bp",NA,NA,NA,"planned",NA,NA,NA,NA,NA
"T0005_DON_16S","T0005_DON","16S","SeqCoast Genomics",NA,NA,"Illumina",NA,"2x300 bp",NA,NA,NA,"planned",NA,NA,NA,NA,NA
"T0005_DON_ITS2","T0005_DON","ITS2","SeqCoast Genomics",NA,NA,"Illumina",NA,"2x300 bp",NA,NA,NA,"planned",NA,NA,NA,NA,NA
"T0005_REC_16S","T0005_REC","16S","SeqCoast Genomics",NA,NA,"Illumina",NA,"2x300 bp",NA,NA,NA,"planned",NA,NA,NA,NA,NA
"T0005_REC_ITS2","T0005_REC","ITS2","SeqCoast Genomics",NA,NA,"Illumina",NA,"2x300 bp",NA,NA,NA,"planned",NA,NA,NA,NA,NA
"T0005_FIN_16S","T0005_FIN","16S","SeqCoast Genomics",NA,NA,"Illumina",NA,"2x300 bp",NA,NA,NA,"planned",NA,NA,NA,NA,NA
"T0005_FIN_ITS2","T0005_FIN","ITS2","SeqCoast Genomics",NA,NA,"Illumina",NA,"2x300 bp",NA,NA,NA,"planned",NA,NA,NA,NA,NA
"T0006_DON_16S","T0006_DON","16S","SeqCoast Genomics",NA,NA,"Illumina",NA,"2x300 bp",NA,NA,NA,"planned",NA,NA,NA,NA,NA
"T0006_DON_ITS2","T0006_DON","ITS2","SeqCoast Genomics",NA,NA,"Illumina",NA,"2x300 bp",NA,NA,NA,"planned",NA,NA,NA,NA,NA
"T0006_REC_16S","T0006_REC","16S","SeqCoast Genomics",NA,NA,"Illumina",NA,"2x300 bp",NA,NA,NA,"planned",NA,NA,NA,NA,NA
"T0006_REC_ITS2","T0006_REC","ITS2","SeqCoast Genomics",NA,NA,"Illumina",NA,"2x300 bp",NA,NA,NA,"planned",NA,NA,NA,NA,NA
"T0006_FIN_16S","T0006_FIN","16S","SeqCoast Genomics",NA,NA,"Illumina",NA,"2x300 bp",NA,NA,NA,"planned",NA,NA,NA,NA,NA
"T0006_FIN_ITS2","T0006_FIN","ITS2","SeqCoast Genomics",NA,NA,"Illumina",NA,"2x300 bp",NA,NA,NA,"planned",NA,NA,NA,NA,NA
"T0007_DON_16S","T0007_DON","16S","SeqCoast Genomics",NA,NA,"Illumina",NA,"2x300 bp",NA,NA,NA,"planned",NA,NA,NA,NA,NA
"T0007_DON_ITS2","T0007_DON","ITS2","SeqCoast Genomics",NA,NA,"Illumina",NA,"2x300 bp",NA,NA,NA,"planned",NA,NA,NA,NA,NA
"T0007_REC_16S","T0007_REC","16S","SeqCoast Genomics",NA,NA,"Illumina",NA,"2x300 bp",NA,NA,NA,"planned",NA,NA,NA,NA,NA
"T0007_REC_ITS2","T0007_REC","ITS2","SeqCoast Genomics",NA,NA,"Illumina",NA,"2x300 bp",NA,NA,NA,"planned",NA,NA,NA,NA,NA
"T0007_FIN_16S","T0007_FIN","16S","SeqCoast Genomics",NA,NA,"Illumina",NA,"2x300 bp",NA,NA,NA,"planned",NA,NA,NA,NA,NA
"T0007_FIN_ITS2","T0007_FIN","ITS2","SeqCoast Genomics",NA,NA,"Illumina",NA,"2x300 bp",NA,NA,NA,"planned",NA,NA,NA,NA,NA
"T0008_DON_16S","T0008_DON","16S","SeqCoast Genomics",NA,NA,"Illumina",NA,"2x300 bp",NA,NA,NA,"planned",NA,NA,NA,NA,NA
"T0008_DON_ITS2","T0008_DON","ITS2","SeqCoast Genomics",NA,NA,"Illumina",NA,"2x300 bp",NA,NA,NA,"planned",NA,NA,NA,NA,NA
"T0008_REC_16S","T0008_REC","16S","SeqCoast Genomics",NA,NA,"Illumina",NA,"2x300 bp",NA,NA,NA,"planned",NA,NA,NA,NA,NA
"T0008_REC_ITS2","T0008_REC","ITS2","SeqCoast Genomics",NA,NA,"Illumina",NA,"2x300 bp",NA,NA,NA,"planned",NA,NA,NA,NA,NA
"T0008_FIN_16S","T0008_FIN","16S","SeqCoast Genomics",NA,NA,"Illumina",NA,"2x300 bp",NA,NA,NA,"planned",NA,NA,NA,NA,NA
"T0008_FIN_ITS2","T0008_FIN","ITS2","SeqCoast Genomics",NA,NA,"Illumina",NA,"2x300 bp",NA,NA,NA,"planned",NA,NA,NA,NA,NA
"T0009_DON_16S","T0009_DON","16S","SeqCoast Genomics",NA,NA,"Illumina",NA,"2x300 bp",NA,NA,NA,"planned",NA,NA,NA,NA,NA
"T0009_DON_ITS2","T0009_DON","ITS2","SeqCoast Genomics",NA,NA,"Illumina",NA,"2x300 bp",NA,NA,NA,"planned",NA,NA,NA,NA,NA
"T0009_REC_16S","T0009_REC","16S","SeqCoast Genomics",NA,NA,"Illumina",NA,"2x300 bp",NA,NA,NA,"planned",NA,NA,NA,NA,NA
"T0009_REC_ITS2","T0009_REC","ITS2","SeqCoast Genomics",NA,NA,"Illumina",NA,"2x300 bp",NA,NA,NA,"planned",NA,NA,NA,NA,NA
"T0009_FIN_16S","T0009_FIN","16S","SeqCoast Genomics",NA,NA,"Illumina",NA,"2x300 bp",NA,NA,NA,"planned",NA,NA,NA,NA,NA
"T0009_FIN_ITS2","T0009_FIN","ITS2","SeqCoast Genomics",NA,NA,"Illumina",NA,"2x300 bp",NA,NA,NA,"planned",NA,NA,NA,NA,NA
"T0010_DON_16S","T0010_DON","16S","SeqCoast Genomics",NA,NA,"Illumina",NA,"2x300 bp",NA,NA,NA,"planned",NA,NA,NA,NA,NA
"T0010_DON_ITS2","T0010_DON","ITS2","SeqCoast Genomics",NA,NA,"Illumina",NA,"2x300 bp",NA,NA,NA,"planned",NA,NA,NA,NA,NA
"T0010_REC_16S","T0010_REC","16S","SeqCoast Genomics",NA,NA,"Illumina",NA,"2x300 bp",NA,NA,NA,"planned",NA,NA,NA,NA,NA
"T0010_REC_ITS2","T0010_REC","ITS2","SeqCoast Genomics",NA,NA,"Illumina",NA,"2x300 bp",NA,NA,NA,"planned",NA,NA,NA,NA,NA
"T0010_FIN_16S","T0010_FIN","16S","SeqCoast Genomics",NA,NA,"Illumina",NA,"2x300 bp",NA,NA,NA,"planned",NA,NA,NA,NA,NA
"T0010_FIN_ITS2","T0010_FIN","ITS2","SeqCoast Genomics",NA,NA,"Illumina",NA,"2x300 bp",NA,NA,NA,"planned",NA,NA,NA,NA,NA
"T0011_DON_16S","T0011_DON","16S","SeqCoast Genomics",NA,NA,"Illumina",NA,"2x300 bp",NA,NA,NA,"planned",NA,NA,NA,NA,NA
"T0011_DON_ITS2","T0011_DON","ITS2","SeqCoast Genomics",NA,NA,"Illumina",NA,"2x300 bp",NA,NA,NA,"planned",NA,NA,NA,NA,NA
"T0011_REC_16S","T0011_REC","16S","SeqCoast Genomics",NA,NA,"Illumina",NA,"2x300 bp",NA,NA,NA,"planned",NA,NA,NA,NA,NA
"T0011_REC_ITS2","T0011_REC","ITS2","SeqCoast Genomics",NA,NA,"Illumina",NA,"2x300 bp",NA,NA,NA,"planned",NA,NA,NA,NA,NA
"T0011_FIN_16S","T0011_FIN","16S","SeqCoast Genomics",NA,NA,"Illumina",NA,"2x300 bp",NA,NA,NA,"planned",NA,NA,NA,NA,NA
"T0011_FIN_ITS2","T0011_FIN","ITS2","SeqCoast Genomics",NA,NA,"Illumina",NA,"2x300 bp",NA,NA,NA,"planned",NA,NA,NA,NA,NA
"T0012_DON_16S","T0012_DON","16S","SeqCoast Genomics",NA,NA,"Illumina",NA,"2x300 bp",NA,NA,NA,"planned",NA,NA,NA,NA,NA
"T0012_DON_ITS2","T0012_DON","ITS2","SeqCoast Genomics",NA,NA,"Illumina",NA,"2x300 bp",NA,NA,NA,"planned",NA,NA,NA,NA,NA
"T0012_REC_16S","T0012_REC","16S","SeqCoast Genomics",NA,NA,"Illumina",NA,"2x300 bp",NA,NA,NA,"planned",NA,NA,NA,NA,NA
"T0012_REC_ITS2","T0012_REC","ITS2","SeqCoast Genomics",NA,NA,"Illumina",NA,"2x300 bp",NA,NA,NA,"planned",NA,NA,NA,NA,NA
"T0012_FIN_16S","T0012_FIN","16S","SeqCoast Genomics",NA,NA,"Illumina",NA,"2x300 bp",NA,NA,NA,"planned",NA,NA,NA,NA,NA
"T0012_FIN_ITS2","T0012_FIN","ITS2","SeqCoast Genomics",NA,NA,"Illumina",NA,"2x300 bp",NA,NA,NA,"planned",NA,NA,NA,NA,NA
"T0013_DON_16S","T0013_DON","16S","SeqCoast Genomics",NA,NA,"Illumina",NA,"2x300 bp",NA,NA,NA,"planned",NA,NA,NA,NA,NA
"T0013_DON_ITS2","T0013_DON","ITS2","SeqCoast Genomics",NA,NA,"Illumina",NA,"2x300 bp",NA,NA,NA,"planned",NA,NA,NA,NA,NA
"T0013_REC_16S","T0013_REC","16S","SeqCoast Genomics",NA,NA,"Illumina",NA,"2x300 bp",NA,NA,NA,"planned",NA,NA,NA,NA,NA
"T0013_REC_ITS2","T0013_REC","ITS2","SeqCoast Genomics",NA,NA,"Illumina",NA,"2x300 bp",NA,NA,NA,"planned",NA,NA,NA,NA,NA
"T0013_FIN_16S","T0013_FIN","16S","SeqCoast Genomics",NA,NA,"Illumina",NA,"2x300 bp",NA,NA,NA,"planned",NA,NA,NA,NA,NA
"T0013_FIN_ITS2","T0013_FIN","ITS2","SeqCoast Genomics",NA,NA,"Illumina",NA,"2x300 bp",NA,NA,NA,"planned",NA,NA,NA,NA,NA
"T0014_DON_16S","T0014_DON","16S","SeqCoast Genomics",NA,NA,"Illumina",NA,"2x300 bp",NA,NA,NA,"planned",NA,NA,NA,NA,NA
"T0014_DON_ITS2","T0014_DON","ITS2","SeqCoast Genomics",NA,NA,"Illumina",NA,"2x300 bp",NA,NA,NA,"planned",NA,NA,NA,NA,NA
"T0014_REC_16S","T0014_REC","16S","SeqCoast Genomics",NA,NA,"Illumina",NA,"2x300 bp",NA,NA,NA,"planned",NA,NA,NA,NA,NA
"T0014_REC_ITS2","T0014_REC","ITS2","SeqCoast Genomics",NA,NA,"Illumina",NA,"2x300 bp",NA,NA,NA,"planned",NA,NA,NA,NA,NA
"T0014_FIN_16S","T0014_FIN","16S","SeqCoast Genomics",NA,NA,"Illumina",NA,"2x300 bp",NA,NA,NA,"planned",NA,NA,NA,NA,NA
"T0014_FIN_ITS2","T0014_FIN","ITS2","SeqCoast Genomics",NA,NA,"Illumina",NA,"2x300 bp",NA,NA,NA,"planned",NA,NA,NA,NA,NA
"T0015_DON_16S","T0015_DON","16S","SeqCoast Genomics",NA,NA,"Illumina",NA,"2x300 bp",NA,NA,NA,"planned",NA,NA,NA,NA,NA
"T0015_DON_ITS2","T0015_DON","ITS2","SeqCoast Genomics",NA,NA,"Illumina",NA,"2x300 bp",NA,NA,NA,"planned",NA,NA,NA,NA,NA
"T0015_REC_16S","T0015_REC","16S","SeqCoast Genomics",NA,NA,"Illumina",NA,"2x300 bp",NA,NA,NA,"planned",NA,NA,NA,NA,NA
"T0015_REC_ITS2","T0015_REC","ITS2","SeqCoast Genomics",NA,NA,"Illumina",NA,"2x300 bp",NA,NA,NA,"planned",NA,NA,NA,NA,NA
"T0015_FIN_16S","T0015_FIN","16S","SeqCoast Genomics",NA,NA,"Illumina",NA,"2x300 bp",NA,NA,NA,"planned",NA,NA,NA,NA,NA
"T0015_FIN_ITS2","T0015_FIN","ITS2","SeqCoast Genomics",NA,NA,"Illumina",NA,"2x300 bp",NA,NA,NA,"planned",NA,NA,NA,NA,NA
"T0016_DON_16S","T0016_DON","16S","SeqCoast Genomics",NA,NA,"Illumina",NA,"2x300 bp",NA,NA,NA,"planned",NA,NA,NA,NA,NA
"T0016_DON_ITS2","T0016_DON","ITS2","SeqCoast Genomics",NA,NA,"Illumina",NA,"2x300 bp",NA,NA,NA,"planned",NA,NA,NA,NA,NA
"T0016_REC_16S","T0016_REC","16S","SeqCoast Genomics",NA,NA,"Illumina",NA,"2x300 bp",NA,NA,NA,"planned",NA,NA,NA,NA,NA
"T0016_REC_ITS2","T0016_REC","ITS2","SeqCoast Genomics",NA,NA,"Illumina",NA,"2x300 bp",NA,NA,NA,"planned",NA,NA,NA,NA,NA
"T0016_FIN_16S","T0016_FIN","16S","SeqCoast Genomics",NA,NA,"Illumina",NA,"2x300 bp",NA,NA,NA,"planned",NA,NA,NA,NA,NA
"T0016_FIN_ITS2","T0016_FIN","ITS2","SeqCoast Genomics",NA,NA,"Illumina",NA,"2x300 bp",NA,NA,NA,"planned",NA,NA,NA,NA,NA
"T0017_DON_16S","T0017_DON","16S","SeqCoast Genomics",NA,NA,"Illumina",NA,"2x300 bp",NA,NA,NA,"planned",NA,NA,NA,NA,NA
"T0017_DON_ITS2","T0017_DON","ITS2","SeqCoast Genomics",NA,NA,"Illumina",NA,"2x300 bp",NA,NA,NA,"planned",NA,NA,NA,NA,NA
"T0017_REC_16S","T0017_REC","16S","SeqCoast Genomics",NA,NA,"Illumina",NA,"2x300 bp",NA,NA,NA,"planned",NA,NA,NA,NA,NA
"T0017_REC_ITS2","T0017_REC","ITS2","SeqCoast Genomics",NA,NA,"Illumina",NA,"2x300 bp",NA,NA,NA,"planned",NA,NA,NA,NA,NA
"T0017_FIN_16S","T0017_FIN","16S","SeqCoast Genomics",NA,NA,"Illumina",NA,"2x300 bp",NA,NA,NA,"planned",NA,NA,NA,NA,NA
"T0017_FIN_ITS2","T0017_FIN","ITS2","SeqCoast Genomics",NA,NA,"Illumina",NA,"2x300 bp",NA,NA,NA,"planned",NA,NA,NA,NA,NA
"T0018_DON_16S","T0018_DON","16S","SeqCoast Genomics",NA,NA,"Illumina",NA,"2x300 bp",NA,NA,NA,"planned",NA,NA,NA,NA,NA
"T0018_DON_ITS2","T0018_DON","ITS2","SeqCoast Genomics",NA,NA,"Illumina",NA,"2x300 bp",NA,NA,NA,"planned",NA,NA,NA,NA,NA
"T0018_REC_16S","T0018_REC","16S","SeqCoast Genomics",NA,NA,"Illumina",NA,"2x300 bp",NA,NA,NA,"planned",NA,NA,NA,NA,NA
"T0018_REC_ITS2","T0018_REC","ITS2","SeqCoast Genomics",NA,NA,"Illumina",NA,"2x300 bp",NA,NA,NA,"planned",NA,NA,NA,NA,NA
"T0018_FIN_16S","T0018_FIN","16S","SeqCoast Genomics",NA,NA,"Illumina",NA,"2x300 bp",NA,NA,NA,"planned",NA,NA,NA,NA,NA
"T0018_FIN_ITS2","T0018_FIN","ITS2","SeqCoast Genomics",NA,NA,"Illumina",NA,"2x300 bp",NA,NA,NA,"planned",NA,NA,NA,NA,NA
"T0019_DON_16S","T0019_DON","16S","SeqCoast Genomics",NA,NA,"Illumina",NA,"2x300 bp",NA,NA,NA,"planned",NA,NA,NA,NA,NA
"T0019_DON_ITS2","T0019_DON","ITS2","SeqCoast Genomics",NA,NA,"Illumina",NA,"2x300 bp",NA,NA,NA,"planned",NA,NA,NA,NA,NA
"T0019_REC_16S","T0019_REC","16S","SeqCoast Genomics",NA,NA,"Illumina",NA,"2x300 bp",NA,NA,NA,"planned",NA,NA,NA,NA,NA
"T0019_REC_ITS2","T0019_REC","ITS2","SeqCoast Genomics",NA,NA,"Illumina",NA,"2x300 bp",NA,NA,NA,"planned",NA,NA,NA,NA,NA
"T0019_FIN_16S","T0019_FIN","16S","SeqCoast Genomics",NA,NA,"Illumina",NA,"2x300 bp",NA,NA,NA,"planned",NA,NA,NA,NA,NA
"T0019_FIN_ITS2","T0019_FIN","ITS2","SeqCoast Genomics",NA,NA,"Illumina",NA,"2x300 bp",NA,NA,NA,"planned",NA,NA,NA,NA,NA
"T0020_DON_16S","T0020_DON","16S","SeqCoast Genomics",NA,NA,"Illumina",NA,"2x300 bp",NA,NA,NA,"planned",NA,NA,NA,NA,NA
"T0020_DON_ITS2","T0020_DON","ITS2","SeqCoast Genomics",NA,NA,"Illumina",NA,"2x300 bp",NA,NA,NA,"planned",NA,NA,NA,NA,NA
"T0020_REC_16S","T0020_REC","16S","SeqCoast Genomics",NA,NA,"Illumina",NA,"2x300 bp",NA,NA,NA,"planned",NA,NA,NA,NA,NA
"T0020_REC_ITS2","T0020_REC","ITS2","SeqCoast Genomics",NA,NA,"Illumina",NA,"2x300 bp",NA,NA,NA,"planned",NA,NA,NA,NA,NA
"T0020_FIN_16S","T0020_FIN","16S","SeqCoast Genomics",NA,NA,"Illumina",NA,"2x300 bp",NA,NA,NA,"planned",NA,NA,NA,NA,NA
"T0020_FIN_ITS2","T0020_FIN","ITS2","SeqCoast Genomics",NA,NA,"Illumina",NA,"2x300 bp",NA,NA,NA,"planned",NA,NA,NA,NA,NA
"T0021_DON_16S","T0021_DON","16S","SeqCoast Genomics",NA,NA,"Illumina",NA,"2x300 bp",NA,NA,NA,"planned",NA,NA,NA,NA,NA
"T0021_DON_ITS2","T0021_DON","ITS2","SeqCoast Genomics",NA,NA,"Illumina",NA,"2x300 bp",NA,NA,NA,"planned",NA,NA,NA,NA,NA
"T0021_REC_16S","T0021_REC","16S","SeqCoast Genomics",NA,NA,"Illumina",NA,"2x300 bp",NA,NA,NA,"planned",NA,NA,NA,NA,NA
"T0021_REC_ITS2","T0021_REC","ITS2","SeqCoast Genomics",NA,NA,"Illumina",NA,"2x300 bp",NA,NA,NA,"planned",NA,NA,NA,NA,NA
"T0021_FIN_16S","T0021_FIN","16S","SeqCoast Genomics",NA,NA,"Illumina",NA,"2x300 bp",NA,NA,NA,"planned",NA,NA,NA,NA,NA
"T0021_FIN_ITS2","T0021_FIN","ITS2","SeqCoast Genomics",NA,NA,"Illumina",NA,"2x300 bp",NA,NA,NA,"planned",NA,NA,NA,NA,NA
"T0022_DON_16S","T0022_DON","16S","SeqCoast Genomics",NA,NA,"Illumina",NA,"2x300 bp",NA,NA,NA,"planned",NA,NA,NA,NA,NA
"T0022_DON_ITS2","T0022_DON","ITS2","SeqCoast Genomics",NA,NA,"Illumina",NA,"2x300 bp",NA,NA,NA,"planned",NA,NA,NA,NA,NA
"T0022_REC_16S","T0022_REC","16S","SeqCoast Genomics",NA,NA,"Illumina",NA,"2x300 bp",NA,NA,NA,"planned",NA,NA,NA,NA,NA
"T0022_REC_ITS2","T0022_REC","ITS2","SeqCoast Genomics",NA,NA,"Illumina",NA,"2x300 bp",NA,NA,NA,"planned",NA,NA,NA,NA,NA
"T0022_FIN_16S","T0022_FIN","16S","SeqCoast Genomics",NA,NA,"Illumina",NA,"2x300 bp",NA,NA,NA,"planned",NA,NA,NA,NA,NA
"T0022_FIN_ITS2","T0022_FIN","ITS2","SeqCoast Genomics",NA,NA,"Illumina",NA,"2x300 bp",NA,NA,NA,"planned",NA,NA,NA,NA,NA
"T0023_DON_16S","T0023_DON","16S","SeqCoast Genomics",NA,NA,"Illumina",NA,"2x300 bp",NA,NA,NA,"planned",NA,NA,NA,NA,NA
"T0023_DON_ITS2","T0023_DON","ITS2","SeqCoast Genomics",NA,NA,"Illumina",NA,"2x300 bp",NA,NA,NA,"planned",NA,NA,NA,NA,NA
"T0023_REC_16S","T0023_REC","16S","SeqCoast Genomics",NA,NA,"Illumina",NA,"2x300 bp",NA,NA,NA,"planned",NA,NA,NA,NA,NA
"T0023_REC_ITS2","T0023_REC","ITS2","SeqCoast Genomics",NA,NA,"Illumina",NA,"2x300 bp",NA,NA,NA,"planned",NA,NA,NA,NA,NA
"T0023_FIN_16S","T0023_FIN","16S","SeqCoast Genomics",NA,NA,"Illumina",NA,"2x300 bp",NA,NA,NA,"planned",NA,NA,NA,NA,NA
"T0023_FIN_ITS2","T0023_FIN","ITS2","SeqCoast Genomics",NA,NA,"Illumina",NA,"2x300 bp",NA,NA,NA,"planned",NA,NA,NA,NA,NA
"T0024_DON_16S","T0024_DON","16S","SeqCoast Genomics",NA,NA,"Illumina",NA,"2x300 bp",NA,NA,NA,"planned",NA,NA,NA,NA,NA
"T0024_DON_ITS2","T0024_DON","ITS2","SeqCoast Genomics",NA,NA,"Illumina",NA,"2x300 bp",NA,NA,NA,"planned",NA,NA,NA,NA,NA
"T0024_REC_16S","T0024_REC","16S","SeqCoast Genomics",NA,NA,"Illumina",NA,"2x300 bp",NA,NA,NA,"planned",NA,NA,NA,NA,NA
"T0024_REC_ITS2","T0024_REC","ITS2","SeqCoast Genomics",NA,NA,"Illumina",NA,"2x300 bp",NA,NA,NA,"planned",NA,NA,NA,NA,NA
"T0024_FIN_16S","T0024_FIN","16S","SeqCoast Genomics",NA,NA,"Illumina",NA,"2x300 bp",NA,NA,NA,"planned",NA,NA,NA,NA,NA
"T0024_FIN_ITS2","T0024_FIN","ITS2","SeqCoast Genomics",NA,NA,"Illumina",NA,"2x300 bp",NA,NA,NA,"planned",NA,NA,NA,NA,NA
"T0025_DON_16S","T0025_DON","16S","SeqCoast Genomics",NA,NA,"Illumina",NA,"2x300 bp",NA,NA,NA,"planned",NA,NA,NA,NA,NA
"T0025_DON_ITS2","T0025_DON","ITS2","SeqCoast Genomics",NA,NA,"Illumina",NA,"2x300 bp",NA,NA,NA,"planned",NA,NA,NA,NA,NA
"T0025_REC_16S","T0025_REC","16S","SeqCoast Genomics",NA,NA,"Illumina",NA,"2x300 bp",NA,NA,NA,"planned",NA,NA,NA,NA,NA
"T0025_REC_ITS2","T0025_REC","ITS2","SeqCoast Genomics",NA,NA,"Illumina",NA,"2x300 bp",NA,NA,NA,"planned",NA,NA,NA,NA,NA
"T0025_FIN_16S","T0025_FIN","16S","SeqCoast Genomics",NA,NA,"Illumina",NA,"2x300 bp",NA,NA,NA,"planned",NA,NA,NA,NA,NA
"T0025_FIN_ITS2","T0025_FIN","ITS2","SeqCoast Genomics",NA,NA,"Illumina",NA,"2x300 bp",NA,NA,NA,"planned",NA,NA,NA,NA,NA
"T0026_DON_16S","T0026_DON","16S","SeqCoast Genomics",NA,NA,"Illumina",NA,"2x300 bp",NA,NA,NA,"planned",NA,NA,NA,NA,NA
"T0026_DON_ITS2","T0026_DON","ITS2","SeqCoast Genomics",NA,NA,"Illumina",NA,"2x300 bp",NA,NA,NA,"planned",NA,NA,NA,NA,NA
"T0026_REC_16S","T0026_REC","16S","SeqCoast Genomics",NA,NA,"Illumina",NA,"2x300 bp",NA,NA,NA,"planned",NA,NA,NA,NA,NA
"T0026_REC_ITS2","T0026_REC","ITS2","SeqCoast Genomics",NA,NA,"Illumina",NA,"2x300 bp",NA,NA,NA,"planned",NA,NA,NA,NA,NA
"T0026_FIN_16S","T0026_FIN","16S","SeqCoast Genomics",NA,NA,"Illumina",NA,"2x300 bp",NA,NA,NA,"planned",NA,NA,NA,NA,NA
"T0026_FIN_ITS2","T0026_FIN","ITS2","SeqCoast Genomics",NA,NA,"Illumina",NA,"2x300 bp",NA,NA,NA,"planned",NA,NA,NA,NA,NA
"T0027_DON_16S","T0027_DON","16S","SeqCoast Genomics",NA,NA,"Illumina",NA,"2x300 bp",NA,NA,NA,"planned",NA,NA,NA,NA,NA
"T0027_DON_ITS2","T0027_DON","ITS2","SeqCoast Genomics",NA,NA,"Illumina",NA,"2x300 bp",NA,NA,NA,"planned",NA,NA,NA,NA,NA
"T0027_REC_16S","T0027_REC","16S","SeqCoast Genomics",NA,NA,"Illumina",NA,"2x300 bp",NA,NA,NA,"planned",NA,NA,NA,NA,NA
"T0027_REC_ITS2","T0027_REC","ITS2","SeqCoast Genomics",NA,NA,"Illumina",NA,"2x300 bp",NA,NA,NA,"planned",NA,NA,NA,NA,NA
"T0027_FIN_16S","T0027_FIN","16S","SeqCoast Genomics",NA,NA,"Illumina",NA,"2x300 bp",NA,NA,NA,"planned",NA,NA,NA,NA,NA
"T0027_FIN_ITS2","T0027_FIN","ITS2","SeqCoast Genomics",NA,NA,"Illumina",NA,"2x300 bp",NA,NA,NA,"planned",NA,NA,NA,NA,NA
"T0028_DON_16S","T0028_DON","16S","SeqCoast Genomics",NA,NA,"Illumina",NA,"2x300 bp",NA,NA,NA,"planned",NA,NA,NA,NA,NA
"T0028_DON_ITS2","T0028_DON","ITS2","SeqCoast Genomics",NA,NA,"Illumina",NA,"2x300 bp",NA,NA,NA,"planned",NA,NA,NA,NA,NA
"T0028_REC_16S","T0028_REC","16S","SeqCoast Genomics",NA,NA,"Illumina",NA,"2x300 bp",NA,NA,NA,"planned",NA,NA,NA,NA,NA
"T0028_REC_ITS2","T0028_REC","ITS2","SeqCoast Genomics",NA,NA,"Illumina",NA,"2x300 bp",NA,NA,NA,"planned",NA,NA,NA,NA,NA
"T0028_FIN_16S","T0028_FIN","16S","SeqCoast Genomics",NA,NA,"Illumina",NA,"2x300 bp",NA,NA,NA,"planned",NA,NA,NA,NA,NA
"T0028_FIN_ITS2","T0028_FIN","ITS2","SeqCoast Genomics",NA,NA,"Illumina",NA,"2x300 bp",NA,NA,NA,"planned",NA,NA,NA,NA,NA
"T0029_DON_16S","T0029_DON","16S","SeqCoast Genomics",NA,NA,"Illumina",NA,"2x300 bp",NA,NA,NA,"planned",NA,NA,NA,NA,NA
"T0029_DON_ITS2","T0029_DON","ITS2","SeqCoast Genomics",NA,NA,"Illumina",NA,"2x300 bp",NA,NA,NA,"planned",NA,NA,NA,NA,NA
"T0029_REC_16S","T0029_REC","16S","SeqCoast Genomics",NA,NA,"Illumina",NA,"2x300 bp",NA,NA,NA,"planned",NA,NA,NA,NA,NA
"T0029_REC_ITS2","T0029_REC","ITS2","SeqCoast Genomics",NA,NA,"Illumina",NA,"2x300 bp",NA,NA,NA,"planned",NA,NA,NA,NA,NA
"T0029_FIN_16S","T0029_FIN","16S","SeqCoast Genomics",NA,NA,"Illumina",NA,"2x300 bp",NA,NA,NA,"planned",NA,NA,NA,NA,NA
"T0029_FIN_ITS2","T0029_FIN","ITS2","SeqCoast Genomics",NA,NA,"Illumina",NA,"2x300 bp",NA,NA,NA,"planned",NA,NA,NA,NA,NA
"T0030_DON_16S","T0030_DON","16S","SeqCoast Genomics",NA,NA,"Illumina",NA,"2x300 bp",NA,NA,NA,"planned",NA,NA,NA,NA,NA
"T0030_DON_ITS2","T0030_DON","ITS2","SeqCoast Genomics",NA,NA,"Illumina",NA,"2x300 bp",NA,NA,NA,"planned",NA,NA,NA,NA,NA
"T0030_REC_16S","T0030_REC","16S","SeqCoast Genomics",NA,NA,"Illumina",NA,"2x300 bp",NA,NA,NA,"planned",NA,NA,NA,NA,NA
"T0030_REC_ITS2","T0030_REC","ITS2","SeqCoast Genomics",NA,NA,"Illumina",NA,"2x300 bp",NA,NA,NA,"planned",NA,NA,NA,NA,NA
"T0030_FIN_16S","T0030_FIN","16S","SeqCoast Genomics",NA,NA,"Illumina",NA,"2x300 bp",NA,NA,NA,"planned",NA,NA,NA,NA,NA
"T0030_FIN_ITS2","T0030_FIN","ITS2","SeqCoast Genomics",NA,NA,"Illumina",NA,"2x300 bp",NA,NA,NA,"planned",NA,NA,NA,NA,NA
"T0031_DON_16S","T0031_DON","16S","SeqCoast Genomics",NA,NA,"Illumina",NA,"2x300 bp",NA,NA,NA,"planned",NA,NA,NA,NA,NA
"T0031_DON_ITS2","T0031_DON","ITS2","SeqCoast Genomics",NA,NA,"Illumina",NA,"2x300 bp",NA,NA,NA,"planned",NA,NA,NA,NA,NA
"T0031_REC_16S","T0031_REC","16S","SeqCoast Genomics",NA,NA,"Illumina",NA,"2x300 bp",NA,NA,NA,"planned",NA,NA,NA,NA,NA
"T0031_REC_ITS2","T0031_REC","ITS2","SeqCoast Genomics",NA,NA,"Illumina",NA,"2x300 bp",NA,NA,NA,"planned",NA,NA,NA,NA,NA
"T0031_FIN_16S","T0031_FIN","16S","SeqCoast Genomics",NA,NA,"Illumina",NA,"2x300 bp",NA,NA,NA,"planned",NA,NA,NA,NA,NA
"T0031_FIN_ITS2","T0031_FIN","ITS2","SeqCoast Genomics",NA,NA,"Illumina",NA,"2x300 bp",NA,NA,NA,"planned",NA,NA,NA,NA,NA
"T0032_DON_16S","T0032_DON","16S","SeqCoast Genomics",NA,NA,"Illumina",NA,"2x300 bp",NA,NA,NA,"planned",NA,NA,NA,NA,NA
"T0032_DON_ITS2","T0032_DON","ITS2","SeqCoast Genomics",NA,NA,"Illumina",NA,"2x300 bp",NA,NA,NA,"planned",NA,NA,NA,NA,NA
"T0032_REC_16S","T0032_REC","16S","SeqCoast Genomics",NA,NA,"Illumina",NA,"2x300 bp",NA,NA,NA,"planned",NA,NA,NA,NA,NA
"T0032_REC_ITS2","T0032_REC","ITS2","SeqCoast Genomics",NA,NA,"Illumina",NA,"2x300 bp",NA,NA,NA,"planned",NA,NA,NA,NA,NA
"T0032_FIN_16S","T0032_FIN","16S","SeqCoast Genomics",NA,NA,"Illumina",NA,"2x300 bp",NA,NA,NA,"planned",NA,NA,NA,NA,NA
"T0032_FIN_ITS2","T0032_FIN","ITS2","SeqCoast Genomics",NA,NA,"Illumina",NA,"2x300 bp",NA,NA,NA,"planned",NA,NA,NA,NA,NA
"T0033_DON_16S","T0033_DON","16S","SeqCoast Genomics",NA,NA,"Illumina",NA,"2x300 bp",NA,NA,NA,"planned",NA,NA,NA,NA,NA
"T0033_DON_ITS2","T0033_DON","ITS2","SeqCoast Genomics",NA,NA,"Illumina",NA,"2x300 bp",NA,NA,NA,"planned",NA,NA,NA,NA,NA
"T0033_REC_16S","T0033_REC","16S","SeqCoast Genomics",NA,NA,"Illumina",NA,"2x300 bp",NA,NA,NA,"planned",NA,NA,NA,NA,NA
"T0033_REC_ITS2","T0033_REC","ITS2","SeqCoast Genomics",NA,NA,"Illumina",NA,"2x300 bp",NA,NA,NA,"planned",NA,NA,NA,NA,NA
"T0033_FIN_16S","T0033_FIN","16S","SeqCoast Genomics",NA,NA,"Illumina",NA,"2x300 bp",NA,NA,NA,"planned",NA,NA,NA,NA,NA
"T0033_FIN_ITS2","T0033_FIN","ITS2","SeqCoast Genomics",NA,NA,"Illumina",NA,"2x300 bp",NA,NA,NA,"planned",NA,NA,NA,NA,NA
"T0034_DON_16S","T0034_DON","16S","SeqCoast Genomics",NA,NA,"Illumina",NA,"2x300 bp",NA,NA,NA,"planned",NA,NA,NA,NA,NA
"T0034_DON_ITS2","T0034_DON","ITS2","SeqCoast Genomics",NA,NA,"Illumina",NA,"2x300 bp",NA,NA,NA,"planned",NA,NA,NA,NA,NA
"T0034_REC_16S","T0034_REC","16S","SeqCoast Genomics",NA,NA,"Illumina",NA,"2x300 bp",NA,NA,NA,"planned",NA,NA,NA,NA,NA
"T0034_REC_ITS2","T0034_REC","ITS2","SeqCoast Genomics",NA,NA,"Illumina",NA,"2x300 bp",NA,NA,NA,"planned",NA,NA,NA,NA,NA
"T0034_FIN_16S","T0034_FIN","16S","SeqCoast Genomics",NA,NA,"Illumina",NA,"2x300 bp",NA,NA,NA,"planned",NA,NA,NA,NA,NA
"T0034_FIN_ITS2","T0034_FIN","ITS2","SeqCoast Genomics",NA,NA,"Illumina",NA,"2x300 bp",NA,NA,NA,"planned",NA,NA,NA,NA,NA
"T0035_DON_16S","T0035_DON","16S","SeqCoast Genomics",NA,NA,"Illumina",NA,"2x300 bp",NA,NA,NA,"planned",NA,NA,NA,NA,NA
"T0035_DON_ITS2","T0035_DON","ITS2","SeqCoast Genomics",NA,NA,"Illumina",NA,"2x300 bp",NA,NA,NA,"planned",NA,NA,NA,NA,NA
"T0035_REC_16S","T0035_REC","16S","SeqCoast Genomics",NA,NA,"Illumina",NA,"2x300 bp",NA,NA,NA,"planned",NA,NA,NA,NA,NA
"T0035_REC_ITS2","T0035_REC","ITS2","SeqCoast Genomics",NA,NA,"Illumina",NA,"2x300 bp",NA,NA,NA,"planned",NA,NA,NA,NA,NA
"T0035_FIN_16S","T0035_FIN","16S","SeqCoast Genomics",NA,NA,"Illumina",NA,"2x300 bp",NA,NA,NA,"planned",NA,NA,NA,NA,NA
"T0035_FIN_ITS2","T0035_FIN","ITS2","SeqCoast Genomics",NA,NA,"Illumina",NA,"2x300 bp",NA,NA,NA,"planned",NA,NA,NA,NA,NA
"T0036_DON_16S","T0036_DON","16S","SeqCoast Genomics",NA,NA,"Illumina",NA,"2x300 bp",NA,NA,NA,"planned",NA,NA,NA,NA,NA
"T0036_DON_ITS2","T0036_DON","ITS2","SeqCoast Genomics",NA,NA,"Illumina",NA,"2x300 bp",NA,NA,NA,"planned",NA,NA,NA,NA,NA
"T0036_REC_16S","T0036_REC","16S","SeqCoast Genomics",NA,NA,"Illumina",NA,"2x300 bp",NA,NA,NA,"planned",NA,NA,NA,NA,NA
"T0036_REC_ITS2","T0036_REC","ITS2","SeqCoast Genomics",NA,NA,"Illumina",NA,"2x300 bp",NA,NA,NA,"planned",NA,NA,NA,NA,NA
"T0036_FIN_16S","T0036_FIN","16S","SeqCoast Genomics",NA,NA,"Illumina",NA,"2x300 bp",NA,NA,NA,"planned",NA,NA,NA,NA,NA
"T0036_FIN_ITS2","T0036_FIN","ITS2","SeqCoast Genomics",NA,NA,"Illumina",NA,"2x300 bp",NA,NA,NA,"planned",NA,NA,NA,NA,NA
"T0037_DON_16S","T0037_DON","16S","SeqCoast Genomics",NA,NA,"Illumina",NA,"2x300 bp",NA,NA,NA,"planned",NA,NA,NA,NA,NA
"T0037_DON_ITS2","T0037_DON","ITS2","SeqCoast Genomics",NA,NA,"Illumina",NA,"2x300 bp",NA,NA,NA,"planned",NA,NA,NA,NA,NA
"T0037_REC_16S","T0037_REC","16S","SeqCoast Genomics",NA,NA,"Illumina",NA,"2x300 bp",NA,NA,NA,"planned",NA,NA,NA,NA,NA
"T0037_REC_ITS2","T0037_REC","ITS2","SeqCoast Genomics",NA,NA,"Illumina",NA,"2x300 bp",NA,NA,NA,"planned",NA,NA,NA,NA,NA
"T0037_FIN_16S","T0037_FIN","16S","SeqCoast Genomics",NA,NA,"Illumina",NA,"2x300 bp",NA,NA,NA,"planned",NA,NA,NA,NA,NA
"T0037_FIN_ITS2","T0037_FIN","ITS2","SeqCoast Genomics",NA,NA,"Illumina",NA,"2x300 bp",NA,NA,NA,"planned",NA,NA,NA,NA,NA
"T0038_DON_16S","T0038_DON","16S","SeqCoast Genomics",NA,NA,"Illumina",NA,"2x300 bp",NA,NA,NA,"planned",NA,NA,NA,NA,NA
"T0038_DON_ITS2","T0038_DON","ITS2","SeqCoast Genomics",NA,NA,"Illumina",NA,"2x300 bp",NA,NA,NA,"planned",NA,NA,NA,NA,NA
"T0038_REC_16S","T0038_REC","16S","SeqCoast Genomics",NA,NA,"Illumina",NA,"2x300 bp",NA,NA,NA,"planned",NA,NA,NA,NA,NA
"T0038_REC_ITS2","T0038_REC","ITS2","SeqCoast Genomics",NA,NA,"Illumina",NA,"2x300 bp",NA,NA,NA,"planned",NA,NA,NA,NA,NA
"T0038_FIN_16S","T0038_FIN","16S","SeqCoast Genomics",NA,NA,"Illumina",NA,"2x300 bp",NA,NA,NA,"planned",NA,NA,NA,NA,NA
"T0038_FIN_ITS2","T0038_FIN","ITS2","SeqCoast Genomics",NA,NA,"Illumina",NA,"2x300 bp",NA,NA,NA,"planned",NA,NA,NA,NA,NA
"T0039_DON_16S","T0039_DON","16S","SeqCoast Genomics",NA,NA,"Illumina",NA,"2x300 bp",NA,NA,NA,"planned",NA,NA,NA,NA,NA
"T0039_DON_ITS2","T0039_DON","ITS2","SeqCoast Genomics",NA,NA,"Illumina",NA,"2x300 bp",NA,NA,NA,"planned",NA,NA,NA,NA,NA
"T0039_REC_16S","T0039_REC","16S","SeqCoast Genomics",NA,NA,"Illumina",NA,"2x300 bp",NA,NA,NA,"planned",NA,NA,NA,NA,NA
"T0039_REC_ITS2","T0039_REC","ITS2","SeqCoast Genomics",NA,NA,"Illumina",NA,"2x300 bp",NA,NA,NA,"planned",NA,NA,NA,NA,NA
"T0039_FIN_16S","T0039_FIN","16S","SeqCoast Genomics",NA,NA,"Illumina",NA,"2x300 bp",NA,NA,NA,"planned",NA,NA,NA,NA,NA
"T0039_FIN_ITS2","T0039_FIN","ITS2","SeqCoast Genomics",NA,NA,"Illumina",NA,"2x300 bp",NA,NA,NA,"planned",NA,NA,NA,NA,NA
"T0040_DON_16S","T0040_DON","16S","SeqCoast Genomics",NA,NA,"Illumina",NA,"2x300 bp",NA,NA,NA,"planned",NA,NA,NA,NA,NA
"T0040_DON_ITS2","T0040_DON","ITS2","SeqCoast Genomics",NA,NA,"Illumina",NA,"2x300 bp",NA,NA,NA,"planned",NA,NA,NA,NA,NA
"T0040_REC_16S","T0040_REC","16S","SeqCoast Genomics",NA,NA,"Illumina",NA,"2x300 bp",NA,NA,NA,"planned",NA,NA,NA,NA,NA
"T0040_REC_ITS2","T0040_REC","ITS2","SeqCoast Genomics",NA,NA,"Illumina",NA,"2x300 bp",NA,NA,NA,"planned",NA,NA,NA,NA,NA
"T0040_FIN_16S","T0040_FIN","16S","SeqCoast Genomics",NA,NA,"Illumina",NA,"2x300 bp",NA,NA,NA,"planned",NA,NA,NA,NA,NA
"T0040_FIN_ITS2","T0040_FIN","ITS2","SeqCoast Genomics",NA,NA,"Illumina",NA,"2x300 bp",NA,NA,NA,"planned",NA,NA,NA,NA,NA
"T0041_DON_16S","T0041_DON","16S","SeqCoast Genomics",NA,NA,"Illumina",NA,"2x300 bp",NA,NA,NA,"planned",NA,NA,NA,NA,NA
"T0041_DON_ITS2","T0041_DON","ITS2","SeqCoast Genomics",NA,NA,"Illumina",NA,"2x300 bp",NA,NA,NA,"planned",NA,NA,NA,NA,NA
"T0041_REC_16S","T0041_REC","16S","SeqCoast Genomics",NA,NA,"Illumina",NA,"2x300 bp",NA,NA,NA,"planned",NA,NA,NA,NA,NA
"T0041_REC_ITS2","T0041_REC","ITS2","SeqCoast Genomics",NA,NA,"Illumina",NA,"2x300 bp",NA,NA,NA,"planned",NA,NA,NA,NA,NA
"T0041_FIN_16S","T0041_FIN","16S","SeqCoast Genomics",NA,NA,"Illumina",NA,"2x300 bp",NA,NA,NA,"planned",NA,NA,NA,NA,NA
"T0041_FIN_ITS2","T0041_FIN","ITS2","SeqCoast Genomics",NA,NA,"Illumina",NA,"2x300 bp",NA,NA,NA,"planned",NA,NA,NA,NA,NA
"T0042_DON_16S","T0042_DON","16S","SeqCoast Genomics",NA,NA,"Illumina",NA,"2x300 bp",NA,NA,NA,"planned",NA,NA,NA,NA,NA
"T0042_DON_ITS2","T0042_DON","ITS2","SeqCoast Genomics",NA,NA,"Illumina",NA,"2x300 bp",NA,NA,NA,"planned",NA,NA,NA,NA,NA
"T0042_REC_16S","T0042_REC","16S","SeqCoast Genomics",NA,NA,"Illumina",NA,"2x300 bp",NA,NA,NA,"planned",NA,NA,NA,NA,NA
"T0042_REC_ITS2","T0042_REC","ITS2","SeqCoast Genomics",NA,NA,"Illumina",NA,"2x300 bp",NA,NA,NA,"planned",NA,NA,NA,NA,NA
"T0042_FIN_16S","T0042_FIN","16S","SeqCoast Genomics",NA,NA,"Illumina",NA,"2x300 bp",NA,NA,NA,"planned",NA,NA,NA,NA,NA
"T0042_FIN_ITS2","T0042_FIN","ITS2","SeqCoast Genomics",NA,NA,"Illumina",NA,"2x300 bp",NA,NA,NA,"planned",NA,NA,NA,NA,NA
"T0043_DON_16S","T0043_DON","16S","SeqCoast Genomics",NA,NA,"Illumina",NA,"2x300 bp",NA,NA,NA,"planned",NA,NA,NA,NA,NA
"T0043_DON_ITS2","T0043_DON","ITS2","SeqCoast Genomics",NA,NA,"Illumina",NA,"2x300 bp",NA,NA,NA,"planned",NA,NA,NA,NA,NA
"T0043_REC_16S","T0043_REC","16S","SeqCoast Genomics",NA,NA,"Illumina",NA,"2x300 bp",NA,NA,NA,"planned",NA,NA,NA,NA,NA
"T0043_REC_ITS2","T0043_REC","ITS2","SeqCoast Genomics",NA,NA,"Illumina",NA,"2x300 bp",NA,NA,NA,"planned",NA,NA,NA,NA,NA
"T0043_FIN_16S","T0043_FIN","16S","SeqCoast Genomics",NA,NA,"Illumina",NA,"2x300 bp",NA,NA,NA,"planned",NA,NA,NA,NA,NA
"T0043_FIN_ITS2","T0043_FIN","ITS2","SeqCoast Genomics",NA,NA,"Illumina",NA,"2x300 bp",NA,NA,NA,"planned",NA,NA,NA,NA,NA
"T0044_DON_16S","T0044_DON","16S","SeqCoast Genomics",NA,NA,"Illumina",NA,"2x300 bp",NA,NA,NA,"planned",NA,NA,NA,NA,NA
"T0044_DON_ITS2","T0044_DON","ITS2","SeqCoast Genomics",NA,NA,"Illumina",NA,"2x300 bp",NA,NA,NA,"planned",NA,NA,NA,NA,NA
"T0044_REC_16S","T0044_REC","16S","SeqCoast Genomics",NA,NA,"Illumina",NA,"2x300 bp",NA,NA,NA,"planned",NA,NA,NA,NA,NA
"T0044_REC_ITS2","T0044_REC","ITS2","SeqCoast Genomics",NA,NA,"Illumina",NA,"2x300 bp",NA,NA,NA,"planned",NA,NA,NA,NA,NA
"T0044_FIN_16S","T0044_FIN","16S","SeqCoast Genomics",NA,NA,"Illumina",NA,"2x300 bp",NA,NA,NA,"planned",NA,NA,NA,NA,NA
"T0044_FIN_ITS2","T0044_FIN","ITS2","SeqCoast Genomics",NA,NA,"Illumina",NA,"2x300 bp",NA,NA,NA,"planned",NA,NA,NA,NA,NA
"T0045_DON_16S","T0045_DON","16S","SeqCoast Genomics",NA,NA,"Illumina",NA,"2x300 bp",NA,NA,NA,"planned",NA,NA,NA,NA,NA
"T0045_DON_ITS2","T0045_DON","ITS2","SeqCoast Genomics",NA,NA,"Illumina",NA,"2x300 bp",NA,NA,NA,"planned",NA,NA,NA,NA,NA
"T0045_REC_16S","T0045_REC","16S","SeqCoast Genomics",NA,NA,"Illumina",NA,"2x300 bp",NA,NA,NA,"planned",NA,NA,NA,NA,NA
"T0045_REC_ITS2","T0045_REC","ITS2","SeqCoast Genomics",NA,NA,"Illumina",NA,"2x300 bp",NA,NA,NA,"planned",NA,NA,NA,NA,NA
"T0045_FIN_16S","T0045_FIN","16S","SeqCoast Genomics",NA,NA,"Illumina",NA,"2x300 bp",NA,NA,NA,"planned",NA,NA,NA,NA,NA
"T0045_FIN_ITS2","T0045_FIN","ITS2","SeqCoast Genomics",NA,NA,"Illumina",NA,"2x300 bp",NA,NA,NA,"planned",NA,NA,NA,NA,NA
"T0046_DON_16S","T0046_DON","16S","SeqCoast Genomics",NA,NA,"Illumina",NA,"2x300 bp",NA,NA,NA,"planned",NA,NA,NA,NA,NA
"T0046_DON_ITS2","T0046_DON","ITS2","SeqCoast Genomics",NA,NA,"Illumina",NA,"2x300 bp",NA,NA,NA,"planned",NA,NA,NA,NA,NA
"T0046_REC_16S","T0046_REC","16S","SeqCoast Genomics",NA,NA,"Illumina",NA,"2x300 bp",NA,NA,NA,"planned",NA,NA,NA,NA,NA
"T0046_REC_ITS2","T0046_REC","ITS2","SeqCoast Genomics",NA,NA,"Illumina",NA,"2x300 bp",NA,NA,NA,"planned",NA,NA,NA,NA,NA
"T0046_FIN_16S","T0046_FIN","16S","SeqCoast Genomics",NA,NA,"Illumina",NA,"2x300 bp",NA,NA,NA,"planned",NA,NA,NA,NA,NA
"T0046_FIN_ITS2","T0046_FIN","ITS2","SeqCoast Genomics",NA,NA,"Illumina",NA,"2x300 bp",NA,NA,NA,"planned",NA,NA,NA,NA,NA
"T0047_DON_16S","T0047_DON","16S","SeqCoast Genomics",NA,NA,"Illumina",NA,"2x300 bp",NA,NA,NA,"planned",NA,NA,NA,NA,NA
"T0047_DON_ITS2","T0047_DON","ITS2","SeqCoast Genomics",NA,NA,"Illumina",NA,"2x300 bp",NA,NA,NA,"planned",NA,NA,NA,NA,NA
"T0047_REC_16S","T0047_REC","16S","SeqCoast Genomics",NA,NA,"Illumina",NA,"2x300 bp",NA,NA,NA,"planned",NA,NA,NA,NA,NA
"T0047_REC_ITS2","T0047_REC","ITS2","SeqCoast Genomics",NA,NA,"Illumina",NA,"2x300 bp",NA,NA,NA,"planned",NA,NA,NA,NA,NA
"T0047_FIN_16S","T0047_FIN","16S","SeqCoast Genomics",NA,NA,"Illumina",NA,"2x300 bp",NA,NA,NA,"planned",NA,NA,NA,NA,NA
"T0047_FIN_ITS2","T0047_FIN","ITS2","SeqCoast Genomics",NA,NA,"Illumina",NA,"2x300 bp",NA,NA,NA,"planned",NA,NA,NA,NA,NA
"T0048_DON_16S","T0048_DON","16S","SeqCoast Genomics",NA,NA,"Illumina",NA,"2x300 bp",NA,NA,NA,"planned",NA,NA,NA,NA,NA
"T0048_DON_ITS2","T0048_DON","ITS2","SeqCoast Genomics",NA,NA,"Illumina",NA,"2x300 bp",NA,NA,NA,"planned",NA,NA,NA,NA,NA
"T0048_REC_16S","T0048_REC","16S","SeqCoast Genomics",NA,NA,"Illumina",NA,"2x300 bp",NA,NA,NA,"planned",NA,NA,NA,NA,NA
"T0048_REC_ITS2","T0048_REC","ITS2","SeqCoast Genomics",NA,NA,"Illumina",NA,"2x300 bp",NA,NA,NA,"planned",NA,NA,NA,NA,NA
"T0048_FIN_16S","T0048_FIN","16S","SeqCoast Genomics",NA,NA,"Illumina",NA,"2x300 bp",NA,NA,NA,"planned",NA,NA,NA,NA,NA
"T0048_FIN_ITS2","T0048_FIN","ITS2","SeqCoast Genomics",NA,NA,"Illumina",NA,"2x300 bp",NA,NA,NA,"planned",NA,NA,NA,NA,NA
"T0049_DON_16S","T0049_DON","16S","SeqCoast Genomics",NA,NA,"Illumina",NA,"2x300 bp",NA,NA,NA,"planned",NA,NA,NA,NA,NA
"T0049_DON_ITS2","T0049_DON","ITS2","SeqCoast Genomics",NA,NA,"Illumina",NA,"2x300 bp",NA,NA,NA,"planned",NA,NA,NA,NA,NA
"T0049_REC_16S","T0049_REC","16S","SeqCoast Genomics",NA,NA,"Illumina",NA,"2x300 bp",NA,NA,NA,"planned",NA,NA,NA,NA,NA
"T0049_REC_ITS2","T0049_REC","ITS2","SeqCoast Genomics",NA,NA,"Illumina",NA,"2x300 bp",NA,NA,NA,"planned",NA,NA,NA,NA,NA
"T0049_FIN_16S","T0049_FIN","16S","SeqCoast Genomics",NA,NA,"Illumina",NA,"2x300 bp",NA,NA,NA,"planned",NA,NA,NA,NA,NA
"T0049_FIN_ITS2","T0049_FIN","ITS2","SeqCoast Genomics",NA,NA,"Illumina",NA,"2x300 bp",NA,NA,NA,"planned",NA,NA,NA,NA,NA
"T0050_DON_16S","T0050_DON","16S","SeqCoast Genomics",NA,NA,"Illumina",NA,"2x300 bp",NA,NA,NA,"planned",NA,NA,NA,NA,NA
"T0050_DON_ITS2","T0050_DON","ITS2","SeqCoast Genomics",NA,NA,"Illumina",NA,"2x300 bp",NA,NA,NA,"planned",NA,NA,NA,NA,NA
"T0050_REC_16S","T0050_REC","16S","SeqCoast Genomics",NA,NA,"Illumina",NA,"2x300 bp",NA,NA,NA,"planned",NA,NA,NA,NA,NA
"T0050_REC_ITS2","T0050_REC","ITS2","SeqCoast Genomics",NA,NA,"Illumina",NA,"2x300 bp",NA,NA,NA,"planned",NA,NA,NA,NA,NA
"T0050_FIN_16S","T0050_FIN","16S","SeqCoast Genomics",NA,NA,"Illumina",NA,"2x300 bp",NA,NA,NA,"planned",NA,NA,NA,NA,NA
"T0050_FIN_ITS2","T0050_FIN","ITS2","SeqCoast Genomics",NA,NA,"Illumina",NA,"2x300 bp",NA,NA,NA,"planned",NA,NA,NA,NA,NA
"T0051_DON_16S","T0051_DON","16S","SeqCoast Genomics",NA,NA,"Illumina",NA,"2x300 bp",NA,NA,NA,"planned",NA,NA,NA,NA,NA
"T0051_DON_ITS2","T0051_DON","ITS2","SeqCoast Genomics",NA,NA,"Illumina",NA,"2x300 bp",NA,NA,NA,"planned",NA,NA,NA,NA,NA
"T0051_REC_16S","T0051_REC","16S","SeqCoast Genomics",NA,NA,"Illumina",NA,"2x300 bp",NA,NA,NA,"planned",NA,NA,NA,NA,NA
"T0051_REC_ITS2","T0051_REC","ITS2","SeqCoast Genomics",NA,NA,"Illumina",NA,"2x300 bp",NA,NA,NA,"planned",NA,NA,NA,NA,NA
"T0051_FIN_16S","T0051_FIN","16S","SeqCoast Genomics",NA,NA,"Illumina",NA,"2x300 bp",NA,NA,NA,"planned",NA,NA,NA,NA,NA
"T0051_FIN_ITS2","T0051_FIN","ITS2","SeqCoast Genomics",NA,NA,"Illumina",NA,"2x300 bp",NA,NA,NA,"planned",NA,NA,NA,NA,NA
"T0052_DON_16S","T0052_DON","16S","SeqCoast Genomics",NA,NA,"Illumina",NA,"2x300 bp",NA,NA,NA,"planned",NA,NA,NA,NA,NA
"T0052_DON_ITS2","T0052_DON","ITS2","SeqCoast Genomics",NA,NA,"Illumina",NA,"2x300 bp",NA,NA,NA,"planned",NA,NA,NA,NA,NA
"T0052_REC_16S","T0052_REC","16S","SeqCoast Genomics",NA,NA,"Illumina",NA,"2x300 bp",NA,NA,NA,"planned",NA,NA,NA,NA,NA
"T0052_REC_ITS2","T0052_REC","ITS2","SeqCoast Genomics",NA,NA,"Illumina",NA,"2x300 bp",NA,NA,NA,"planned",NA,NA,NA,NA,NA
"T0052_FIN_16S","T0052_FIN","16S","SeqCoast Genomics",NA,NA,"Illumina",NA,"2x300 bp",NA,NA,NA,"planned",NA,NA,NA,NA,NA
"T0052_FIN_ITS2","T0052_FIN","ITS2","SeqCoast Genomics",NA,NA,"Illumina",NA,"2x300 bp",NA,NA,NA,"planned",NA,NA,NA,NA,NA
"T0053_DON_16S","T0053_DON","16S","SeqCoast Genomics",NA,NA,"Illumina",NA,"2x300 bp",NA,NA,NA,"planned",NA,NA,NA,NA,NA
"T0053_DON_ITS2","T0053_DON","ITS2","SeqCoast Genomics",NA,NA,"Illumina",NA,"2x300 bp",NA,NA,NA,"planned",NA,NA,NA,NA,NA
"T0053_REC_16S","T0053_REC","16S","SeqCoast Genomics",NA,NA,"Illumina",NA,"2x300 bp",NA,NA,NA,"planned",NA,NA,NA,NA,NA
"T0053_REC_ITS2","T0053_REC","ITS2","SeqCoast Genomics",NA,NA,"Illumina",NA,"2x300 bp",NA,NA,NA,"planned",NA,NA,NA,NA,NA
"T0053_FIN_16S","T0053_FIN","16S","SeqCoast Genomics",NA,NA,"Illumina",NA,"2x300 bp",NA,NA,NA,"planned",NA,NA,NA,NA,NA
"T0053_FIN_ITS2","T0053_FIN","ITS2","SeqCoast Genomics",NA,NA,"Illumina",NA,"2x300 bp",NA,NA,NA,"planned",NA,NA,NA,NA,NA
"T0054_DON_16S","T0054_DON","16S","SeqCoast Genomics",NA,NA,"Illumina",NA,"2x300 bp",NA,NA,NA,"planned",NA,NA,NA,NA,NA
"T0054_DON_ITS2","T0054_DON","ITS2","SeqCoast Genomics",NA,NA,"Illumina",NA,"2x300 bp",NA,NA,NA,"planned",NA,NA,NA,NA,NA
"T0054_REC_16S","T0054_REC","16S","SeqCoast Genomics",NA,NA,"Illumina",NA,"2x300 bp",NA,NA,NA,"planned",NA,NA,NA,NA,NA
"T0054_REC_ITS2","T0054_REC","ITS2","SeqCoast Genomics",NA,NA,"Illumina",NA,"2x300 bp",NA,NA,NA,"planned",NA,NA,NA,NA,NA
"T0054_FIN_16S","T0054_FIN","16S","SeqCoast Genomics",NA,NA,"Illumina",NA,"2x300 bp",NA,NA,NA,"planned",NA,NA,NA,NA,NA
"T0054_FIN_ITS2","T0054_FIN","ITS2","SeqCoast Genomics",NA,NA,"Illumina",NA,"2x300 bp",NA,NA,NA,"planned",NA,NA,NA,NA,NA
"T0055_DON_16S","T0055_DON","16S","SeqCoast Genomics",NA,NA,"Illumina",NA,"2x300 bp",NA,NA,NA,"planned",NA,NA,NA,NA,NA
"T0055_DON_ITS2","T0055_DON","ITS2","SeqCoast Genomics",NA,NA,"Illumina",NA,"2x300 bp",NA,NA,NA,"planned",NA,NA,NA,NA,NA
"T0055_REC_16S","T0055_REC","16S","SeqCoast Genomics",NA,NA,"Illumina",NA,"2x300 bp",NA,NA,NA,"planned",NA,NA,NA,NA,NA
"T0055_REC_ITS2","T0055_REC","ITS2","SeqCoast Genomics",NA,NA,"Illumina",NA,"2x300 bp",NA,NA,NA,"planned",NA,NA,NA,NA,NA
"T0055_FIN_16S","T0055_FIN","16S","SeqCoast Genomics",NA,NA,"Illumina",NA,"2x300 bp",NA,NA,NA,"planned",NA,NA,NA,NA,NA
"T0055_FIN_ITS2","T0055_FIN","ITS2","SeqCoast Genomics",NA,NA,"Illumina",NA,"2x300 bp",NA,NA,NA,"planned",NA,NA,NA,NA,NA
"T0056_DON_16S","T0056_DON","16S","SeqCoast Genomics",NA,NA,"Illumina",NA,"2x300 bp",NA,NA,NA,"planned",NA,NA,NA,NA,NA
"T0056_DON_ITS2","T0056_DON","ITS2","SeqCoast Genomics",NA,NA,"Illumina",NA,"2x300 bp",NA,NA,NA,"planned",NA,NA,NA,NA,NA
"T0056_REC_16S","T0056_REC","16S","SeqCoast Genomics",NA,NA,"Illumina",NA,"2x300 bp",NA,NA,NA,"planned",NA,NA,NA,NA,NA
"T0056_REC_ITS2","T0056_REC","ITS2","SeqCoast Genomics",NA,NA,"Illumina",NA,"2x300 bp",NA,NA,NA,"planned",NA,NA,NA,NA,NA
"T0056_FIN_16S","T0056_FIN","16S","SeqCoast Genomics",NA,NA,"Illumina",NA,"2x300 bp",NA,NA,NA,"planned",NA,NA,NA,NA,NA
"T0056_FIN_ITS2","T0056_FIN","ITS2","SeqCoast Genomics",NA,NA,"Illumina",NA,"2x300 bp",NA,NA,NA,"planned",NA,NA,NA,NA,NA
"T0057_DON_16S","T0057_DON","16S","SeqCoast Genomics",NA,NA,"Illumina",NA,"2x300 bp",NA,NA,NA,"planned",NA,NA,NA,NA,NA
"T0057_DON_ITS2","T0057_DON","ITS2","SeqCoast Genomics",NA,NA,"Illumina",NA,"2x300 bp",NA,NA,NA,"planned",NA,NA,NA,NA,NA
"T0057_REC_16S","T0057_REC","16S","SeqCoast Genomics",NA,NA,"Illumina",NA,"2x300 bp",NA,NA,NA,"planned",NA,NA,NA,NA,NA
"T0057_REC_ITS2","T0057_REC","ITS2","SeqCoast Genomics",NA,NA,"Illumina",NA,"2x300 bp",NA,NA,NA,"planned",NA,NA,NA,NA,NA
"T0057_FIN_16S","T0057_FIN","16S","SeqCoast Genomics",NA,NA,"Illumina",NA,"2x300 bp",NA,NA,NA,"planned",NA,NA,NA,NA,NA
"T0057_FIN_ITS2","T0057_FIN","ITS2","SeqCoast Genomics",NA,NA,"Illumina",NA,"2x300 bp",NA,NA,NA,"planned",NA,NA,NA,NA,NA
"T0058_DON_16S","T0058_DON","16S","SeqCoast Genomics",NA,NA,"Illumina",NA,"2x300 bp",NA,NA,NA,"planned",NA,NA,NA,NA,NA
"T0058_DON_ITS2","T0058_DON","ITS2","SeqCoast Genomics",NA,NA,"Illumina",NA,"2x300 bp",NA,NA,NA,"planned",NA,NA,NA,NA,NA
"T0058_REC_16S","T0058_REC","16S","SeqCoast Genomics",NA,NA,"Illumina",NA,"2x300 bp",NA,NA,NA,"planned",NA,NA,NA,NA,NA
"T0058_REC_ITS2","T0058_REC","ITS2","SeqCoast Genomics",NA,NA,"Illumina",NA,"2x300 bp",NA,NA,NA,"planned",NA,NA,NA,NA,NA
"T0058_FIN_16S","T0058_FIN","16S","SeqCoast Genomics",NA,NA,"Illumina",NA,"2x300 bp",NA,NA,NA,"planned",NA,NA,NA,NA,NA
"T0058_FIN_ITS2","T0058_FIN","ITS2","SeqCoast Genomics",NA,NA,"Illumina",NA,"2x300 bp",NA,NA,NA,"planned",NA,NA,NA,NA,NA
"T0059_DON_16S","T0059_DON","16S","SeqCoast Genomics",NA,NA,"Illumina",NA,"2x300 bp",NA,NA,NA,"planned",NA,NA,NA,NA,NA
"T0059_DON_ITS2","T0059_DON","ITS2","SeqCoast Genomics",NA,NA,"Illumina",NA,"2x300 bp",NA,NA,NA,"planned",NA,NA,NA,NA,NA
"T0059_REC_16S","T0059_REC","16S","SeqCoast Genomics",NA,NA,"Illumina",NA,"2x300 bp",NA,NA,NA,"planned",NA,NA,NA,NA,NA
"T0059_REC_ITS2","T0059_REC","ITS2","SeqCoast Genomics",NA,NA,"Illumina",NA,"2x300 bp",NA,NA,NA,"planned",NA,NA,NA,NA,NA
"T0059_FIN_16S","T0059_FIN","16S","SeqCoast Genomics",NA,NA,"Illumina",NA,"2x300 bp",NA,NA,NA,"planned",NA,NA,NA,NA,NA
"T0059_FIN_ITS2","T0059_FIN","ITS2","SeqCoast Genomics",NA,NA,"Illumina",NA,"2x300 bp",NA,NA,NA,"planned",NA,NA,NA,NA,NA
"T0060_DON_16S","T0060_DON","16S","SeqCoast Genomics",NA,NA,"Illumina",NA,"2x300 bp",NA,NA,NA,"planned",NA,NA,NA,NA,NA
"T0060_DON_ITS2","T0060_DON","ITS2","SeqCoast Genomics",NA,NA,"Illumina",NA,"2x300 bp",NA,NA,NA,"planned",NA,NA,NA,NA,NA
"T0060_REC_16S","T0060_REC","16S","SeqCoast Genomics",NA,NA,"Illumina",NA,"2x300 bp",NA,NA,NA,"planned",NA,NA,NA,NA,NA
"T0060_REC_ITS2","T0060_REC","ITS2","SeqCoast Genomics",NA,NA,"Illumina",NA,"2x300 bp",NA,NA,NA,"planned",NA,NA,NA,NA,NA
"T0060_FIN_16S","T0060_FIN","16S","SeqCoast Genomics",NA,NA,"Illumina",NA,"2x300 bp",NA,NA,NA,"planned",NA,NA,NA,NA,NA
"T0060_FIN_ITS2","T0060_FIN","ITS2","SeqCoast Genomics",NA,NA,"Illumina",NA,"2x300 bp",NA,NA,NA,"planned",NA,NA,NA,NA,NA
"T0061_DON_16S","T0061_DON","16S","SeqCoast Genomics",NA,NA,"Illumina",NA,"2x300 bp",NA,NA,NA,"planned",NA,NA,NA,NA,NA
"T0061_DON_ITS2","T0061_DON","ITS2","SeqCoast Genomics",NA,NA,"Illumina",NA,"2x300 bp",NA,NA,NA,"planned",NA,NA,NA,NA,NA
"T0061_REC_16S","T0061_REC","16S","SeqCoast Genomics",NA,NA,"Illumina",NA,"2x300 bp",NA,NA,NA,"planned",NA,NA,NA,NA,NA
"T0061_REC_ITS2","T0061_REC","ITS2","SeqCoast Genomics",NA,NA,"Illumina",NA,"2x300 bp",NA,NA,NA,"planned",NA,NA,NA,NA,NA
"T0061_FIN_16S","T0061_FIN","16S","SeqCoast Genomics",NA,NA,"Illumina",NA,"2x300 bp",NA,NA,NA,"planned",NA,NA,NA,NA,NA
"T0061_FIN_ITS2","T0061_FIN","ITS2","SeqCoast Genomics",NA,NA,"Illumina",NA,"2x300 bp",NA,NA,NA,"planned",NA,NA,NA,NA,NA
"T0062_DON_16S","T0062_DON","16S","SeqCoast Genomics",NA,NA,"Illumina",NA,"2x300 bp",NA,NA,NA,"planned",NA,NA,NA,NA,NA
"T0062_DON_ITS2","T0062_DON","ITS2","SeqCoast Genomics",NA,NA,"Illumina",NA,"2x300 bp",NA,NA,NA,"planned",NA,NA,NA,NA,NA
"T0062_REC_16S","T0062_REC","16S","SeqCoast Genomics",NA,NA,"Illumina",NA,"2x300 bp",NA,NA,NA,"planned",NA,NA,NA,NA,NA
"T0062_REC_ITS2","T0062_REC","ITS2","SeqCoast Genomics",NA,NA,"Illumina",NA,"2x300 bp",NA,NA,NA,"planned",NA,NA,NA,NA,NA
"T0062_FIN_16S","T0062_FIN","16S","SeqCoast Genomics",NA,NA,"Illumina",NA,"2x300 bp",NA,NA,NA,"planned",NA,NA,NA,NA,NA
"T0062_FIN_ITS2","T0062_FIN","ITS2","SeqCoast Genomics",NA,NA,"Illumina",NA,"2x300 bp",NA,NA,NA,"planned",NA,NA,NA,NA,NA
"T0063_DON_16S","T0063_DON","16S","SeqCoast Genomics",NA,NA,"Illumina",NA,"2x300 bp",NA,NA,NA,"planned",NA,NA,NA,NA,NA
"T0063_DON_ITS2","T0063_DON","ITS2","SeqCoast Genomics",NA,NA,"Illumina",NA,"2x300 bp",NA,NA,NA,"planned",NA,NA,NA,NA,NA
"T0063_REC_16S","T0063_REC","16S","SeqCoast Genomics",NA,NA,"Illumina",NA,"2x300 bp",NA,NA,NA,"planned",NA,NA,NA,NA,NA
"T0063_REC_ITS2","T0063_REC","ITS2","SeqCoast Genomics",NA,NA,"Illumina",NA,"2x300 bp",NA,NA,NA,"planned",NA,NA,NA,NA,NA
"T0063_FIN_16S","T0063_FIN","16S","SeqCoast Genomics",NA,NA,"Illumina",NA,"2x300 bp",NA,NA,NA,"planned",NA,NA,NA,NA,NA
"T0063_FIN_ITS2","T0063_FIN","ITS2","SeqCoast Genomics",NA,NA,"Illumina",NA,"2x300 bp",NA,NA,NA,"planned",NA,NA,NA,NA,NA
"T0064_DON_16S","T0064_DON","16S","SeqCoast Genomics",NA,NA,"Illumina",NA,"2x300 bp",NA,NA,NA,"planned",NA,NA,NA,NA,NA
"T0064_DON_ITS2","T0064_DON","ITS2","SeqCoast Genomics",NA,NA,"Illumina",NA,"2x300 bp",NA,NA,NA,"planned",NA,NA,NA,NA,NA
"T0064_REC_16S","T0064_REC","16S","SeqCoast Genomics",NA,NA,"Illumina",NA,"2x300 bp",NA,NA,NA,"planned",NA,NA,NA,NA,NA
"T0064_REC_ITS2","T0064_REC","ITS2","SeqCoast Genomics",NA,NA,"Illumina",NA,"2x300 bp",NA,NA,NA,"planned",NA,NA,NA,NA,NA
"T0064_FIN_16S","T0064_FIN","16S","SeqCoast Genomics",NA,NA,"Illumina",NA,"2x300 bp",NA,NA,NA,"planned",NA,NA,NA,NA,NA
"T0064_FIN_ITS2","T0064_FIN","ITS2","SeqCoast Genomics",NA,NA,"Illumina",NA,"2x300 bp",NA,NA,NA,"planned",NA,NA,NA,NA,NA
"T0065_DON_16S","T0065_DON","16S","SeqCoast Genomics",NA,NA,"Illumina",NA,"2x300 bp",NA,NA,NA,"planned",NA,NA,NA,NA,NA
"T0065_DON_ITS2","T0065_DON","ITS2","SeqCoast Genomics",NA,NA,"Illumina",NA,"2x300 bp",NA,NA,NA,"planned",NA,NA,NA,NA,NA
"T0065_REC_16S","T0065_REC","16S","SeqCoast Genomics",NA,NA,"Illumina",NA,"2x300 bp",NA,NA,NA,"planned",NA,NA,NA,NA,NA
"T0065_REC_ITS2","T0065_REC","ITS2","SeqCoast Genomics",NA,NA,"Illumina",NA,"2x300 bp",NA,NA,NA,"planned",NA,NA,NA,NA,NA
"T0065_FIN_16S","T0065_FIN","16S","SeqCoast Genomics",NA,NA,"Illumina",NA,"2x300 bp",NA,NA,NA,"planned",NA,NA,NA,NA,NA
"T0065_FIN_ITS2","T0065_FIN","ITS2","SeqCoast Genomics",NA,NA,"Illumina",NA,"2x300 bp",NA,NA,NA,"planned",NA,NA,NA,NA,NA
"T0066_DON_16S","T0066_DON","16S","SeqCoast Genomics",NA,NA,"Illumina",NA,"2x300 bp",NA,NA,NA,"planned",NA,NA,NA,NA,NA
"T0066_DON_ITS2","T0066_DON","ITS2","SeqCoast Genomics",NA,NA,"Illumina",NA,"2x300 bp",NA,NA,NA,"planned",NA,NA,NA,NA,NA
"T0066_REC_16S","T0066_REC","16S","SeqCoast Genomics",NA,NA,"Illumina",NA,"2x300 bp",NA,NA,NA,"planned",NA,NA,NA,NA,NA
"T0066_REC_ITS2","T0066_REC","ITS2","SeqCoast Genomics",NA,NA,"Illumina",NA,"2x300 bp",NA,NA,NA,"planned",NA,NA,NA,NA,NA
"T0066_FIN_16S","T0066_FIN","16S","SeqCoast Genomics",NA,NA,"Illumina",NA,"2x300 bp",NA,NA,NA,"planned",NA,NA,NA,NA,NA
"T0066_FIN_ITS2","T0066_FIN","ITS2","SeqCoast Genomics",NA,NA,"Illumina",NA,"2x300 bp",NA,NA,NA,"planned",NA,NA,NA,NA,NA
"T0067_DON_16S","T0067_DON","16S","SeqCoast Genomics",NA,NA,"Illumina",NA,"2x300 bp",NA,NA,NA,"planned",NA,NA,NA,NA,NA
"T0067_DON_ITS2","T0067_DON","ITS2","SeqCoast Genomics",NA,NA,"Illumina",NA,"2x300 bp",NA,NA,NA,"planned",NA,NA,NA,NA,NA
"T0067_REC_16S","T0067_REC","16S","SeqCoast Genomics",NA,NA,"Illumina",NA,"2x300 bp",NA,NA,NA,"planned",NA,NA,NA,NA,NA
"T0067_REC_ITS2","T0067_REC","ITS2","SeqCoast Genomics",NA,NA,"Illumina",NA,"2x300 bp",NA,NA,NA,"planned",NA,NA,NA,NA,NA
"T0067_FIN_16S","T0067_FIN","16S","SeqCoast Genomics",NA,NA,"Illumina",NA,"2x300 bp",NA,NA,NA,"planned",NA,NA,NA,NA,NA
"T0067_FIN_ITS2","T0067_FIN","ITS2","SeqCoast Genomics",NA,NA,"Illumina",NA,"2x300 bp",NA,NA,NA,"planned",NA,NA,NA,NA,NA
"T0068_DON_16S","T0068_DON","16S","SeqCoast Genomics",NA,NA,"Illumina",NA,"2x300 bp",NA,NA,NA,"planned",NA,NA,NA,NA,NA
"T0068_DON_ITS2","T0068_DON","ITS2","SeqCoast Genomics",NA,NA,"Illumina",NA,"2x300 bp",NA,NA,NA,"planned",NA,NA,NA,NA,NA
"T0068_REC_16S","T0068_REC","16S","SeqCoast Genomics",NA,NA,"Illumina",NA,"2x300 bp",NA,NA,NA,"planned",NA,NA,NA,NA,NA
"T0068_REC_ITS2","T0068_REC","ITS2","SeqCoast Genomics",NA,NA,"Illumina",NA,"2x300 bp",NA,NA,NA,"planned",NA,NA,NA,NA,NA
"T0068_FIN_16S","T0068_FIN","16S","SeqCoast Genomics",NA,NA,"Illumina",NA,"2x300 bp",NA,NA,NA,"planned",NA,NA,NA,NA,NA
"T0068_FIN_ITS2","T0068_FIN","ITS2","SeqCoast Genomics",NA,NA,"Illumina",NA,"2x300 bp",NA,NA,NA,"planned",NA,NA,NA,NA,NA
"T0069_DON_16S","T0069_DON","16S","SeqCoast Genomics",NA,NA,"Illumina",NA,"2x300 bp",NA,NA,NA,"planned",NA,NA,NA,NA,NA
"T0069_DON_ITS2","T0069_DON","ITS2","SeqCoast Genomics",NA,NA,"Illumina",NA,"2x300 bp",NA,NA,NA,"planned",NA,NA,NA,NA,NA
"T0069_REC_16S","T0069_REC","16S","SeqCoast Genomics",NA,NA,"Illumina",NA,"2x300 bp",NA,NA,NA,"planned",NA,NA,NA,NA,NA
"T0069_REC_ITS2","T0069_REC","ITS2","SeqCoast Genomics",NA,NA,"Illumina",NA,"2x300 bp",NA,NA,NA,"planned",NA,NA,NA,NA,NA
"T0069_FIN_16S","T0069_FIN","16S","SeqCoast Genomics",NA,NA,"Illumina",NA,"2x300 bp",NA,NA,NA,"planned",NA,NA,NA,NA,NA
"T0069_FIN_ITS2","T0069_FIN","ITS2","SeqCoast Genomics",NA,NA,"Illumina",NA,"2x300 bp",NA,NA,NA,"planned",NA,NA,NA,NA,NA
"T0070_DON_16S","T0070_DON","16S","SeqCoast Genomics",NA,NA,"Illumina",NA,"2x300 bp",NA,NA,NA,"planned",NA,NA,NA,NA,NA
"T0070_DON_ITS2","T0070_DON","ITS2","SeqCoast Genomics",NA,NA,"Illumina",NA,"2x300 bp",NA,NA,NA,"planned",NA,NA,NA,NA,NA
"T0070_REC_16S","T0070_REC","16S","SeqCoast Genomics",NA,NA,"Illumina",NA,"2x300 bp",NA,NA,NA,"planned",NA,NA,NA,NA,NA
"T0070_REC_ITS2","T0070_REC","ITS2","SeqCoast Genomics",NA,NA,"Illumina",NA,"2x300 bp",NA,NA,NA,"planned",NA,NA,NA,NA,NA
"T0070_FIN_16S","T0070_FIN","16S","SeqCoast Genomics",NA,NA,"Illumina",NA,"2x300 bp",NA,NA,NA,"planned",NA,NA,NA,NA,NA
"T0070_FIN_ITS2","T0070_FIN","ITS2","SeqCoast Genomics",NA,NA,"Illumina",NA,"2x300 bp",NA,NA,NA,"planned",NA,NA,NA,NA,NA
"T0071_DON_16S","T0071_DON","16S","SeqCoast Genomics",NA,NA,"Illumina",NA,"2x300 bp",NA,NA,NA,"planned",NA,NA,NA,NA,NA
"T0071_DON_ITS2","T0071_DON","ITS2","SeqCoast Genomics",NA,NA,"Illumina",NA,"2x300 bp",NA,NA,NA,"planned",NA,NA,NA,NA,NA
"T0071_REC_16S","T0071_REC","16S","SeqCoast Genomics",NA,NA,"Illumina",NA,"2x300 bp",NA,NA,NA,"planned",NA,NA,NA,NA,NA
"T0071_REC_ITS2","T0071_REC","ITS2","SeqCoast Genomics",NA,NA,"Illumina",NA,"2x300 bp",NA,NA,NA,"planned",NA,NA,NA,NA,NA
"T0071_FIN_16S","T0071_FIN","16S","SeqCoast Genomics",NA,NA,"Illumina",NA,"2x300 bp",NA,NA,NA,"planned",NA,NA,NA,NA,NA
"T0071_FIN_ITS2","T0071_FIN","ITS2","SeqCoast Genomics",NA,NA,"Illumina",NA,"2x300 bp",NA,NA,NA,"planned",NA,NA,NA,NA,NA
"T0072_DON_16S","T0072_DON","16S","SeqCoast Genomics",NA,NA,"Illumina",NA,"2x300 bp",NA,NA,NA,"planned",NA,NA,NA,NA,NA
"T0072_DON_ITS2","T0072_DON","ITS2","SeqCoast Genomics",NA,NA,"Illumina",NA,"2x300 bp",NA,NA,NA,"planned",NA,NA,NA,NA,NA
"T0072_REC_16S","T0072_REC","16S","SeqCoast Genomics",NA,NA,"Illumina",NA,"2x300 bp",NA,NA,NA,"planned",NA,NA,NA,NA,NA
"T0072_REC_ITS2","T0072_REC","ITS2","SeqCoast Genomics",NA,NA,"Illumina",NA,"2x300 bp",NA,NA,NA,"planned",NA,NA,NA,NA,NA
"T0072_FIN_16S","T0072_FIN","16S","SeqCoast Genomics",NA,NA,"Illumina",NA,"2x300 bp",NA,NA,NA,"planned",NA,NA,NA,NA,NA
"T0072_FIN_ITS2","T0072_FIN","ITS2","SeqCoast Genomics",NA,NA,"Illumina",NA,"2x300 bp",NA,NA,NA,"planned",NA,NA,NA,NA,NA
"T0073_DON_16S","T0073_DON","16S","SeqCoast Genomics",NA,NA,"Illumina",NA,"2x300 bp",NA,NA,NA,"planned",NA,NA,NA,NA,NA
"T0073_DON_ITS2","T0073_DON","ITS2","SeqCoast Genomics",NA,NA,"Illumina",NA,"2x300 bp",NA,NA,NA,"planned",NA,NA,NA,NA,NA
"T0073_REC_16S","T0073_REC","16S","SeqCoast Genomics",NA,NA,"Illumina",NA,"2x300 bp",NA,NA,NA,"planned",NA,NA,NA,NA,NA
"T0073_REC_ITS2","T0073_REC","ITS2","SeqCoast Genomics",NA,NA,"Illumina",NA,"2x300 bp",NA,NA,NA,"planned",NA,NA,NA,NA,NA
"T0073_FIN_16S","T0073_FIN","16S","SeqCoast Genomics",NA,NA,"Illumina",NA,"2x300 bp",NA,NA,NA,"planned",NA,NA,NA,NA,NA
"T0073_FIN_ITS2","T0073_FIN","ITS2","SeqCoast Genomics",NA,NA,"Illumina",NA,"2x300 bp",NA,NA,NA,"planned",NA,NA,NA,NA,NA
"T0074_DON_16S","T0074_DON","16S","SeqCoast Genomics",NA,NA,"Illumina",NA,"2x300 bp",NA,NA,NA,"planned",NA,NA,NA,NA,NA
"T0074_DON_ITS2","T0074_DON","ITS2","SeqCoast Genomics",NA,NA,"Illumina",NA,"2x300 bp",NA,NA,NA,"planned",NA,NA,NA,NA,NA
"T0074_REC_16S","T0074_REC","16S","SeqCoast Genomics",NA,NA,"Illumina",NA,"2x300 bp",NA,NA,NA,"planned",NA,NA,NA,NA,NA
"T0074_REC_ITS2","T0074_REC","ITS2","SeqCoast Genomics",NA,NA,"Illumina",NA,"2x300 bp",NA,NA,NA,"planned",NA,NA,NA,NA,NA
"T0074_FIN_16S","T0074_FIN","16S","SeqCoast Genomics",NA,NA,"Illumina",NA,"2x300 bp",NA,NA,NA,"planned",NA,NA,NA,NA,NA
"T0074_FIN_ITS2","T0074_FIN","ITS2","SeqCoast Genomics",NA,NA,"Illumina",NA,"2x300 bp",NA,NA,NA,"planned",NA,NA,NA,NA,NA
"T0075_DON_16S","T0075_DON","16S","SeqCoast Genomics",NA,NA,"Illumina",NA,"2x300 bp",NA,NA,NA,"planned",NA,NA,NA,NA,NA
"T0075_DON_ITS2","T0075_DON","ITS2","SeqCoast Genomics",NA,NA,"Illumina",NA,"2x300 bp",NA,NA,NA,"planned",NA,NA,NA,NA,NA
"T0075_REC_16S","T0075_REC","16S","SeqCoast Genomics",NA,NA,"Illumina",NA,"2x300 bp",NA,NA,NA,"planned",NA,NA,NA,NA,NA
"T0075_REC_ITS2","T0075_REC","ITS2","SeqCoast Genomics",NA,NA,"Illumina",NA,"2x300 bp",NA,NA,NA,"planned",NA,NA,NA,NA,NA
"T0075_FIN_16S","T0075_FIN","16S","SeqCoast Genomics",NA,NA,"Illumina",NA,"2x300 bp",NA,NA,NA,"planned",NA,NA,NA,NA,NA
"T0075_FIN_ITS2","T0075_FIN","ITS2","SeqCoast Genomics",NA,NA,"Illumina",NA,"2x300 bp",NA,NA,NA,"planned",NA,NA,NA,NA,NA
"T0076_DON_16S","T0076_DON","16S","SeqCoast Genomics",NA,NA,"Illumina",NA,"2x300 bp",NA,NA,NA,"planned",NA,NA,NA,NA,NA
"T0076_DON_ITS2","T0076_DON","ITS2","SeqCoast Genomics",NA,NA,"Illumina",NA,"2x300 bp",NA,NA,NA,"planned",NA,NA,NA,NA,NA
"T0076_REC_16S","T0076_REC","16S","SeqCoast Genomics",NA,NA,"Illumina",NA,"2x300 bp",NA,NA,NA,"planned",NA,NA,NA,NA,NA
"T0076_REC_ITS2","T0076_REC","ITS2","SeqCoast Genomics",NA,NA,"Illumina",NA,"2x300 bp",NA,NA,NA,"planned",NA,NA,NA,NA,NA
"T0076_FIN_16S","T0076_FIN","16S","SeqCoast Genomics",NA,NA,"Illumina",NA,"2x300 bp",NA,NA,NA,"planned",NA,NA,NA,NA,NA
"T0076_FIN_ITS2","T0076_FIN","ITS2","SeqCoast Genomics",NA,NA,"Illumina",NA,"2x300 bp",NA,NA,NA,"planned",NA,NA,NA,NA,NA
"T0077_DON_16S","T0077_DON","16S","SeqCoast Genomics",NA,NA,"Illumina",NA,"2x300 bp",NA,NA,NA,"planned",NA,NA,NA,NA,NA
"T0077_DON_ITS2","T0077_DON","ITS2","SeqCoast Genomics",NA,NA,"Illumina",NA,"2x300 bp",NA,NA,NA,"planned",NA,NA,NA,NA,NA
"T0077_REC_16S","T0077_REC","16S","SeqCoast Genomics",NA,NA,"Illumina",NA,"2x300 bp",NA,NA,NA,"planned",NA,NA,NA,NA,NA
"T0077_REC_ITS2","T0077_REC","ITS2","SeqCoast Genomics",NA,NA,"Illumina",NA,"2x300 bp",NA,NA,NA,"planned",NA,NA,NA,NA,NA
"T0077_FIN_16S","T0077_FIN","16S","SeqCoast Genomics",NA,NA,"Illumina",NA,"2x300 bp",NA,NA,NA,"planned",NA,NA,NA,NA,NA
"T0077_FIN_ITS2","T0077_FIN","ITS2","SeqCoast Genomics",NA,NA,"Illumina",NA,"2x300 bp",NA,NA,NA,"planned",NA,NA,NA,NA,NA
"T0078_DON_16S","T0078_DON","16S","SeqCoast Genomics",NA,NA,"Illumina",NA,"2x300 bp",NA,NA,NA,"planned",NA,NA,NA,NA,NA
"T0078_DON_ITS2","T0078_DON","ITS2","SeqCoast Genomics",NA,NA,"Illumina",NA,"2x300 bp",NA,NA,NA,"planned",NA,NA,NA,NA,NA
"T0078_REC_16S","T0078_REC","16S","SeqCoast Genomics",NA,NA,"Illumina",NA,"2x300 bp",NA,NA,NA,"planned",NA,NA,NA,NA,NA
"T0078_REC_ITS2","T0078_REC","ITS2","SeqCoast Genomics",NA,NA,"Illumina",NA,"2x300 bp",NA,NA,NA,"planned",NA,NA,NA,NA,NA
"T0078_FIN_16S","T0078_FIN","16S","SeqCoast Genomics",NA,NA,"Illumina",NA,"2x300 bp",NA,NA,NA,"planned",NA,NA,NA,NA,NA
"T0078_FIN_ITS2","T0078_FIN","ITS2","SeqCoast Genomics",NA,NA,"Illumina",NA,"2x300 bp",NA,NA,NA,"planned",NA,NA,NA,NA,NA
"T0079_DON_16S","T0079_DON","16S","SeqCoast Genomics",NA,NA,"Illumina",NA,"2x300 bp",NA,NA,NA,"planned",NA,NA,NA,NA,NA
"T0079_DON_ITS2","T0079_DON","ITS2","SeqCoast Genomics",NA,NA,"Illumina",NA,"2x300 bp",NA,NA,NA,"planned",NA,NA,NA,NA,NA
"T0079_REC_16S","T0079_REC","16S","SeqCoast Genomics",NA,NA,"Illumina",NA,"2x300 bp",NA,NA,NA,"planned",NA,NA,NA,NA,NA
"T0079_REC_ITS2","T0079_REC","ITS2","SeqCoast Genomics",NA,NA,"Illumina",NA,"2x300 bp",NA,NA,NA,"planned",NA,NA,NA,NA,NA
"T0079_FIN_16S","T0079_FIN","16S","SeqCoast Genomics",NA,NA,"Illumina",NA,"2x300 bp",NA,NA,NA,"planned",NA,NA,NA,NA,NA
"T0079_FIN_ITS2","T0079_FIN","ITS2","SeqCoast Genomics",NA,NA,"Illumina",NA,"2x300 bp",NA,NA,NA,"planned",NA,NA,NA,NA,NA
"T0080_DON_16S","T0080_DON","16S","SeqCoast Genomics",NA,NA,"Illumina",NA,"2x300 bp",NA,NA,NA,"planned",NA,NA,NA,NA,NA
"T0080_DON_ITS2","T0080_DON","ITS2","SeqCoast Genomics",NA,NA,"Illumina",NA,"2x300 bp",NA,NA,NA,"planned",NA,NA,NA,NA,NA
"T0080_REC_16S","T0080_REC","16S","SeqCoast Genomics",NA,NA,"Illumina",NA,"2x300 bp",NA,NA,NA,"planned",NA,NA,NA,NA,NA
"T0080_REC_ITS2","T0080_REC","ITS2","SeqCoast Genomics",NA,NA,"Illumina",NA,"2x300 bp",NA,NA,NA,"planned",NA,NA,NA,NA,NA
"T0080_FIN_16S","T0080_FIN","16S","SeqCoast Genomics",NA,NA,"Illumina",NA,"2x300 bp",NA,NA,NA,"planned",NA,NA,NA,NA,NA
"T0080_FIN_ITS2","T0080_FIN","ITS2","SeqCoast Genomics",NA,NA,"Illumina",NA,"2x300 bp",NA,NA,NA,"planned",NA,NA,NA,NA,NA
"T0081_DON_16S","T0081_DON","16S","SeqCoast Genomics",NA,NA,"Illumina",NA,"2x300 bp",NA,NA,NA,"planned",NA,NA,NA,NA,NA
"T0081_DON_ITS2","T0081_DON","ITS2","SeqCoast Genomics",NA,NA,"Illumina",NA,"2x300 bp",NA,NA,NA,"planned",NA,NA,NA,NA,NA
"T0081_REC_16S","T0081_REC","16S","SeqCoast Genomics",NA,NA,"Illumina",NA,"2x300 bp",NA,NA,NA,"planned",NA,NA,NA,NA,NA
"T0081_REC_ITS2","T0081_REC","ITS2","SeqCoast Genomics",NA,NA,"Illumina",NA,"2x300 bp",NA,NA,NA,"planned",NA,NA,NA,NA,NA
"T0081_FIN_16S","T0081_FIN","16S","SeqCoast Genomics",NA,NA,"Illumina",NA,"2x300 bp",NA,NA,NA,"planned",NA,NA,NA,NA,NA
"T0081_FIN_ITS2","T0081_FIN","ITS2","SeqCoast Genomics",NA,NA,"Illumina",NA,"2x300 bp",NA,NA,NA,"planned",NA,NA,NA,NA,NA
"T0082_DON_16S","T0082_DON","16S","SeqCoast Genomics",NA,NA,"Illumina",NA,"2x300 bp",NA,NA,NA,"planned",NA,NA,NA,NA,NA
"T0082_DON_ITS2","T0082_DON","ITS2","SeqCoast Genomics",NA,NA,"Illumina",NA,"2x300 bp",NA,NA,NA,"planned",NA,NA,NA,NA,NA
"T0082_REC_16S","T0082_REC","16S","SeqCoast Genomics",NA,NA,"Illumina",NA,"2x300 bp",NA,NA,NA,"planned",NA,NA,NA,NA,NA
"T0082_REC_ITS2","T0082_REC","ITS2","SeqCoast Genomics",NA,NA,"Illumina",NA,"2x300 bp",NA,NA,NA,"planned",NA,NA,NA,NA,NA
"T0082_FIN_16S","T0082_FIN","16S","SeqCoast Genomics",NA,NA,"Illumina",NA,"2x300 bp",NA,NA,NA,"planned",NA,NA,NA,NA,NA
"T0082_FIN_ITS2","T0082_FIN","ITS2","SeqCoast Genomics",NA,NA,"Illumina",NA,"2x300 bp",NA,NA,NA,"planned",NA,NA,NA,NA,NA
"T0083_DON_16S","T0083_DON","16S","SeqCoast Genomics",NA,NA,"Illumina",NA,"2x300 bp",NA,NA,NA,"planned",NA,NA,NA,NA,NA
"T0083_DON_ITS2","T0083_DON","ITS2","SeqCoast Genomics",NA,NA,"Illumina",NA,"2x300 bp",NA,NA,NA,"planned",NA,NA,NA,NA,NA
"T0083_REC_16S","T0083_REC","16S","SeqCoast Genomics",NA,NA,"Illumina",NA,"2x300 bp",NA,NA,NA,"planned",NA,NA,NA,NA,NA
"T0083_REC_ITS2","T0083_REC","ITS2","SeqCoast Genomics",NA,NA,"Illumina",NA,"2x300 bp",NA,NA,NA,"planned",NA,NA,NA,NA,NA
"T0083_FIN_16S","T0083_FIN","16S","SeqCoast Genomics",NA,NA,"Illumina",NA,"2x300 bp",NA,NA,NA,"planned",NA,NA,NA,NA,NA
"T0083_FIN_ITS2","T0083_FIN","ITS2","SeqCoast Genomics",NA,NA,"Illumina",NA,"2x300 bp",NA,NA,NA,"planned",NA,NA,NA,NA,NA
"T0084_DON_16S","T0084_DON","16S","SeqCoast Genomics",NA,NA,"Illumina",NA,"2x300 bp",NA,NA,NA,"planned",NA,NA,NA,NA,NA
"T0084_DON_ITS2","T0084_DON","ITS2","SeqCoast Genomics",NA,NA,"Illumina",NA,"2x300 bp",NA,NA,NA,"planned",NA,NA,NA,NA,NA
"T0084_REC_16S","T0084_REC","16S","SeqCoast Genomics",NA,NA,"Illumina",NA,"2x300 bp",NA,NA,NA,"planned",NA,NA,NA,NA,NA
"T0084_REC_ITS2","T0084_REC","ITS2","SeqCoast Genomics",NA,NA,"Illumina",NA,"2x300 bp",NA,NA,NA,"planned",NA,NA,NA,NA,NA
"T0084_FIN_16S","T0084_FIN","16S","SeqCoast Genomics",NA,NA,"Illumina",NA,"2x300 bp",NA,NA,NA,"planned",NA,NA,NA,NA,NA
"T0084_FIN_ITS2","T0084_FIN","ITS2","SeqCoast Genomics",NA,NA,"Illumina",NA,"2x300 bp",NA,NA,NA,"planned",NA,NA,NA,NA,NA
"T0085_DON_16S","T0085_DON","16S","SeqCoast Genomics",NA,NA,"Illumina",NA,"2x300 bp",NA,NA,NA,"planned",NA,NA,NA,NA,NA
"T0085_DON_ITS2","T0085_DON","ITS2","SeqCoast Genomics",NA,NA,"Illumina",NA,"2x300 bp",NA,NA,NA,"planned",NA,NA,NA,NA,NA
"T0085_REC_16S","T0085_REC","16S","SeqCoast Genomics",NA,NA,"Illumina",NA,"2x300 bp",NA,NA,NA,"planned",NA,NA,NA,NA,NA
"T0085_REC_ITS2","T0085_REC","ITS2","SeqCoast Genomics",NA,NA,"Illumina",NA,"2x300 bp",NA,NA,NA,"planned",NA,NA,NA,NA,NA
"T0085_FIN_16S","T0085_FIN","16S","SeqCoast Genomics",NA,NA,"Illumina",NA,"2x300 bp",NA,NA,NA,"planned",NA,NA,NA,NA,NA
"T0085_FIN_ITS2","T0085_FIN","ITS2","SeqCoast Genomics",NA,NA,"Illumina",NA,"2x300 bp",NA,NA,NA,"planned",NA,NA,NA,NA,NA
"T0086_DON_16S","T0086_DON","16S","SeqCoast Genomics",NA,NA,"Illumina",NA,"2x300 bp",NA,NA,NA,"planned",NA,NA,NA,NA,NA
"T0086_DON_ITS2","T0086_DON","ITS2","SeqCoast Genomics",NA,NA,"Illumina",NA,"2x300 bp",NA,NA,NA,"planned",NA,NA,NA,NA,NA
"T0086_REC_16S","T0086_REC","16S","SeqCoast Genomics",NA,NA,"Illumina",NA,"2x300 bp",NA,NA,NA,"planned",NA,NA,NA,NA,NA
"T0086_REC_ITS2","T0086_REC","ITS2","SeqCoast Genomics",NA,NA,"Illumina",NA,"2x300 bp",NA,NA,NA,"planned",NA,NA,NA,NA,NA
"T0086_FIN_16S","T0086_FIN","16S","SeqCoast Genomics",NA,NA,"Illumina",NA,"2x300 bp",NA,NA,NA,"planned",NA,NA,NA,NA,NA
"T0086_FIN_ITS2","T0086_FIN","ITS2","SeqCoast Genomics",NA,NA,"Illumina",NA,"2x300 bp",NA,NA,NA,"planned",NA,NA,NA,NA,NA
"T0087_DON_16S","T0087_DON","16S","SeqCoast Genomics",NA,NA,"Illumina",NA,"2x300 bp",NA,NA,NA,"planned",NA,NA,NA,NA,NA
"T0087_DON_ITS2","T0087_DON","ITS2","SeqCoast Genomics",NA,NA,"Illumina",NA,"2x300 bp",NA,NA,NA,"planned",NA,NA,NA,NA,NA
"T0087_REC_16S","T0087_REC","16S","SeqCoast Genomics",NA,NA,"Illumina",NA,"2x300 bp",NA,NA,NA,"planned",NA,NA,NA,NA,NA
"T0087_REC_ITS2","T0087_REC","ITS2","SeqCoast Genomics",NA,NA,"Illumina",NA,"2x300 bp",NA,NA,NA,"planned",NA,NA,NA,NA,NA
"T0087_FIN_16S","T0087_FIN","16S","SeqCoast Genomics",NA,NA,"Illumina",NA,"2x300 bp",NA,NA,NA,"planned",NA,NA,NA,NA,NA
"T0087_FIN_ITS2","T0087_FIN","ITS2","SeqCoast Genomics",NA,NA,"Illumina",NA,"2x300 bp",NA,NA,NA,"planned",NA,NA,NA,NA,NA
"T0088_DON_16S","T0088_DON","16S","SeqCoast Genomics",NA,NA,"Illumina",NA,"2x300 bp",NA,NA,NA,"planned",NA,NA,NA,NA,NA
"T0088_DON_ITS2","T0088_DON","ITS2","SeqCoast Genomics",NA,NA,"Illumina",NA,"2x300 bp",NA,NA,NA,"planned",NA,NA,NA,NA,NA
"T0088_REC_16S","T0088_REC","16S","SeqCoast Genomics",NA,NA,"Illumina",NA,"2x300 bp",NA,NA,NA,"planned",NA,NA,NA,NA,NA
"T0088_REC_ITS2","T0088_REC","ITS2","SeqCoast Genomics",NA,NA,"Illumina",NA,"2x300 bp",NA,NA,NA,"planned",NA,NA,NA,NA,NA
"T0088_FIN_16S","T0088_FIN","16S","SeqCoast Genomics",NA,NA,"Illumina",NA,"2x300 bp",NA,NA,NA,"planned",NA,NA,NA,NA,NA
"T0088_FIN_ITS2","T0088_FIN","ITS2","SeqCoast Genomics",NA,NA,"Illumina",NA,"2x300 bp",NA,NA,NA,"planned",NA,NA,NA,NA,NA
"T0089_DON_16S","T0089_DON","16S","SeqCoast Genomics",NA,NA,"Illumina",NA,"2x300 bp",NA,NA,NA,"planned",NA,NA,NA,NA,NA
"T0089_DON_ITS2","T0089_DON","ITS2","SeqCoast Genomics",NA,NA,"Illumina",NA,"2x300 bp",NA,NA,NA,"planned",NA,NA,NA,NA,NA
"T0089_REC_16S","T0089_REC","16S","SeqCoast Genomics",NA,NA,"Illumina",NA,"2x300 bp",NA,NA,NA,"planned",NA,NA,NA,NA,NA
"T0089_REC_ITS2","T0089_REC","ITS2","SeqCoast Genomics",NA,NA,"Illumina",NA,"2x300 bp",NA,NA,NA,"planned",NA,NA,NA,NA,NA
"T0089_FIN_16S","T0089_FIN","16S","SeqCoast Genomics",NA,NA,"Illumina",NA,"2x300 bp",NA,NA,NA,"planned",NA,NA,NA,NA,NA
"T0089_FIN_ITS2","T0089_FIN","ITS2","SeqCoast Genomics",NA,NA,"Illumina",NA,"2x300 bp",NA,NA,NA,"planned",NA,NA,NA,NA,NA
"T0090_DON_16S","T0090_DON","16S","SeqCoast Genomics",NA,NA,"Illumina",NA,"2x300 bp",NA,NA,NA,"planned",NA,NA,NA,NA,NA
"T0090_DON_ITS2","T0090_DON","ITS2","SeqCoast Genomics",NA,NA,"Illumina",NA,"2x300 bp",NA,NA,NA,"planned",NA,NA,NA,NA,NA
"T0090_REC_16S","T0090_REC","16S","SeqCoast Genomics",NA,NA,"Illumina",NA,"2x300 bp",NA,NA,NA,"planned",NA,NA,NA,NA,NA
"T0090_REC_ITS2","T0090_REC","ITS2","SeqCoast Genomics",NA,NA,"Illumina",NA,"2x300 bp",NA,NA,NA,"planned",NA,NA,NA,NA,NA
"T0090_FIN_16S","T0090_FIN","16S","SeqCoast Genomics",NA,NA,"Illumina",NA,"2x300 bp",NA,NA,NA,"planned",NA,NA,NA,NA,NA
"T0090_FIN_ITS2","T0090_FIN","ITS2","SeqCoast Genomics",NA,NA,"Illumina",NA,"2x300 bp",NA,NA,NA,"planned",NA,NA,NA,NA,NA
"T0091_DON_16S","T0091_DON","16S","SeqCoast Genomics",NA,NA,"Illumina",NA,"2x300 bp",NA,NA,NA,"planned",NA,NA,NA,NA,NA
"T0091_DON_ITS2","T0091_DON","ITS2","SeqCoast Genomics",NA,NA,"Illumina",NA,"2x300 bp",NA,NA,NA,"planned",NA,NA,NA,NA,NA
"T0091_REC_16S","T0091_REC","16S","SeqCoast Genomics",NA,NA,"Illumina",NA,"2x300 bp",NA,NA,NA,"planned",NA,NA,NA,NA,NA
"T0091_REC_ITS2","T0091_REC","ITS2","SeqCoast Genomics",NA,NA,"Illumina",NA,"2x300 bp",NA,NA,NA,"planned",NA,NA,NA,NA,NA
"T0091_FIN_16S","T0091_FIN","16S","SeqCoast Genomics",NA,NA,"Illumina",NA,"2x300 bp",NA,NA,NA,"planned",NA,NA,NA,NA,NA
"T0091_FIN_ITS2","T0091_FIN","ITS2","SeqCoast Genomics",NA,NA,"Illumina",NA,"2x300 bp",NA,NA,NA,"planned",NA,NA,NA,NA,NA
"T0092_DON_16S","T0092_DON","16S","SeqCoast Genomics",NA,NA,"Illumina",NA,"2x300 bp",NA,NA,NA,"planned",NA,NA,NA,NA,NA
"T0092_DON_ITS2","T0092_DON","ITS2","SeqCoast Genomics",NA,NA,"Illumina",NA,"2x300 bp",NA,NA,NA,"planned",NA,NA,NA,NA,NA
"T0092_REC_16S","T0092_REC","16S","SeqCoast Genomics",NA,NA,"Illumina",NA,"2x300 bp",NA,NA,NA,"planned",NA,NA,NA,NA,NA
"T0092_REC_ITS2","T0092_REC","ITS2","SeqCoast Genomics",NA,NA,"Illumina",NA,"2x300 bp",NA,NA,NA,"planned",NA,NA,NA,NA,NA
"T0092_FIN_16S","T0092_FIN","16S","SeqCoast Genomics",NA,NA,"Illumina",NA,"2x300 bp",NA,NA,NA,"planned",NA,NA,NA,NA,NA
"T0092_FIN_ITS2","T0092_FIN","ITS2","SeqCoast Genomics",NA,NA,"Illumina",NA,"2x300 bp",NA,NA,NA,"planned",NA,NA,NA,NA,NA
"T0093_DON_16S","T0093_DON","16S","SeqCoast Genomics",NA,NA,"Illumina",NA,"2x300 bp",NA,NA,NA,"planned",NA,NA,NA,NA,NA
"T0093_DON_ITS2","T0093_DON","ITS2","SeqCoast Genomics",NA,NA,"Illumina",NA,"2x300 bp",NA,NA,NA,"planned",NA,NA,NA,NA,NA
"T0093_REC_16S","T0093_REC","16S","SeqCoast Genomics",NA,NA,"Illumina",NA,"2x300 bp",NA,NA,NA,"planned",NA,NA,NA,NA,NA
"T0093_REC_ITS2","T0093_REC","ITS2","SeqCoast Genomics",NA,NA,"Illumina",NA,"2x300 bp",NA,NA,NA,"planned",NA,NA,NA,NA,NA
"T0093_FIN_16S","T0093_FIN","16S","SeqCoast Genomics",NA,NA,"Illumina",NA,"2x300 bp",NA,NA,NA,"planned",NA,NA,NA,NA,NA
"T0093_FIN_ITS2","T0093_FIN","ITS2","SeqCoast Genomics",NA,NA,"Illumina",NA,"2x300 bp",NA,NA,NA,"planned",NA,NA,NA,NA,NA
"T0094_DON_16S","T0094_DON","16S","SeqCoast Genomics",NA,NA,"Illumina",NA,"2x300 bp",NA,NA,NA,"planned",NA,NA,NA,NA,NA
"T0094_DON_ITS2","T0094_DON","ITS2","SeqCoast Genomics",NA,NA,"Illumina",NA,"2x300 bp",NA,NA,NA,"planned",NA,NA,NA,NA,NA
"T0094_REC_16S","T0094_REC","16S","SeqCoast Genomics",NA,NA,"Illumina",NA,"2x300 bp",NA,NA,NA,"planned",NA,NA,NA,NA,NA
"T0094_REC_ITS2","T0094_REC","ITS2","SeqCoast Genomics",NA,NA,"Illumina",NA,"2x300 bp",NA,NA,NA,"planned",NA,NA,NA,NA,NA
"T0094_FIN_16S","T0094_FIN","16S","SeqCoast Genomics",NA,NA,"Illumina",NA,"2x300 bp",NA,NA,NA,"planned",NA,NA,NA,NA,NA
"T0094_FIN_ITS2","T0094_FIN","ITS2","SeqCoast Genomics",NA,NA,"Illumina",NA,"2x300 bp",NA,NA,NA,"planned",NA,NA,NA,NA,NA
"T0095_DON_16S","T0095_DON","16S","SeqCoast Genomics",NA,NA,"Illumina",NA,"2x300 bp",NA,NA,NA,"planned",NA,NA,NA,NA,NA
"T0095_DON_ITS2","T0095_DON","ITS2","SeqCoast Genomics",NA,NA,"Illumina",NA,"2x300 bp",NA,NA,NA,"planned",NA,NA,NA,NA,NA
"T0095_REC_16S","T0095_REC","16S","SeqCoast Genomics",NA,NA,"Illumina",NA,"2x300 bp",NA,NA,NA,"planned",NA,NA,NA,NA,NA
"T0095_REC_ITS2","T0095_REC","ITS2","SeqCoast Genomics",NA,NA,"Illumina",NA,"2x300 bp",NA,NA,NA,"planned",NA,NA,NA,NA,NA
"T0095_FIN_16S","T0095_FIN","16S","SeqCoast Genomics",NA,NA,"Illumina",NA,"2x300 bp",NA,NA,NA,"planned",NA,NA,NA,NA,NA
"T0095_FIN_ITS2","T0095_FIN","ITS2","SeqCoast Genomics",NA,NA,"Illumina",NA,"2x300 bp",NA,NA,NA,"planned",NA,NA,NA,NA,NA
"T0096_DON_16S","T0096_DON","16S","SeqCoast Genomics",NA,NA,"Illumina",NA,"2x300 bp",NA,NA,NA,"planned",NA,NA,NA,NA,NA
"T0096_DON_ITS2","T0096_DON","ITS2","SeqCoast Genomics",NA,NA,"Illumina",NA,"2x300 bp",NA,NA,NA,"planned",NA,NA,NA,NA,NA
"T0096_REC_16S","T0096_REC","16S","SeqCoast Genomics",NA,NA,"Illumina",NA,"2x300 bp",NA,NA,NA,"planned",NA,NA,NA,NA,NA
"T0096_REC_ITS2","T0096_REC","ITS2","SeqCoast Genomics",NA,NA,"Illumina",NA,"2x300 bp",NA,NA,NA,"planned",NA,NA,NA,NA,NA
"T0096_FIN_16S","T0096_FIN","16S","SeqCoast Genomics",NA,NA,"Illumina",NA,"2x300 bp",NA,NA,NA,"planned",NA,NA,NA,NA,NA
"T0096_FIN_ITS2","T0096_FIN","ITS2","SeqCoast Genomics",NA,NA,"Illumina",NA,"2x300 bp",NA,NA,NA,"planned",NA,NA,NA,NA,NA
"T0097_DON_16S","T0097_DON","16S","SeqCoast Genomics",NA,NA,"Illumina",NA,"2x300 bp",NA,NA,NA,"planned",NA,NA,NA,NA,NA
"T0097_DON_ITS2","T0097_DON","ITS2","SeqCoast Genomics",NA,NA,"Illumina",NA,"2x300 bp",NA,NA,NA,"planned",NA,NA,NA,NA,NA
"T0097_REC_16S","T0097_REC","16S","SeqCoast Genomics",NA,NA,"Illumina",NA,"2x300 bp",NA,NA,NA,"planned",NA,NA,NA,NA,NA
"T0097_REC_ITS2","T0097_REC","ITS2","SeqCoast Genomics",NA,NA,"Illumina",NA,"2x300 bp",NA,NA,NA,"planned",NA,NA,NA,NA,NA
"T0097_FIN_16S","T0097_FIN","16S","SeqCoast Genomics",NA,NA,"Illumina",NA,"2x300 bp",NA,NA,NA,"planned",NA,NA,NA,NA,NA
"T0097_FIN_ITS2","T0097_FIN","ITS2","SeqCoast Genomics",NA,NA,"Illumina",NA,"2x300 bp",NA,NA,NA,"planned",NA,NA,NA,NA,NA
"T0098_DON_16S","T0098_DON","16S","SeqCoast Genomics",NA,NA,"Illumina",NA,"2x300 bp",NA,NA,NA,"planned",NA,NA,NA,NA,NA
"T0098_DON_ITS2","T0098_DON","ITS2","SeqCoast Genomics",NA,NA,"Illumina",NA,"2x300 bp",NA,NA,NA,"planned",NA,NA,NA,NA,NA
"T0098_REC_16S","T0098_REC","16S","SeqCoast Genomics",NA,NA,"Illumina",NA,"2x300 bp",NA,NA,NA,"planned",NA,NA,NA,NA,NA
"T0098_REC_ITS2","T0098_REC","ITS2","SeqCoast Genomics",NA,NA,"Illumina",NA,"2x300 bp",NA,NA,NA,"planned",NA,NA,NA,NA,NA
"T0098_FIN_16S","T0098_FIN","16S","SeqCoast Genomics",NA,NA,"Illumina",NA,"2x300 bp",NA,NA,NA,"planned",NA,NA,NA,NA,NA
"T0098_FIN_ITS2","T0098_FIN","ITS2","SeqCoast Genomics",NA,NA,"Illumina",NA,"2x300 bp",NA,NA,NA,"planned",NA,NA,NA,NA,NA
"T0099_DON_16S","T0099_DON","16S","SeqCoast Genomics",NA,NA,"Illumina",NA,"2x300 bp",NA,NA,NA,"planned",NA,NA,NA,NA,NA
"T0099_DON_ITS2","T0099_DON","ITS2","SeqCoast Genomics",NA,NA,"Illumina",NA,"2x300 bp",NA,NA,NA,"planned",NA,NA,NA,NA,NA
"T0099_REC_16S","T0099_REC","16S","SeqCoast Genomics",NA,NA,"Illumina",NA,"2x300 bp",NA,NA,NA,"planned",NA,NA,NA,NA,NA
"T0099_REC_ITS2","T0099_REC","ITS2","SeqCoast Genomics",NA,NA,"Illumina",NA,"2x300 bp",NA,NA,NA,"planned",NA,NA,NA,NA,NA
"T0099_FIN_16S","T0099_FIN","16S","SeqCoast Genomics",NA,NA,"Illumina",NA,"2x300 bp",NA,NA,NA,"planned",NA,NA,NA,NA,NA
"T0099_FIN_ITS2","T0099_FIN","ITS2","SeqCoast Genomics",NA,NA,"Illumina",NA,"2x300 bp",NA,NA,NA,"planned",NA,NA,NA,NA,NA
"T0100_DON_16S","T0100_DON","16S","SeqCoast Genomics",NA,NA,"Illumina",NA,"2x300 bp",NA,NA,NA,"planned",NA,NA,NA,NA,NA
"T0100_DON_ITS2","T0100_DON","ITS2","SeqCoast Genomics",NA,NA,"Illumina",NA,"2x300 bp",NA,NA,NA,"planned",NA,NA,NA,NA,NA
"T0100_REC_16S","T0100_REC","16S","SeqCoast Genomics",NA,NA,"Illumina",NA,"2x300 bp",NA,NA,NA,"planned",NA,NA,NA,NA,NA
"T0100_REC_ITS2","T0100_REC","ITS2","SeqCoast Genomics",NA,NA,"Illumina",NA,"2x300 bp",NA,NA,NA,"planned",NA,NA,NA,NA,NA
"T0100_FIN_16S","T0100_FIN","16S","SeqCoast Genomics",NA,NA,"Illumina",NA,"2x300 bp",NA,NA,NA,"planned",NA,NA,NA,NA,NA
"T0100_FIN_ITS2","T0100_FIN","ITS2","SeqCoast Genomics",NA,NA,"Illumina",NA,"2x300 bp",NA,NA,NA,"planned",NA,NA,NA,NA,NA
"T0101_DON_16S","T0101_DON","16S","SeqCoast Genomics",NA,NA,"Illumina",NA,"2x300 bp",NA,NA,NA,"planned",NA,NA,NA,NA,NA
"T0101_DON_ITS2","T0101_DON","ITS2","SeqCoast Genomics",NA,NA,"Illumina",NA,"2x300 bp",NA,NA,NA,"planned",NA,NA,NA,NA,NA
"T0101_REC_16S","T0101_REC","16S","SeqCoast Genomics",NA,NA,"Illumina",NA,"2x300 bp",NA,NA,NA,"planned",NA,NA,NA,NA,NA
"T0101_REC_ITS2","T0101_REC","ITS2","SeqCoast Genomics",NA,NA,"Illumina",NA,"2x300 bp",NA,NA,NA,"planned",NA,NA,NA,NA,NA
"T0101_FIN_16S","T0101_FIN","16S","SeqCoast Genomics",NA,NA,"Illumina",NA,"2x300 bp",NA,NA,NA,"planned",NA,NA,NA,NA,NA
"T0101_FIN_ITS2","T0101_FIN","ITS2","SeqCoast Genomics",NA,NA,"Illumina",NA,"2x300 bp",NA,NA,NA,"planned",NA,NA,NA,NA,NA
"T0102_DON_16S","T0102_DON","16S","SeqCoast Genomics",NA,NA,"Illumina",NA,"2x300 bp",NA,NA,NA,"planned",NA,NA,NA,NA,NA
"T0102_DON_ITS2","T0102_DON","ITS2","SeqCoast Genomics",NA,NA,"Illumina",NA,"2x300 bp",NA,NA,NA,"planned",NA,NA,NA,NA,NA
"T0102_REC_16S","T0102_REC","16S","SeqCoast Genomics",NA,NA,"Illumina",NA,"2x300 bp",NA,NA,NA,"planned",NA,NA,NA,NA,NA
"T0102_REC_ITS2","T0102_REC","ITS2","SeqCoast Genomics",NA,NA,"Illumina",NA,"2x300 bp",NA,NA,NA,"planned",NA,NA,NA,NA,NA
"T0102_FIN_16S","T0102_FIN","16S","SeqCoast Genomics",NA,NA,"Illumina",NA,"2x300 bp",NA,NA,NA,"planned",NA,NA,NA,NA,NA
"T0102_FIN_ITS2","T0102_FIN","ITS2","SeqCoast Genomics",NA,NA,"Illumina",NA,"2x300 bp",NA,NA,NA,"planned",NA,NA,NA,NA,NA
"T0103_DON_16S","T0103_DON","16S","SeqCoast Genomics",NA,NA,"Illumina",NA,"2x300 bp",NA,NA,NA,"planned",NA,NA,NA,NA,NA
"T0103_DON_ITS2","T0103_DON","ITS2","SeqCoast Genomics",NA,NA,"Illumina",NA,"2x300 bp",NA,NA,NA,"planned",NA,NA,NA,NA,NA
"T0103_REC_16S","T0103_REC","16S","SeqCoast Genomics",NA,NA,"Illumina",NA,"2x300 bp",NA,NA,NA,"planned",NA,NA,NA,NA,NA
"T0103_REC_ITS2","T0103_REC","ITS2","SeqCoast Genomics",NA,NA,"Illumina",NA,"2x300 bp",NA,NA,NA,"planned",NA,NA,NA,NA,NA
"T0103_FIN_16S","T0103_FIN","16S","SeqCoast Genomics",NA,NA,"Illumina",NA,"2x300 bp",NA,NA,NA,"planned",NA,NA,NA,NA,NA
"T0103_FIN_ITS2","T0103_FIN","ITS2","SeqCoast Genomics",NA,NA,"Illumina",NA,"2x300 bp",NA,NA,NA,"planned",NA,NA,NA,NA,NA
"T0104_DON_16S","T0104_DON","16S","SeqCoast Genomics",NA,NA,"Illumina",NA,"2x300 bp",NA,NA,NA,"planned",NA,NA,NA,NA,NA
"T0104_DON_ITS2","T0104_DON","ITS2","SeqCoast Genomics",NA,NA,"Illumina",NA,"2x300 bp",NA,NA,NA,"planned",NA,NA,NA,NA,NA
"T0104_REC_16S","T0104_REC","16S","SeqCoast Genomics",NA,NA,"Illumina",NA,"2x300 bp",NA,NA,NA,"planned",NA,NA,NA,NA,NA
"T0104_REC_ITS2","T0104_REC","ITS2","SeqCoast Genomics",NA,NA,"Illumina",NA,"2x300 bp",NA,NA,NA,"planned",NA,NA,NA,NA,NA
"T0104_FIN_16S","T0104_FIN","16S","SeqCoast Genomics",NA,NA,"Illumina",NA,"2x300 bp",NA,NA,NA,"planned",NA,NA,NA,NA,NA
"T0104_FIN_ITS2","T0104_FIN","ITS2","SeqCoast Genomics",NA,NA,"Illumina",NA,"2x300 bp",NA,NA,NA,"planned",NA,NA,NA,NA,NA
"T0105_DON_16S","T0105_DON","16S","SeqCoast Genomics",NA,NA,"Illumina",NA,"2x300 bp",NA,NA,NA,"planned",NA,NA,NA,NA,NA
"T0105_DON_ITS2","T0105_DON","ITS2","SeqCoast Genomics",NA,NA,"Illumina",NA,"2x300 bp",NA,NA,NA,"planned",NA,NA,NA,NA,NA
"T0105_REC_16S","T0105_REC","16S","SeqCoast Genomics",NA,NA,"Illumina",NA,"2x300 bp",NA,NA,NA,"planned",NA,NA,NA,NA,NA
"T0105_REC_ITS2","T0105_REC","ITS2","SeqCoast Genomics",NA,NA,"Illumina",NA,"2x300 bp",NA,NA,NA,"planned",NA,NA,NA,NA,NA
"T0105_FIN_16S","T0105_FIN","16S","SeqCoast Genomics",NA,NA,"Illumina",NA,"2x300 bp",NA,NA,NA,"planned",NA,NA,NA,NA,NA
"T0105_FIN_ITS2","T0105_FIN","ITS2","SeqCoast Genomics",NA,NA,"Illumina",NA,"2x300 bp",NA,NA,NA,"planned",NA,NA,NA,NA,NA
"T0106_DON_16S","T0106_DON","16S","SeqCoast Genomics",NA,NA,"Illumina",NA,"2x300 bp",NA,NA,NA,"planned",NA,NA,NA,NA,NA
"T0106_DON_ITS2","T0106_DON","ITS2","SeqCoast Genomics",NA,NA,"Illumina",NA,"2x300 bp",NA,NA,NA,"planned",NA,NA,NA,NA,NA
"T0106_REC_16S","T0106_REC","16S","SeqCoast Genomics",NA,NA,"Illumina",NA,"2x300 bp",NA,NA,NA,"planned",NA,NA,NA,NA,NA
"T0106_REC_ITS2","T0106_REC","ITS2","SeqCoast Genomics",NA,NA,"Illumina",NA,"2x300 bp",NA,NA,NA,"planned",NA,NA,NA,NA,NA
"T0106_FIN_16S","T0106_FIN","16S","SeqCoast Genomics",NA,NA,"Illumina",NA,"2x300 bp",NA,NA,NA,"planned",NA,NA,NA,NA,NA
"T0106_FIN_ITS2","T0106_FIN","ITS2","SeqCoast Genomics",NA,NA,"Illumina",NA,"2x300 bp",NA,NA,NA,"planned",NA,NA,NA,NA,NA
"T0107_DON_16S","T0107_DON","16S","SeqCoast Genomics",NA,NA,"Illumina",NA,"2x300 bp",NA,NA,NA,"planned",NA,NA,NA,NA,NA
"T0107_DON_ITS2","T0107_DON","ITS2","SeqCoast Genomics",NA,NA,"Illumina",NA,"2x300 bp",NA,NA,NA,"planned",NA,NA,NA,NA,NA
"T0107_REC_16S","T0107_REC","16S","SeqCoast Genomics",NA,NA,"Illumina",NA,"2x300 bp",NA,NA,NA,"planned",NA,NA,NA,NA,NA
"T0107_REC_ITS2","T0107_REC","ITS2","SeqCoast Genomics",NA,NA,"Illumina",NA,"2x300 bp",NA,NA,NA,"planned",NA,NA,NA,NA,NA
"T0107_FIN_16S","T0107_FIN","16S","SeqCoast Genomics",NA,NA,"Illumina",NA,"2x300 bp",NA,NA,NA,"planned",NA,NA,NA,NA,NA
"T0107_FIN_ITS2","T0107_FIN","ITS2","SeqCoast Genomics",NA,NA,"Illumina",NA,"2x300 bp",NA,NA,NA,"planned",NA,NA,NA,NA,NA
"T0108_DON_16S","T0108_DON","16S","SeqCoast Genomics",NA,NA,"Illumina",NA,"2x300 bp",NA,NA,NA,"planned",NA,NA,NA,NA,NA
"T0108_DON_ITS2","T0108_DON","ITS2","SeqCoast Genomics",NA,NA,"Illumina",NA,"2x300 bp",NA,NA,NA,"planned",NA,NA,NA,NA,NA
"T0108_REC_16S","T0108_REC","16S","SeqCoast Genomics",NA,NA,"Illumina",NA,"2x300 bp",NA,NA,NA,"planned",NA,NA,NA,NA,NA
"T0108_REC_ITS2","T0108_REC","ITS2","SeqCoast Genomics",NA,NA,"Illumina",NA,"2x300 bp",NA,NA,NA,"planned",NA,NA,NA,NA,NA
"T0108_FIN_16S","T0108_FIN","16S","SeqCoast Genomics",NA,NA,"Illumina",NA,"2x300 bp",NA,NA,NA,"planned",NA,NA,NA,NA,NA
"T0108_FIN_ITS2","T0108_FIN","ITS2","SeqCoast Genomics",NA,NA,"Illumina",NA,"2x300 bp",NA,NA,NA,"planned",NA,NA,NA,NA,NA
"T0109_DON_16S","T0109_DON","16S","SeqCoast Genomics",NA,NA,"Illumina",NA,"2x300 bp",NA,NA,NA,"planned",NA,NA,NA,NA,NA
"T0109_DON_ITS2","T0109_DON","ITS2","SeqCoast Genomics",NA,NA,"Illumina",NA,"2x300 bp",NA,NA,NA,"planned",NA,NA,NA,NA,NA
"T0109_REC_16S","T0109_REC","16S","SeqCoast Genomics",NA,NA,"Illumina",NA,"2x300 bp",NA,NA,NA,"planned",NA,NA,NA,NA,NA
"T0109_REC_ITS2","T0109_REC","ITS2","SeqCoast Genomics",NA,NA,"Illumina",NA,"2x300 bp",NA,NA,NA,"planned",NA,NA,NA,NA,NA
"T0109_FIN_16S","T0109_FIN","16S","SeqCoast Genomics",NA,NA,"Illumina",NA,"2x300 bp",NA,NA,NA,"planned",NA,NA,NA,NA,NA
"T0109_FIN_ITS2","T0109_FIN","ITS2","SeqCoast Genomics",NA,NA,"Illumina",NA,"2x300 bp",NA,NA,NA,"planned",NA,NA,NA,NA,NA
"T0110_DON_16S","T0110_DON","16S","SeqCoast Genomics",NA,NA,"Illumina",NA,"2x300 bp",NA,NA,NA,"planned",NA,NA,NA,NA,NA
"T0110_DON_ITS2","T0110_DON","ITS2","SeqCoast Genomics",NA,NA,"Illumina",NA,"2x300 bp",NA,NA,NA,"planned",NA,NA,NA,NA,NA
"T0110_REC_16S","T0110_REC","16S","SeqCoast Genomics",NA,NA,"Illumina",NA,"2x300 bp",NA,NA,NA,"planned",NA,NA,NA,NA,NA
"T0110_REC_ITS2","T0110_REC","ITS2","SeqCoast Genomics",NA,NA,"Illumina",NA,"2x300 bp",NA,NA,NA,"planned",NA,NA,NA,NA,NA
"T0110_FIN_16S","T0110_FIN","16S","SeqCoast Genomics",NA,NA,"Illumina",NA,"2x300 bp",NA,NA,NA,"planned",NA,NA,NA,NA,NA
"T0110_FIN_ITS2","T0110_FIN","ITS2","SeqCoast Genomics",NA,NA,"Illumina",NA,"2x300 bp",NA,NA,NA,"planned",NA,NA,NA,NA,NA
"T0111_DON_16S","T0111_DON","16S","SeqCoast Genomics",NA,NA,"Illumina",NA,"2x300 bp",NA,NA,NA,"planned",NA,NA,NA,NA,NA
"T0111_DON_ITS2","T0111_DON","ITS2","SeqCoast Genomics",NA,NA,"Illumina",NA,"2x300 bp",NA,NA,NA,"planned",NA,NA,NA,NA,NA
"T0111_REC_16S","T0111_REC","16S","SeqCoast Genomics",NA,NA,"Illumina",NA,"2x300 bp",NA,NA,NA,"planned",NA,NA,NA,NA,NA
"T0111_REC_ITS2","T0111_REC","ITS2","SeqCoast Genomics",NA,NA,"Illumina",NA,"2x300 bp",NA,NA,NA,"planned",NA,NA,NA,NA,NA
"T0111_FIN_16S","T0111_FIN","16S","SeqCoast Genomics",NA,NA,"Illumina",NA,"2x300 bp",NA,NA,NA,"planned",NA,NA,NA,NA,NA
"T0111_FIN_ITS2","T0111_FIN","ITS2","SeqCoast Genomics",NA,NA,"Illumina",NA,"2x300 bp",NA,NA,NA,"planned",NA,NA,NA,NA,NA
"T0112_DON_16S","T0112_DON","16S","SeqCoast Genomics",NA,NA,"Illumina",NA,"2x300 bp",NA,NA,NA,"planned",NA,NA,NA,NA,NA
"T0112_DON_ITS2","T0112_DON","ITS2","SeqCoast Genomics",NA,NA,"Illumina",NA,"2x300 bp",NA,NA,NA,"planned",NA,NA,NA,NA,NA
"T0112_REC_16S","T0112_REC","16S","SeqCoast Genomics",NA,NA,"Illumina",NA,"2x300 bp",NA,NA,NA,"planned",NA,NA,NA,NA,NA
"T0112_REC_ITS2","T0112_REC","ITS2","SeqCoast Genomics",NA,NA,"Illumina",NA,"2x300 bp",NA,NA,NA,"planned",NA,NA,NA,NA,NA
"T0112_FIN_16S","T0112_FIN","16S","SeqCoast Genomics",NA,NA,"Illumina",NA,"2x300 bp",NA,NA,NA,"planned",NA,NA,NA,NA,NA
"T0112_FIN_ITS2","T0112_FIN","ITS2","SeqCoast Genomics",NA,NA,"Illumina",NA,"2x300 bp",NA,NA,NA,"planned",NA,NA,NA,NA,NA
"T0113_DON_16S","T0113_DON","16S","SeqCoast Genomics",NA,NA,"Illumina",NA,"2x300 bp",NA,NA,NA,"planned",NA,NA,NA,NA,NA
"T0113_DON_ITS2","T0113_DON","ITS2","SeqCoast Genomics",NA,NA,"Illumina",NA,"2x300 bp",NA,NA,NA,"planned",NA,NA,NA,NA,NA
"T0113_REC_16S","T0113_REC","16S","SeqCoast Genomics",NA,NA,"Illumina",NA,"2x300 bp",NA,NA,NA,"planned",NA,NA,NA,NA,NA
"T0113_REC_ITS2","T0113_REC","ITS2","SeqCoast Genomics",NA,NA,"Illumina",NA,"2x300 bp",NA,NA,NA,"planned",NA,NA,NA,NA,NA
"T0113_FIN_16S","T0113_FIN","16S","SeqCoast Genomics",NA,NA,"Illumina",NA,"2x300 bp",NA,NA,NA,"planned",NA,NA,NA,NA,NA
"T0113_FIN_ITS2","T0113_FIN","ITS2","SeqCoast Genomics",NA,NA,"Illumina",NA,"2x300 bp",NA,NA,NA,"planned",NA,NA,NA,NA,NA
"T0114_DON_16S","T0114_DON","16S","SeqCoast Genomics",NA,NA,"Illumina",NA,"2x300 bp",NA,NA,NA,"planned",NA,NA,NA,NA,NA
"T0114_DON_ITS2","T0114_DON","ITS2","SeqCoast Genomics",NA,NA,"Illumina",NA,"2x300 bp",NA,NA,NA,"planned",NA,NA,NA,NA,NA
"T0114_REC_16S","T0114_REC","16S","SeqCoast Genomics",NA,NA,"Illumina",NA,"2x300 bp",NA,NA,NA,"planned",NA,NA,NA,NA,NA
"T0114_REC_ITS2","T0114_REC","ITS2","SeqCoast Genomics",NA,NA,"Illumina",NA,"2x300 bp",NA,NA,NA,"planned",NA,NA,NA,NA,NA
"T0114_FIN_16S","T0114_FIN","16S","SeqCoast Genomics",NA,NA,"Illumina",NA,"2x300 bp",NA,NA,NA,"planned",NA,NA,NA,NA,NA
"T0114_FIN_ITS2","T0114_FIN","ITS2","SeqCoast Genomics",NA,NA,"Illumina",NA,"2x300 bp",NA,NA,NA,"planned",NA,NA,NA,NA,NA
"T0115_DON_16S","T0115_DON","16S","SeqCoast Genomics",NA,NA,"Illumina",NA,"2x300 bp",NA,NA,NA,"planned",NA,NA,NA,NA,NA
"T0115_DON_ITS2","T0115_DON","ITS2","SeqCoast Genomics",NA,NA,"Illumina",NA,"2x300 bp",NA,NA,NA,"planned",NA,NA,NA,NA,NA
"T0115_REC_16S","T0115_REC","16S","SeqCoast Genomics",NA,NA,"Illumina",NA,"2x300 bp",NA,NA,NA,"planned",NA,NA,NA,NA,NA
"T0115_REC_ITS2","T0115_REC","ITS2","SeqCoast Genomics",NA,NA,"Illumina",NA,"2x300 bp",NA,NA,NA,"planned",NA,NA,NA,NA,NA
"T0115_FIN_16S","T0115_FIN","16S","SeqCoast Genomics",NA,NA,"Illumina",NA,"2x300 bp",NA,NA,NA,"planned",NA,NA,NA,NA,NA
"T0115_FIN_ITS2","T0115_FIN","ITS2","SeqCoast Genomics",NA,NA,"Illumina",NA,"2x300 bp",NA,NA,NA,"planned",NA,NA,NA,NA,NA
"T0116_DON_16S","T0116_DON","16S","SeqCoast Genomics",NA,NA,"Illumina",NA,"2x300 bp",NA,NA,NA,"planned",NA,NA,NA,NA,NA
"T0116_DON_ITS2","T0116_DON","ITS2","SeqCoast Genomics",NA,NA,"Illumina",NA,"2x300 bp",NA,NA,NA,"planned",NA,NA,NA,NA,NA
"T0116_REC_16S","T0116_REC","16S","SeqCoast Genomics",NA,NA,"Illumina",NA,"2x300 bp",NA,NA,NA,"planned",NA,NA,NA,NA,NA
"T0116_REC_ITS2","T0116_REC","ITS2","SeqCoast Genomics",NA,NA,"Illumina",NA,"2x300 bp",NA,NA,NA,"planned",NA,NA,NA,NA,NA
"T0116_FIN_16S","T0116_FIN","16S","SeqCoast Genomics",NA,NA,"Illumina",NA,"2x300 bp",NA,NA,NA,"planned",NA,NA,NA,NA,NA
"T0116_FIN_ITS2","T0116_FIN","ITS2","SeqCoast Genomics",NA,NA,"Illumina",NA,"2x300 bp",NA,NA,NA,"planned",NA,NA,NA,NA,NA
"T0117_DON_16S","T0117_DON","16S","SeqCoast Genomics",NA,NA,"Illumina",NA,"2x300 bp",NA,NA,NA,"planned",NA,NA,NA,NA,NA
"T0117_DON_ITS2","T0117_DON","ITS2","SeqCoast Genomics",NA,NA,"Illumina",NA,"2x300 bp",NA,NA,NA,"planned",NA,NA,NA,NA,NA
"T0117_REC_16S","T0117_REC","16S","SeqCoast Genomics",NA,NA,"Illumina",NA,"2x300 bp",NA,NA,NA,"planned",NA,NA,NA,NA,NA
"T0117_REC_ITS2","T0117_REC","ITS2","SeqCoast Genomics",NA,NA,"Illumina",NA,"2x300 bp",NA,NA,NA,"planned",NA,NA,NA,NA,NA
"T0117_FIN_16S","T0117_FIN","16S","SeqCoast Genomics",NA,NA,"Illumina",NA,"2x300 bp",NA,NA,NA,"planned",NA,NA,NA,NA,NA
"T0117_FIN_ITS2","T0117_FIN","ITS2","SeqCoast Genomics",NA,NA,"Illumina",NA,"2x300 bp",NA,NA,NA,"planned",NA,NA,NA,NA,NA
"T0118_DON_16S","T0118_DON","16S","SeqCoast Genomics",NA,NA,"Illumina",NA,"2x300 bp",NA,NA,NA,"planned",NA,NA,NA,NA,NA
"T0118_DON_ITS2","T0118_DON","ITS2","SeqCoast Genomics",NA,NA,"Illumina",NA,"2x300 bp",NA,NA,NA,"planned",NA,NA,NA,NA,NA
"T0118_REC_16S","T0118_REC","16S","SeqCoast Genomics",NA,NA,"Illumina",NA,"2x300 bp",NA,NA,NA,"planned",NA,NA,NA,NA,NA
"T0118_REC_ITS2","T0118_REC","ITS2","SeqCoast Genomics",NA,NA,"Illumina",NA,"2x300 bp",NA,NA,NA,"planned",NA,NA,NA,NA,NA
"T0118_FIN_16S","T0118_FIN","16S","SeqCoast Genomics",NA,NA,"Illumina",NA,"2x300 bp",NA,NA,NA,"planned",NA,NA,NA,NA,NA
"T0118_FIN_ITS2","T0118_FIN","ITS2","SeqCoast Genomics",NA,NA,"Illumina",NA,"2x300 bp",NA,NA,NA,"planned",NA,NA,NA,NA,NA
"T0119_DON_16S","T0119_DON","16S","SeqCoast Genomics",NA,NA,"Illumina",NA,"2x300 bp",NA,NA,NA,"planned",NA,NA,NA,NA,NA
"T0119_DON_ITS2","T0119_DON","ITS2","SeqCoast Genomics",NA,NA,"Illumina",NA,"2x300 bp",NA,NA,NA,"planned",NA,NA,NA,NA,NA
"T0119_REC_16S","T0119_REC","16S","SeqCoast Genomics",NA,NA,"Illumina",NA,"2x300 bp",NA,NA,NA,"planned",NA,NA,NA,NA,NA
"T0119_REC_ITS2","T0119_REC","ITS2","SeqCoast Genomics",NA,NA,"Illumina",NA,"2x300 bp",NA,NA,NA,"planned",NA,NA,NA,NA,NA
"T0119_FIN_16S","T0119_FIN","16S","SeqCoast Genomics",NA,NA,"Illumina",NA,"2x300 bp",NA,NA,NA,"planned",NA,NA,NA,NA,NA
"T0119_FIN_ITS2","T0119_FIN","ITS2","SeqCoast Genomics",NA,NA,"Illumina",NA,"2x300 bp",NA,NA,NA,"planned",NA,NA,NA,NA,NA
"T0120_DON_16S","T0120_DON","16S","SeqCoast Genomics",NA,NA,"Illumina",NA,"2x300 bp",NA,NA,NA,"planned",NA,NA,NA,NA,NA
"T0120_DON_ITS2","T0120_DON","ITS2","SeqCoast Genomics",NA,NA,"Illumina",NA,"2x300 bp",NA,NA,NA,"planned",NA,NA,NA,NA,NA
"T0120_REC_16S","T0120_REC","16S","SeqCoast Genomics",NA,NA,"Illumina",NA,"2x300 bp",NA,NA,NA,"planned",NA,NA,NA,NA,NA
"T0120_REC_ITS2","T0120_REC","ITS2","SeqCoast Genomics",NA,NA,"Illumina",NA,"2x300 bp",NA,NA,NA,"planned",NA,NA,NA,NA,NA
"T0120_FIN_16S","T0120_FIN","16S","SeqCoast Genomics",NA,NA,"Illumina",NA,"2x300 bp",NA,NA,NA,"planned",NA,NA,NA,NA,NA
"T0120_FIN_ITS2","T0120_FIN","ITS2","SeqCoast Genomics",NA,NA,"Illumina",NA,"2x300 bp",NA,NA,NA,"planned",NA,NA,NA,NA,NA
"T0121_DON_16S","T0121_DON","16S","SeqCoast Genomics",NA,NA,"Illumina",NA,"2x300 bp",NA,NA,NA,"planned",NA,NA,NA,NA,NA
"T0121_DON_ITS2","T0121_DON","ITS2","SeqCoast Genomics",NA,NA,"Illumina",NA,"2x300 bp",NA,NA,NA,"planned",NA,NA,NA,NA,NA
"T0121_REC_16S","T0121_REC","16S","SeqCoast Genomics",NA,NA,"Illumina",NA,"2x300 bp",NA,NA,NA,"planned",NA,NA,NA,NA,NA
"T0121_REC_ITS2","T0121_REC","ITS2","SeqCoast Genomics",NA,NA,"Illumina",NA,"2x300 bp",NA,NA,NA,"planned",NA,NA,NA,NA,NA
"T0121_FIN_16S","T0121_FIN","16S","SeqCoast Genomics",NA,NA,"Illumina",NA,"2x300 bp",NA,NA,NA,"planned",NA,NA,NA,NA,NA
"T0121_FIN_ITS2","T0121_FIN","ITS2","SeqCoast Genomics",NA,NA,"Illumina",NA,"2x300 bp",NA,NA,NA,"planned",NA,NA,NA,NA,NA
"T0122_DON_16S","T0122_DON","16S","SeqCoast Genomics",NA,NA,"Illumina",NA,"2x300 bp",NA,NA,NA,"planned",NA,NA,NA,NA,NA
"T0122_DON_ITS2","T0122_DON","ITS2","SeqCoast Genomics",NA,NA,"Illumina",NA,"2x300 bp",NA,NA,NA,"planned",NA,NA,NA,NA,NA
"T0122_REC_16S","T0122_REC","16S","SeqCoast Genomics",NA,NA,"Illumina",NA,"2x300 bp",NA,NA,NA,"planned",NA,NA,NA,NA,NA
"T0122_REC_ITS2","T0122_REC","ITS2","SeqCoast Genomics",NA,NA,"Illumina",NA,"2x300 bp",NA,NA,NA,"planned",NA,NA,NA,NA,NA
"T0122_FIN_16S","T0122_FIN","16S","SeqCoast Genomics",NA,NA,"Illumina",NA,"2x300 bp",NA,NA,NA,"planned",NA,NA,NA,NA,NA
"T0122_FIN_ITS2","T0122_FIN","ITS2","SeqCoast Genomics",NA,NA,"Illumina",NA,"2x300 bp",NA,NA,NA,"planned",NA,NA,NA,NA,NA
"T0123_DON_16S","T0123_DON","16S","SeqCoast Genomics",NA,NA,"Illumina",NA,"2x300 bp",NA,NA,NA,"planned",NA,NA,NA,NA,NA
"T0123_DON_ITS2","T0123_DON","ITS2","SeqCoast Genomics",NA,NA,"Illumina",NA,"2x300 bp",NA,NA,NA,"planned",NA,NA,NA,NA,NA
"T0123_REC_16S","T0123_REC","16S","SeqCoast Genomics",NA,NA,"Illumina",NA,"2x300 bp",NA,NA,NA,"planned",NA,NA,NA,NA,NA
"T0123_REC_ITS2","T0123_REC","ITS2","SeqCoast Genomics",NA,NA,"Illumina",NA,"2x300 bp",NA,NA,NA,"planned",NA,NA,NA,NA,NA
"T0123_FIN_16S","T0123_FIN","16S","SeqCoast Genomics",NA,NA,"Illumina",NA,"2x300 bp",NA,NA,NA,"planned",NA,NA,NA,NA,NA
"T0123_FIN_ITS2","T0123_FIN","ITS2","SeqCoast Genomics",NA,NA,"Illumina",NA,"2x300 bp",NA,NA,NA,"planned",NA,NA,NA,NA,NA
"T0124_DON_16S","T0124_DON","16S","SeqCoast Genomics",NA,NA,"Illumina",NA,"2x300 bp",NA,NA,NA,"planned",NA,NA,NA,NA,NA
"T0124_DON_ITS2","T0124_DON","ITS2","SeqCoast Genomics",NA,NA,"Illumina",NA,"2x300 bp",NA,NA,NA,"planned",NA,NA,NA,NA,NA
"T0124_REC_16S","T0124_REC","16S","SeqCoast Genomics",NA,NA,"Illumina",NA,"2x300 bp",NA,NA,NA,"planned",NA,NA,NA,NA,NA
"T0124_REC_ITS2","T0124_REC","ITS2","SeqCoast Genomics",NA,NA,"Illumina",NA,"2x300 bp",NA,NA,NA,"planned",NA,NA,NA,NA,NA
"T0124_FIN_16S","T0124_FIN","16S","SeqCoast Genomics",NA,NA,"Illumina",NA,"2x300 bp",NA,NA,NA,"planned",NA,NA,NA,NA,NA
"T0124_FIN_ITS2","T0124_FIN","ITS2","SeqCoast Genomics",NA,NA,"Illumina",NA,"2x300 bp",NA,NA,NA,"planned",NA,NA,NA,NA,NA
"T0125_DON_16S","T0125_DON","16S","SeqCoast Genomics",NA,NA,"Illumina",NA,"2x300 bp",NA,NA,NA,"planned",NA,NA,NA,NA,NA
"T0125_DON_ITS2","T0125_DON","ITS2","SeqCoast Genomics",NA,NA,"Illumina",NA,"2x300 bp",NA,NA,NA,"planned",NA,NA,NA,NA,NA
"T0125_REC_16S","T0125_REC","16S","SeqCoast Genomics",NA,NA,"Illumina",NA,"2x300 bp",NA,NA,NA,"planned",NA,NA,NA,NA,NA
"T0125_REC_ITS2","T0125_REC","ITS2","SeqCoast Genomics",NA,NA,"Illumina",NA,"2x300 bp",NA,NA,NA,"planned",NA,NA,NA,NA,NA
"T0125_FIN_16S","T0125_FIN","16S","SeqCoast Genomics",NA,NA,"Illumina",NA,"2x300 bp",NA,NA,NA,"planned",NA,NA,NA,NA,NA
"T0125_FIN_ITS2","T0125_FIN","ITS2","SeqCoast Genomics",NA,NA,"Illumina",NA,"2x300 bp",NA,NA,NA,"planned",NA,NA,NA,NA,NA
"T0126_DON_16S","T0126_DON","16S","SeqCoast Genomics",NA,NA,"Illumina",NA,"2x300 bp",NA,NA,NA,"planned",NA,NA,NA,NA,NA
"T0126_DON_ITS2","T0126_DON","ITS2","SeqCoast Genomics",NA,NA,"Illumina",NA,"2x300 bp",NA,NA,NA,"planned",NA,NA,NA,NA,NA
"T0126_REC_16S","T0126_REC","16S","SeqCoast Genomics",NA,NA,"Illumina",NA,"2x300 bp",NA,NA,NA,"planned",NA,NA,NA,NA,NA
"T0126_REC_ITS2","T0126_REC","ITS2","SeqCoast Genomics",NA,NA,"Illumina",NA,"2x300 bp",NA,NA,NA,"planned",NA,NA,NA,NA,NA
"T0126_FIN_16S","T0126_FIN","16S","SeqCoast Genomics",NA,NA,"Illumina",NA,"2x300 bp",NA,NA,NA,"planned",NA,NA,NA,NA,NA
"T0126_FIN_ITS2","T0126_FIN","ITS2","SeqCoast Genomics",NA,NA,"Illumina",NA,"2x300 bp",NA,NA,NA,"planned",NA,NA,NA,NA,NA
"T0127_DON_16S","T0127_DON","16S","SeqCoast Genomics",NA,NA,"Illumina",NA,"2x300 bp",NA,NA,NA,"planned",NA,NA,NA,NA,NA
"T0127_DON_ITS2","T0127_DON","ITS2","SeqCoast Genomics",NA,NA,"Illumina",NA,"2x300 bp",NA,NA,NA,"planned",NA,NA,NA,NA,NA
"T0127_REC_16S","T0127_REC","16S","SeqCoast Genomics",NA,NA,"Illumina",NA,"2x300 bp",NA,NA,NA,"planned",NA,NA,NA,NA,NA
"T0127_REC_ITS2","T0127_REC","ITS2","SeqCoast Genomics",NA,NA,"Illumina",NA,"2x300 bp",NA,NA,NA,"planned",NA,NA,NA,NA,NA
"T0127_FIN_16S","T0127_FIN","16S","SeqCoast Genomics",NA,NA,"Illumina",NA,"2x300 bp",NA,NA,NA,"planned",NA,NA,NA,NA,NA
"T0127_FIN_ITS2","T0127_FIN","ITS2","SeqCoast Genomics",NA,NA,"Illumina",NA,"2x300 bp",NA,NA,NA,"planned",NA,NA,NA,NA,NA
"T0128_DON_16S","T0128_DON","16S","SeqCoast Genomics",NA,NA,"Illumina",NA,"2x300 bp",NA,NA,NA,"planned",NA,NA,NA,NA,NA
"T0128_DON_ITS2","T0128_DON","ITS2","SeqCoast Genomics",NA,NA,"Illumina",NA,"2x300 bp",NA,NA,NA,"planned",NA,NA,NA,NA,NA
"T0128_REC_16S","T0128_REC","16S","SeqCoast Genomics",NA,NA,"Illumina",NA,"2x300 bp",NA,NA,NA,"planned",NA,NA,NA,NA,NA
"T0128_REC_ITS2","T0128_REC","ITS2","SeqCoast Genomics",NA,NA,"Illumina",NA,"2x300 bp",NA,NA,NA,"planned",NA,NA,NA,NA,NA
"T0128_FIN_16S","T0128_FIN","16S","SeqCoast Genomics",NA,NA,"Illumina",NA,"2x300 bp",NA,NA,NA,"planned",NA,NA,NA,NA,NA
"T0128_FIN_ITS2","T0128_FIN","ITS2","SeqCoast Genomics",NA,NA,"Illumina",NA,"2x300 bp",NA,NA,NA,"planned",NA,NA,NA,NA,NA
"T0129_DON_16S","T0129_DON","16S","SeqCoast Genomics",NA,NA,"Illumina",NA,"2x300 bp",NA,NA,NA,"planned",NA,NA,NA,NA,NA
"T0129_DON_ITS2","T0129_DON","ITS2","SeqCoast Genomics",NA,NA,"Illumina",NA,"2x300 bp",NA,NA,NA,"planned",NA,NA,NA,NA,NA
"T0129_REC_16S","T0129_REC","16S","SeqCoast Genomics",NA,NA,"Illumina",NA,"2x300 bp",NA,NA,NA,"planned",NA,NA,NA,NA,NA
"T0129_REC_ITS2","T0129_REC","ITS2","SeqCoast Genomics",NA,NA,"Illumina",NA,"2x300 bp",NA,NA,NA,"planned",NA,NA,NA,NA,NA
"T0129_FIN_16S","T0129_FIN","16S","SeqCoast Genomics",NA,NA,"Illumina",NA,"2x300 bp",NA,NA,NA,"planned",NA,NA,NA,NA,NA
"T0129_FIN_ITS2","T0129_FIN","ITS2","SeqCoast Genomics",NA,NA,"Illumina",NA,"2x300 bp",NA,NA,NA,"planned",NA,NA,NA,NA,NA
"T0130_DON_16S","T0130_DON","16S","SeqCoast Genomics",NA,NA,"Illumina",NA,"2x300 bp",NA,NA,NA,"planned",NA,NA,NA,NA,NA
"T0130_DON_ITS2","T0130_DON","ITS2","SeqCoast Genomics",NA,NA,"Illumina",NA,"2x300 bp",NA,NA,NA,"planned",NA,NA,NA,NA,NA
"T0130_REC_16S","T0130_REC","16S","SeqCoast Genomics",NA,NA,"Illumina",NA,"2x300 bp",NA,NA,NA,"planned",NA,NA,NA,NA,NA
"T0130_REC_ITS2","T0130_REC","ITS2","SeqCoast Genomics",NA,NA,"Illumina",NA,"2x300 bp",NA,NA,NA,"planned",NA,NA,NA,NA,NA
"T0130_FIN_16S","T0130_FIN","16S","SeqCoast Genomics",NA,NA,"Illumina",NA,"2x300 bp",NA,NA,NA,"planned",NA,NA,NA,NA,NA
"T0130_FIN_ITS2","T0130_FIN","ITS2","SeqCoast Genomics",NA,NA,"Illumina",NA,"2x300 bp",NA,NA,NA,"planned",NA,NA,NA,NA,NA
"T0131_DON_16S","T0131_DON","16S","SeqCoast Genomics",NA,NA,"Illumina",NA,"2x300 bp",NA,NA,NA,"planned",NA,NA,NA,NA,NA
"T0131_DON_ITS2","T0131_DON","ITS2","SeqCoast Genomics",NA,NA,"Illumina",NA,"2x300 bp",NA,NA,NA,"planned",NA,NA,NA,NA,NA
"T0131_REC_16S","T0131_REC","16S","SeqCoast Genomics",NA,NA,"Illumina",NA,"2x300 bp",NA,NA,NA,"planned",NA,NA,NA,NA,NA
"T0131_REC_ITS2","T0131_REC","ITS2","SeqCoast Genomics",NA,NA,"Illumina",NA,"2x300 bp",NA,NA,NA,"planned",NA,NA,NA,NA,NA
"T0131_FIN_16S","T0131_FIN","16S","SeqCoast Genomics",NA,NA,"Illumina",NA,"2x300 bp",NA,NA,NA,"planned",NA,NA,NA,NA,NA
"T0131_FIN_ITS2","T0131_FIN","ITS2","SeqCoast Genomics",NA,NA,"Illumina",NA,"2x300 bp",NA,NA,NA,"planned",NA,NA,NA,NA,NA
"T0132_DON_16S","T0132_DON","16S","SeqCoast Genomics",NA,NA,"Illumina",NA,"2x300 bp",NA,NA,NA,"planned",NA,NA,NA,NA,NA
"T0132_DON_ITS2","T0132_DON","ITS2","SeqCoast Genomics",NA,NA,"Illumina",NA,"2x300 bp",NA,NA,NA,"planned",NA,NA,NA,NA,NA
"T0132_REC_16S","T0132_REC","16S","SeqCoast Genomics",NA,NA,"Illumina",NA,"2x300 bp",NA,NA,NA,"planned",NA,NA,NA,NA,NA
"T0132_REC_ITS2","T0132_REC","ITS2","SeqCoast Genomics",NA,NA,"Illumina",NA,"2x300 bp",NA,NA,NA,"planned",NA,NA,NA,NA,NA
"T0132_FIN_16S","T0132_FIN","16S","SeqCoast Genomics",NA,NA,"Illumina",NA,"2x300 bp",NA,NA,NA,"planned",NA,NA,NA,NA,NA
"T0132_FIN_ITS2","T0132_FIN","ITS2","SeqCoast Genomics",NA,NA,"Illumina",NA,"2x300 bp",NA,NA,NA,"planned",NA,NA,NA,NA,NA
"T0133_DON_16S","T0133_DON","16S","SeqCoast Genomics",NA,NA,"Illumina",NA,"2x300 bp",NA,NA,NA,"planned",NA,NA,NA,NA,NA
"T0133_DON_ITS2","T0133_DON","ITS2","SeqCoast Genomics",NA,NA,"Illumina",NA,"2x300 bp",NA,NA,NA,"planned",NA,NA,NA,NA,NA
"T0133_REC_16S","T0133_REC","16S","SeqCoast Genomics",NA,NA,"Illumina",NA,"2x300 bp",NA,NA,NA,"planned",NA,NA,NA,NA,NA
"T0133_REC_ITS2","T0133_REC","ITS2","SeqCoast Genomics",NA,NA,"Illumina",NA,"2x300 bp",NA,NA,NA,"planned",NA,NA,NA,NA,NA
"T0133_FIN_16S","T0133_FIN","16S","SeqCoast Genomics",NA,NA,"Illumina",NA,"2x300 bp",NA,NA,NA,"planned",NA,NA,NA,NA,NA
"T0133_FIN_ITS2","T0133_FIN","ITS2","SeqCoast Genomics",NA,NA,"Illumina",NA,"2x300 bp",NA,NA,NA,"planned",NA,NA,NA,NA,NA
"T0134_DON_16S","T0134_DON","16S","SeqCoast Genomics",NA,NA,"Illumina",NA,"2x300 bp",NA,NA,NA,"planned",NA,NA,NA,NA,NA
"T0134_DON_ITS2","T0134_DON","ITS2","SeqCoast Genomics",NA,NA,"Illumina",NA,"2x300 bp",NA,NA,NA,"planned",NA,NA,NA,NA,NA
"T0134_REC_16S","T0134_REC","16S","SeqCoast Genomics",NA,NA,"Illumina",NA,"2x300 bp",NA,NA,NA,"planned",NA,NA,NA,NA,NA
"T0134_REC_ITS2","T0134_REC","ITS2","SeqCoast Genomics",NA,NA,"Illumina",NA,"2x300 bp",NA,NA,NA,"planned",NA,NA,NA,NA,NA
"T0134_FIN_16S","T0134_FIN","16S","SeqCoast Genomics",NA,NA,"Illumina",NA,"2x300 bp",NA,NA,NA,"planned",NA,NA,NA,NA,NA
"T0134_FIN_ITS2","T0134_FIN","ITS2","SeqCoast Genomics",NA,NA,"Illumina",NA,"2x300 bp",NA,NA,NA,"planned",NA,NA,NA,NA,NA
"T0135_DON_16S","T0135_DON","16S","SeqCoast Genomics",NA,NA,"Illumina",NA,"2x300 bp",NA,NA,NA,"planned",NA,NA,NA,NA,NA
"T0135_DON_ITS2","T0135_DON","ITS2","SeqCoast Genomics",NA,NA,"Illumina",NA,"2x300 bp",NA,NA,NA,"planned",NA,NA,NA,NA,NA
"T0135_REC_16S","T0135_REC","16S","SeqCoast Genomics",NA,NA,"Illumina",NA,"2x300 bp",NA,NA,NA,"planned",NA,NA,NA,NA,NA
"T0135_REC_ITS2","T0135_REC","ITS2","SeqCoast Genomics",NA,NA,"Illumina",NA,"2x300 bp",NA,NA,NA,"planned",NA,NA,NA,NA,NA
"T0135_FIN_16S","T0135_FIN","16S","SeqCoast Genomics",NA,NA,"Illumina",NA,"2x300 bp",NA,NA,NA,"planned",NA,NA,NA,NA,NA
"T0135_FIN_ITS2","T0135_FIN","ITS2","SeqCoast Genomics",NA,NA,"Illumina",NA,"2x300 bp",NA,NA,NA,"planned",NA,NA,NA,NA,NA
"T0136_DON_16S","T0136_DON","16S","SeqCoast Genomics",NA,NA,"Illumina",NA,"2x300 bp",NA,NA,NA,"planned",NA,NA,NA,NA,NA
"T0136_DON_ITS2","T0136_DON","ITS2","SeqCoast Genomics",NA,NA,"Illumina",NA,"2x300 bp",NA,NA,NA,"planned",NA,NA,NA,NA,NA
"T0136_REC_16S","T0136_REC","16S","SeqCoast Genomics",NA,NA,"Illumina",NA,"2x300 bp",NA,NA,NA,"planned",NA,NA,NA,NA,NA
"T0136_REC_ITS2","T0136_REC","ITS2","SeqCoast Genomics",NA,NA,"Illumina",NA,"2x300 bp",NA,NA,NA,"planned",NA,NA,NA,NA,NA
"T0136_FIN_16S","T0136_FIN","16S","SeqCoast Genomics",NA,NA,"Illumina",NA,"2x300 bp",NA,NA,NA,"planned",NA,NA,NA,NA,NA
"T0136_FIN_ITS2","T0136_FIN","ITS2","SeqCoast Genomics",NA,NA,"Illumina",NA,"2x300 bp",NA,NA,NA,"planned",NA,NA,NA,NA,NA
"T0137_DON_16S","T0137_DON","16S","SeqCoast Genomics",NA,NA,"Illumina",NA,"2x300 bp",NA,NA,NA,"planned",NA,NA,NA,NA,NA
"T0137_DON_ITS2","T0137_DON","ITS2","SeqCoast Genomics",NA,NA,"Illumina",NA,"2x300 bp",NA,NA,NA,"planned",NA,NA,NA,NA,NA
"T0137_REC_16S","T0137_REC","16S","SeqCoast Genomics",NA,NA,"Illumina",NA,"2x300 bp",NA,NA,NA,"planned",NA,NA,NA,NA,NA
"T0137_REC_ITS2","T0137_REC","ITS2","SeqCoast Genomics",NA,NA,"Illumina",NA,"2x300 bp",NA,NA,NA,"planned",NA,NA,NA,NA,NA
"T0137_FIN_16S","T0137_FIN","16S","SeqCoast Genomics",NA,NA,"Illumina",NA,"2x300 bp",NA,NA,NA,"planned",NA,NA,NA,NA,NA
"T0137_FIN_ITS2","T0137_FIN","ITS2","SeqCoast Genomics",NA,NA,"Illumina",NA,"2x300 bp",NA,NA,NA,"planned",NA,NA,NA,NA,NA
"T0138_DON_16S","T0138_DON","16S","SeqCoast Genomics",NA,NA,"Illumina",NA,"2x300 bp",NA,NA,NA,"planned",NA,NA,NA,NA,NA
"T0138_DON_ITS2","T0138_DON","ITS2","SeqCoast Genomics",NA,NA,"Illumina",NA,"2x300 bp",NA,NA,NA,"planned",NA,NA,NA,NA,NA
"T0138_REC_16S","T0138_REC","16S","SeqCoast Genomics",NA,NA,"Illumina",NA,"2x300 bp",NA,NA,NA,"planned",NA,NA,NA,NA,NA
"T0138_REC_ITS2","T0138_REC","ITS2","SeqCoast Genomics",NA,NA,"Illumina",NA,"2x300 bp",NA,NA,NA,"planned",NA,NA,NA,NA,NA
"T0138_FIN_16S","T0138_FIN","16S","SeqCoast Genomics",NA,NA,"Illumina",NA,"2x300 bp",NA,NA,NA,"planned",NA,NA,NA,NA,NA
"T0138_FIN_ITS2","T0138_FIN","ITS2","SeqCoast Genomics",NA,NA,"Illumina",NA,"2x300 bp",NA,NA,NA,"planned",NA,NA,NA,NA,NA
"T0139_DON_16S","T0139_DON","16S","SeqCoast Genomics",NA,NA,"Illumina",NA,"2x300 bp",NA,NA,NA,"planned",NA,NA,NA,NA,NA
"T0139_DON_ITS2","T0139_DON","ITS2","SeqCoast Genomics",NA,NA,"Illumina",NA,"2x300 bp",NA,NA,NA,"planned",NA,NA,NA,NA,NA
"T0139_REC_16S","T0139_REC","16S","SeqCoast Genomics",NA,NA,"Illumina",NA,"2x300 bp",NA,NA,NA,"planned",NA,NA,NA,NA,NA
"T0139_REC_ITS2","T0139_REC","ITS2","SeqCoast Genomics",NA,NA,"Illumina",NA,"2x300 bp",NA,NA,NA,"planned",NA,NA,NA,NA,NA
"T0139_FIN_16S","T0139_FIN","16S","SeqCoast Genomics",NA,NA,"Illumina",NA,"2x300 bp",NA,NA,NA,"planned",NA,NA,NA,NA,NA
"T0139_FIN_ITS2","T0139_FIN","ITS2","SeqCoast Genomics",NA,NA,"Illumina",NA,"2x300 bp",NA,NA,NA,"planned",NA,NA,NA,NA,NA
"T0140_DON_16S","T0140_DON","16S","SeqCoast Genomics",NA,NA,"Illumina",NA,"2x300 bp",NA,NA,NA,"planned",NA,NA,NA,NA,NA
"T0140_DON_ITS2","T0140_DON","ITS2","SeqCoast Genomics",NA,NA,"Illumina",NA,"2x300 bp",NA,NA,NA,"planned",NA,NA,NA,NA,NA
"T0140_REC_16S","T0140_REC","16S","SeqCoast Genomics",NA,NA,"Illumina",NA,"2x300 bp",NA,NA,NA,"planned",NA,NA,NA,NA,NA
"T0140_REC_ITS2","T0140_REC","ITS2","SeqCoast Genomics",NA,NA,"Illumina",NA,"2x300 bp",NA,NA,NA,"planned",NA,NA,NA,NA,NA
"T0140_FIN_16S","T0140_FIN","16S","SeqCoast Genomics",NA,NA,"Illumina",NA,"2x300 bp",NA,NA,NA,"planned",NA,NA,NA,NA,NA
"T0140_FIN_ITS2","T0140_FIN","ITS2","SeqCoast Genomics",NA,NA,"Illumina",NA,"2x300 bp",NA,NA,NA,"planned",NA,NA,NA,NA,NA
"T0141_DON_16S","T0141_DON","16S","SeqCoast Genomics",NA,NA,"Illumina",NA,"2x300 bp",NA,NA,NA,"planned",NA,NA,NA,NA,NA
"T0141_DON_ITS2","T0141_DON","ITS2","SeqCoast Genomics",NA,NA,"Illumina",NA,"2x300 bp",NA,NA,NA,"planned",NA,NA,NA,NA,NA
"T0141_REC_16S","T0141_REC","16S","SeqCoast Genomics",NA,NA,"Illumina",NA,"2x300 bp",NA,NA,NA,"planned",NA,NA,NA,NA,NA
"T0141_REC_ITS2","T0141_REC","ITS2","SeqCoast Genomics",NA,NA,"Illumina",NA,"2x300 bp",NA,NA,NA,"planned",NA,NA,NA,NA,NA
"T0141_FIN_16S","T0141_FIN","16S","SeqCoast Genomics",NA,NA,"Illumina",NA,"2x300 bp",NA,NA,NA,"planned",NA,NA,NA,NA,NA
"T0141_FIN_ITS2","T0141_FIN","ITS2","SeqCoast Genomics",NA,NA,"Illumina",NA,"2x300 bp",NA,NA,NA,"planned",NA,NA,NA,NA,NA
"T0142_DON_16S","T0142_DON","16S","SeqCoast Genomics",NA,NA,"Illumina",NA,"2x300 bp",NA,NA,NA,"planned",NA,NA,NA,NA,NA
"T0142_DON_ITS2","T0142_DON","ITS2","SeqCoast Genomics",NA,NA,"Illumina",NA,"2x300 bp",NA,NA,NA,"planned",NA,NA,NA,NA,NA
"T0142_REC_16S","T0142_REC","16S","SeqCoast Genomics",NA,NA,"Illumina",NA,"2x300 bp",NA,NA,NA,"planned",NA,NA,NA,NA,NA
"T0142_REC_ITS2","T0142_REC","ITS2","SeqCoast Genomics",NA,NA,"Illumina",NA,"2x300 bp",NA,NA,NA,"planned",NA,NA,NA,NA,NA
"T0142_FIN_16S","T0142_FIN","16S","SeqCoast Genomics",NA,NA,"Illumina",NA,"2x300 bp",NA,NA,NA,"planned",NA,NA,NA,NA,NA
"T0142_FIN_ITS2","T0142_FIN","ITS2","SeqCoast Genomics",NA,NA,"Illumina",NA,"2x300 bp",NA,NA,NA,"planned",NA,NA,NA,NA,NA
"T0143_DON_16S","T0143_DON","16S","SeqCoast Genomics",NA,NA,"Illumina",NA,"2x300 bp",NA,NA,NA,"planned",NA,NA,NA,NA,NA
"T0143_DON_ITS2","T0143_DON","ITS2","SeqCoast Genomics",NA,NA,"Illumina",NA,"2x300 bp",NA,NA,NA,"planned",NA,NA,NA,NA,NA
"T0143_REC_16S","T0143_REC","16S","SeqCoast Genomics",NA,NA,"Illumina",NA,"2x300 bp",NA,NA,NA,"planned",NA,NA,NA,NA,NA
"T0143_REC_ITS2","T0143_REC","ITS2","SeqCoast Genomics",NA,NA,"Illumina",NA,"2x300 bp",NA,NA,NA,"planned",NA,NA,NA,NA,NA
"T0143_FIN_16S","T0143_FIN","16S","SeqCoast Genomics",NA,NA,"Illumina",NA,"2x300 bp",NA,NA,NA,"planned",NA,NA,NA,NA,NA
"T0143_FIN_ITS2","T0143_FIN","ITS2","SeqCoast Genomics",NA,NA,"Illumina",NA,"2x300 bp",NA,NA,NA,"planned",NA,NA,NA,NA,NA
"T0144_DON_16S","T0144_DON","16S","SeqCoast Genomics",NA,NA,"Illumina",NA,"2x300 bp",NA,NA,NA,"planned",NA,NA,NA,NA,NA
"T0144_DON_ITS2","T0144_DON","ITS2","SeqCoast Genomics",NA,NA,"Illumina",NA,"2x300 bp",NA,NA,NA,"planned",NA,NA,NA,NA,NA
"T0144_REC_16S","T0144_REC","16S","SeqCoast Genomics",NA,NA,"Illumina",NA,"2x300 bp",NA,NA,NA,"planned",NA,NA,NA,NA,NA
"T0144_REC_ITS2","T0144_REC","ITS2","SeqCoast Genomics",NA,NA,"Illumina",NA,"2x300 bp",NA,NA,NA,"planned",NA,NA,NA,NA,NA
"T0144_FIN_16S","T0144_FIN","16S","SeqCoast Genomics",NA,NA,"Illumina",NA,"2x300 bp",NA,NA,NA,"planned",NA,NA,NA,NA,NA
"T0144_FIN_ITS2","T0144_FIN","ITS2","SeqCoast Genomics",NA,NA,"Illumina",NA,"2x300 bp",NA,NA,NA,"planned",NA,NA,NA,NA,NA
"T0145_DON_16S","T0145_DON","16S","SeqCoast Genomics",NA,NA,"Illumina",NA,"2x300 bp",NA,NA,NA,"planned",NA,NA,NA,NA,NA
"T0145_DON_ITS2","T0145_DON","ITS2","SeqCoast Genomics",NA,NA,"Illumina",NA,"2x300 bp",NA,NA,NA,"planned",NA,NA,NA,NA,NA
"T0145_REC_16S","T0145_REC","16S","SeqCoast Genomics",NA,NA,"Illumina",NA,"2x300 bp",NA,NA,NA,"planned",NA,NA,NA,NA,NA
"T0145_REC_ITS2","T0145_REC","ITS2","SeqCoast Genomics",NA,NA,"Illumina",NA,"2x300 bp",NA,NA,NA,"planned",NA,NA,NA,NA,NA
"T0145_FIN_16S","T0145_FIN","16S","SeqCoast Genomics",NA,NA,"Illumina",NA,"2x300 bp",NA,NA,NA,"planned",NA,NA,NA,NA,NA
"T0145_FIN_ITS2","T0145_FIN","ITS2","SeqCoast Genomics",NA,NA,"Illumina",NA,"2x300 bp",NA,NA,NA,"planned",NA,NA,NA,NA,NA
"T0146_DON_16S","T0146_DON","16S","SeqCoast Genomics",NA,NA,"Illumina",NA,"2x300 bp",NA,NA,NA,"planned",NA,NA,NA,NA,NA
"T0146_DON_ITS2","T0146_DON","ITS2","SeqCoast Genomics",NA,NA,"Illumina",NA,"2x300 bp",NA,NA,NA,"planned",NA,NA,NA,NA,NA
"T0146_REC_16S","T0146_REC","16S","SeqCoast Genomics",NA,NA,"Illumina",NA,"2x300 bp",NA,NA,NA,"planned",NA,NA,NA,NA,NA
"T0146_REC_ITS2","T0146_REC","ITS2","SeqCoast Genomics",NA,NA,"Illumina",NA,"2x300 bp",NA,NA,NA,"planned",NA,NA,NA,NA,NA
"T0146_FIN_16S","T0146_FIN","16S","SeqCoast Genomics",NA,NA,"Illumina",NA,"2x300 bp",NA,NA,NA,"planned",NA,NA,NA,NA,NA
"T0146_FIN_ITS2","T0146_FIN","ITS2","SeqCoast Genomics",NA,NA,"Illumina",NA,"2x300 bp",NA,NA,NA,"planned",NA,NA,NA,NA,NA
"T0147_DON_16S","T0147_DON","16S","SeqCoast Genomics",NA,NA,"Illumina",NA,"2x300 bp",NA,NA,NA,"planned",NA,NA,NA,NA,NA
"T0147_DON_ITS2","T0147_DON","ITS2","SeqCoast Genomics",NA,NA,"Illumina",NA,"2x300 bp",NA,NA,NA,"planned",NA,NA,NA,NA,NA
"T0147_REC_16S","T0147_REC","16S","SeqCoast Genomics",NA,NA,"Illumina",NA,"2x300 bp",NA,NA,NA,"planned",NA,NA,NA,NA,NA
"T0147_REC_ITS2","T0147_REC","ITS2","SeqCoast Genomics",NA,NA,"Illumina",NA,"2x300 bp",NA,NA,NA,"planned",NA,NA,NA,NA,NA
"T0147_FIN_16S","T0147_FIN","16S","SeqCoast Genomics",NA,NA,"Illumina",NA,"2x300 bp",NA,NA,NA,"planned",NA,NA,NA,NA,NA
"T0147_FIN_ITS2","T0147_FIN","ITS2","SeqCoast Genomics",NA,NA,"Illumina",NA,"2x300 bp",NA,NA,NA,"planned",NA,NA,NA,NA,NA
"T0148_DON_16S","T0148_DON","16S","SeqCoast Genomics",NA,NA,"Illumina",NA,"2x300 bp",NA,NA,NA,"planned",NA,NA,NA,NA,NA
"T0148_DON_ITS2","T0148_DON","ITS2","SeqCoast Genomics",NA,NA,"Illumina",NA,"2x300 bp",NA,NA,NA,"planned",NA,NA,NA,NA,NA
"T0148_REC_16S","T0148_REC","16S","SeqCoast Genomics",NA,NA,"Illumina",NA,"2x300 bp",NA,NA,NA,"planned",NA,NA,NA,NA,NA
"T0148_REC_ITS2","T0148_REC","ITS2","SeqCoast Genomics",NA,NA,"Illumina",NA,"2x300 bp",NA,NA,NA,"planned",NA,NA,NA,NA,NA
"T0148_FIN_16S","T0148_FIN","16S","SeqCoast Genomics",NA,NA,"Illumina",NA,"2x300 bp",NA,NA,NA,"planned",NA,NA,NA,NA,NA
"T0148_FIN_ITS2","T0148_FIN","ITS2","SeqCoast Genomics",NA,NA,"Illumina",NA,"2x300 bp",NA,NA,NA,"planned",NA,NA,NA,NA,NA
"T0149_DON_16S","T0149_DON","16S","SeqCoast Genomics",NA,NA,"Illumina",NA,"2x300 bp",NA,NA,NA,"planned",NA,NA,NA,NA,NA
"T0149_DON_ITS2","T0149_DON","ITS2","SeqCoast Genomics",NA,NA,"Illumina",NA,"2x300 bp",NA,NA,NA,"planned",NA,NA,NA,NA,NA
"T0149_REC_16S","T0149_REC","16S","SeqCoast Genomics",NA,NA,"Illumina",NA,"2x300 bp",NA,NA,NA,"planned",NA,NA,NA,NA,NA
"T0149_REC_ITS2","T0149_REC","ITS2","SeqCoast Genomics",NA,NA,"Illumina",NA,"2x300 bp",NA,NA,NA,"planned",NA,NA,NA,NA,NA
"T0149_FIN_16S","T0149_FIN","16S","SeqCoast Genomics",NA,NA,"Illumina",NA,"2x300 bp",NA,NA,NA,"planned",NA,NA,NA,NA,NA
"T0149_FIN_ITS2","T0149_FIN","ITS2","SeqCoast Genomics",NA,NA,"Illumina",NA,"2x300 bp",NA,NA,NA,"planned",NA,NA,NA,NA,NA
"T0150_DON_16S","T0150_DON","16S","SeqCoast Genomics",NA,NA,"Illumina",NA,"2x300 bp",NA,NA,NA,"planned",NA,NA,NA,NA,NA
"T0150_DON_ITS2","T0150_DON","ITS2","SeqCoast Genomics",NA,NA,"Illumina",NA,"2x300 bp",NA,NA,NA,"planned",NA,NA,NA,NA,NA
"T0150_REC_16S","T0150_REC","16S","SeqCoast Genomics",NA,NA,"Illumina",NA,"2x300 bp",NA,NA,NA,"planned",NA,NA,NA,NA,NA
"T0150_REC_ITS2","T0150_REC","ITS2","SeqCoast Genomics",NA,NA,"Illumina",NA,"2x300 bp",NA,NA,NA,"planned",NA,NA,NA,NA,NA
"T0150_FIN_16S","T0150_FIN","16S","SeqCoast Genomics",NA,NA,"Illumina",NA,"2x300 bp",NA,NA,NA,"planned",NA,NA,NA,NA,NA
"T0150_FIN_ITS2","T0150_FIN","ITS2","SeqCoast Genomics",NA,NA,"Illumina",NA,"2x300 bp",NA,NA,NA,"planned",NA,NA,NA,NA,NA
"T0151_DON_16S","T0151_DON","16S","SeqCoast Genomics",NA,NA,"Illumina",NA,"2x300 bp",NA,NA,NA,"planned",NA,NA,NA,NA,NA
"T0151_DON_ITS2","T0151_DON","ITS2","SeqCoast Genomics",NA,NA,"Illumina",NA,"2x300 bp",NA,NA,NA,"planned",NA,NA,NA,NA,NA
"T0151_REC_16S","T0151_REC","16S","SeqCoast Genomics",NA,NA,"Illumina",NA,"2x300 bp",NA,NA,NA,"planned",NA,NA,NA,NA,NA
"T0151_REC_ITS2","T0151_REC","ITS2","SeqCoast Genomics",NA,NA,"Illumina",NA,"2x300 bp",NA,NA,NA,"planned",NA,NA,NA,NA,NA
"T0151_FIN_16S","T0151_FIN","16S","SeqCoast Genomics",NA,NA,"Illumina",NA,"2x300 bp",NA,NA,NA,"planned",NA,NA,NA,NA,NA
"T0151_FIN_ITS2","T0151_FIN","ITS2","SeqCoast Genomics",NA,NA,"Illumina",NA,"2x300 bp",NA,NA,NA,"planned",NA,NA,NA,NA,NA
"T0152_DON_16S","T0152_DON","16S","SeqCoast Genomics",NA,NA,"Illumina",NA,"2x300 bp",NA,NA,NA,"planned",NA,NA,NA,NA,NA
"T0152_DON_ITS2","T0152_DON","ITS2","SeqCoast Genomics",NA,NA,"Illumina",NA,"2x300 bp",NA,NA,NA,"planned",NA,NA,NA,NA,NA
"T0152_REC_16S","T0152_REC","16S","SeqCoast Genomics",NA,NA,"Illumina",NA,"2x300 bp",NA,NA,NA,"planned",NA,NA,NA,NA,NA
"T0152_REC_ITS2","T0152_REC","ITS2","SeqCoast Genomics",NA,NA,"Illumina",NA,"2x300 bp",NA,NA,NA,"planned",NA,NA,NA,NA,NA
"T0152_FIN_16S","T0152_FIN","16S","SeqCoast Genomics",NA,NA,"Illumina",NA,"2x300 bp",NA,NA,NA,"planned",NA,NA,NA,NA,NA
"T0152_FIN_ITS2","T0152_FIN","ITS2","SeqCoast Genomics",NA,NA,"Illumina",NA,"2x300 bp",NA,NA,NA,"planned",NA,NA,NA,NA,NA
"T0153_DON_16S","T0153_DON","16S","SeqCoast Genomics",NA,NA,"Illumina",NA,"2x300 bp",NA,NA,NA,"planned",NA,NA,NA,NA,NA
"T0153_DON_ITS2","T0153_DON","ITS2","SeqCoast Genomics",NA,NA,"Illumina",NA,"2x300 bp",NA,NA,NA,"planned",NA,NA,NA,NA,NA
"T0153_REC_16S","T0153_REC","16S","SeqCoast Genomics",NA,NA,"Illumina",NA,"2x300 bp",NA,NA,NA,"planned",NA,NA,NA,NA,NA
"T0153_REC_ITS2","T0153_REC","ITS2","SeqCoast Genomics",NA,NA,"Illumina",NA,"2x300 bp",NA,NA,NA,"planned",NA,NA,NA,NA,NA
"T0153_FIN_16S","T0153_FIN","16S","SeqCoast Genomics",NA,NA,"Illumina",NA,"2x300 bp",NA,NA,NA,"planned",NA,NA,NA,NA,NA
"T0153_FIN_ITS2","T0153_FIN","ITS2","SeqCoast Genomics",NA,NA,"Illumina",NA,"2x300 bp",NA,NA,NA,"planned",NA,NA,NA,NA,NA
"T0154_DON_16S","T0154_DON","16S","SeqCoast Genomics",NA,NA,"Illumina",NA,"2x300 bp",NA,NA,NA,"planned",NA,NA,NA,NA,NA
"T0154_DON_ITS2","T0154_DON","ITS2","SeqCoast Genomics",NA,NA,"Illumina",NA,"2x300 bp",NA,NA,NA,"planned",NA,NA,NA,NA,NA
"T0154_REC_16S","T0154_REC","16S","SeqCoast Genomics",NA,NA,"Illumina",NA,"2x300 bp",NA,NA,NA,"planned",NA,NA,NA,NA,NA
"T0154_REC_ITS2","T0154_REC","ITS2","SeqCoast Genomics",NA,NA,"Illumina",NA,"2x300 bp",NA,NA,NA,"planned",NA,NA,NA,NA,NA
"T0154_FIN_16S","T0154_FIN","16S","SeqCoast Genomics",NA,NA,"Illumina",NA,"2x300 bp",NA,NA,NA,"planned",NA,NA,NA,NA,NA
"T0154_FIN_ITS2","T0154_FIN","ITS2","SeqCoast Genomics",NA,NA,"Illumina",NA,"2x300 bp",NA,NA,NA,"planned",NA,NA,NA,NA,NA
"T0155_DON_16S","T0155_DON","16S","SeqCoast Genomics",NA,NA,"Illumina",NA,"2x300 bp",NA,NA,NA,"planned",NA,NA,NA,NA,NA
"T0155_DON_ITS2","T0155_DON","ITS2","SeqCoast Genomics",NA,NA,"Illumina",NA,"2x300 bp",NA,NA,NA,"planned",NA,NA,NA,NA,NA
"T0155_REC_16S","T0155_REC","16S","SeqCoast Genomics",NA,NA,"Illumina",NA,"2x300 bp",NA,NA,NA,"planned",NA,NA,NA,NA,NA
"T0155_REC_ITS2","T0155_REC","ITS2","SeqCoast Genomics",NA,NA,"Illumina",NA,"2x300 bp",NA,NA,NA,"planned",NA,NA,NA,NA,NA
"T0155_FIN_16S","T0155_FIN","16S","SeqCoast Genomics",NA,NA,"Illumina",NA,"2x300 bp",NA,NA,NA,"planned",NA,NA,NA,NA,NA
"T0155_FIN_ITS2","T0155_FIN","ITS2","SeqCoast Genomics",NA,NA,"Illumina",NA,"2x300 bp",NA,NA,NA,"planned",NA,NA,NA,NA,NA
"T0156_DON_16S","T0156_DON","16S","SeqCoast Genomics",NA,NA,"Illumina",NA,"2x300 bp",NA,NA,NA,"planned",NA,NA,NA,NA,NA
"T0156_DON_ITS2","T0156_DON","ITS2","SeqCoast Genomics",NA,NA,"Illumina",NA,"2x300 bp",NA,NA,NA,"planned",NA,NA,NA,NA,NA
"T0156_REC_16S","T0156_REC","16S","SeqCoast Genomics",NA,NA,"Illumina",NA,"2x300 bp",NA,NA,NA,"planned",NA,NA,NA,NA,NA
"T0156_REC_ITS2","T0156_REC","ITS2","SeqCoast Genomics",NA,NA,"Illumina",NA,"2x300 bp",NA,NA,NA,"planned",NA,NA,NA,NA,NA
"T0156_FIN_16S","T0156_FIN","16S","SeqCoast Genomics",NA,NA,"Illumina",NA,"2x300 bp",NA,NA,NA,"planned",NA,NA,NA,NA,NA
"T0156_FIN_ITS2","T0156_FIN","ITS2","SeqCoast Genomics",NA,NA,"Illumina",NA,"2x300 bp",NA,NA,NA,"planned",NA,NA,NA,NA,NA
"T0157_DON_16S","T0157_DON","16S","SeqCoast Genomics",NA,NA,"Illumina",NA,"2x300 bp",NA,NA,NA,"planned",NA,NA,NA,NA,NA
"T0157_DON_ITS2","T0157_DON","ITS2","SeqCoast Genomics",NA,NA,"Illumina",NA,"2x300 bp",NA,NA,NA,"planned",NA,NA,NA,NA,NA
"T0157_REC_16S","T0157_REC","16S","SeqCoast Genomics",NA,NA,"Illumina",NA,"2x300 bp",NA,NA,NA,"planned",NA,NA,NA,NA,NA
"T0157_REC_ITS2","T0157_REC","ITS2","SeqCoast Genomics",NA,NA,"Illumina",NA,"2x300 bp",NA,NA,NA,"planned",NA,NA,NA,NA,NA
"T0157_FIN_16S","T0157_FIN","16S","SeqCoast Genomics",NA,NA,"Illumina",NA,"2x300 bp",NA,NA,NA,"planned",NA,NA,NA,NA,NA
"T0157_FIN_ITS2","T0157_FIN","ITS2","SeqCoast Genomics",NA,NA,"Illumina",NA,"2x300 bp",NA,NA,NA,"planned",NA,NA,NA,NA,NA
"T0158_DON_16S","T0158_DON","16S","SeqCoast Genomics",NA,NA,"Illumina",NA,"2x300 bp",NA,NA,NA,"planned",NA,NA,NA,NA,NA
"T0158_DON_ITS2","T0158_DON","ITS2","SeqCoast Genomics",NA,NA,"Illumina",NA,"2x300 bp",NA,NA,NA,"planned",NA,NA,NA,NA,NA
"T0158_REC_16S","T0158_REC","16S","SeqCoast Genomics",NA,NA,"Illumina",NA,"2x300 bp",NA,NA,NA,"planned",NA,NA,NA,NA,NA
"T0158_REC_ITS2","T0158_REC","ITS2","SeqCoast Genomics",NA,NA,"Illumina",NA,"2x300 bp",NA,NA,NA,"planned",NA,NA,NA,NA,NA
"T0158_FIN_16S","T0158_FIN","16S","SeqCoast Genomics",NA,NA,"Illumina",NA,"2x300 bp",NA,NA,NA,"planned",NA,NA,NA,NA,NA
"T0158_FIN_ITS2","T0158_FIN","ITS2","SeqCoast Genomics",NA,NA,"Illumina",NA,"2x300 bp",NA,NA,NA,"planned",NA,NA,NA,NA,NA
"T0159_DON_16S","T0159_DON","16S","SeqCoast Genomics",NA,NA,"Illumina",NA,"2x300 bp",NA,NA,NA,"planned",NA,NA,NA,NA,NA
"T0159_DON_ITS2","T0159_DON","ITS2","SeqCoast Genomics",NA,NA,"Illumina",NA,"2x300 bp",NA,NA,NA,"planned",NA,NA,NA,NA,NA
"T0159_REC_16S","T0159_REC","16S","SeqCoast Genomics",NA,NA,"Illumina",NA,"2x300 bp",NA,NA,NA,"planned",NA,NA,NA,NA,NA
"T0159_REC_ITS2","T0159_REC","ITS2","SeqCoast Genomics",NA,NA,"Illumina",NA,"2x300 bp",NA,NA,NA,"planned",NA,NA,NA,NA,NA
"T0159_FIN_16S","T0159_FIN","16S","SeqCoast Genomics",NA,NA,"Illumina",NA,"2x300 bp",NA,NA,NA,"planned",NA,NA,NA,NA,NA
"T0159_FIN_ITS2","T0159_FIN","ITS2","SeqCoast Genomics",NA,NA,"Illumina",NA,"2x300 bp",NA,NA,NA,"planned",NA,NA,NA,NA,NA
"T0160_DON_16S","T0160_DON","16S","SeqCoast Genomics",NA,NA,"Illumina",NA,"2x300 bp",NA,NA,NA,"planned",NA,NA,NA,NA,NA
"T0160_DON_ITS2","T0160_DON","ITS2","SeqCoast Genomics",NA,NA,"Illumina",NA,"2x300 bp",NA,NA,NA,"planned",NA,NA,NA,NA,NA
"T0160_REC_16S","T0160_REC","16S","SeqCoast Genomics",NA,NA,"Illumina",NA,"2x300 bp",NA,NA,NA,"planned",NA,NA,NA,NA,NA
"T0160_REC_ITS2","T0160_REC","ITS2","SeqCoast Genomics",NA,NA,"Illumina",NA,"2x300 bp",NA,NA,NA,"planned",NA,NA,NA,NA,NA
"T0160_FIN_16S","T0160_FIN","16S","SeqCoast Genomics",NA,NA,"Illumina",NA,"2x300 bp",NA,NA,NA,"planned",NA,NA,NA,NA,NA
"T0160_FIN_ITS2","T0160_FIN","ITS2","SeqCoast Genomics",NA,NA,"Illumina",NA,"2x300 bp",NA,NA,NA,"planned",NA,NA,NA,NA,NA
"T0161_DON_16S","T0161_DON","16S","SeqCoast Genomics",NA,NA,"Illumina",NA,"2x300 bp",NA,NA,NA,"planned",NA,NA,NA,NA,NA
"T0161_DON_ITS2","T0161_DON","ITS2","SeqCoast Genomics",NA,NA,"Illumina",NA,"2x300 bp",NA,NA,NA,"planned",NA,NA,NA,NA,NA
"T0161_REC_16S","T0161_REC","16S","SeqCoast Genomics",NA,NA,"Illumina",NA,"2x300 bp",NA,NA,NA,"planned",NA,NA,NA,NA,NA
"T0161_REC_ITS2","T0161_REC","ITS2","SeqCoast Genomics",NA,NA,"Illumina",NA,"2x300 bp",NA,NA,NA,"planned",NA,NA,NA,NA,NA
"T0161_FIN_16S","T0161_FIN","16S","SeqCoast Genomics",NA,NA,"Illumina",NA,"2x300 bp",NA,NA,NA,"planned",NA,NA,NA,NA,NA
"T0161_FIN_ITS2","T0161_FIN","ITS2","SeqCoast Genomics",NA,NA,"Illumina",NA,"2x300 bp",NA,NA,NA,"planned",NA,NA,NA,NA,NA
"T0162_DON_16S","T0162_DON","16S","SeqCoast Genomics",NA,NA,"Illumina",NA,"2x300 bp",NA,NA,NA,"planned",NA,NA,NA,NA,NA
"T0162_DON_ITS2","T0162_DON","ITS2","SeqCoast Genomics",NA,NA,"Illumina",NA,"2x300 bp",NA,NA,NA,"planned",NA,NA,NA,NA,NA
"T0162_REC_16S","T0162_REC","16S","SeqCoast Genomics",NA,NA,"Illumina",NA,"2x300 bp",NA,NA,NA,"planned",NA,NA,NA,NA,NA
"T0162_REC_ITS2","T0162_REC","ITS2","SeqCoast Genomics",NA,NA,"Illumina",NA,"2x300 bp",NA,NA,NA,"planned",NA,NA,NA,NA,NA
"T0162_FIN_16S","T0162_FIN","16S","SeqCoast Genomics",NA,NA,"Illumina",NA,"2x300 bp",NA,NA,NA,"planned",NA,NA,NA,NA,NA
"T0162_FIN_ITS2","T0162_FIN","ITS2","SeqCoast Genomics",NA,NA,"Illumina",NA,"2x300 bp",NA,NA,NA,"planned",NA,NA,NA,NA,NA
"T0163_DON_16S","T0163_DON","16S","SeqCoast Genomics",NA,NA,"Illumina",NA,"2x300 bp",NA,NA,NA,"planned",NA,NA,NA,NA,NA
"T0163_DON_ITS2","T0163_DON","ITS2","SeqCoast Genomics",NA,NA,"Illumina",NA,"2x300 bp",NA,NA,NA,"planned",NA,NA,NA,NA,NA
"T0163_REC_16S","T0163_REC","16S","SeqCoast Genomics",NA,NA,"Illumina",NA,"2x300 bp",NA,NA,NA,"planned",NA,NA,NA,NA,NA
"T0163_REC_ITS2","T0163_REC","ITS2","SeqCoast Genomics",NA,NA,"Illumina",NA,"2x300 bp",NA,NA,NA,"planned",NA,NA,NA,NA,NA
"T0163_FIN_16S","T0163_FIN","16S","SeqCoast Genomics",NA,NA,"Illumina",NA,"2x300 bp",NA,NA,NA,"planned",NA,NA,NA,NA,NA
"T0163_FIN_ITS2","T0163_FIN","ITS2","SeqCoast Genomics",NA,NA,"Illumina",NA,"2x300 bp",NA,NA,NA,"planned",NA,NA,NA,NA,NA
"T0164_DON_16S","T0164_DON","16S","SeqCoast Genomics",NA,NA,"Illumina",NA,"2x300 bp",NA,NA,NA,"planned",NA,NA,NA,NA,NA
"T0164_DON_ITS2","T0164_DON","ITS2","SeqCoast Genomics",NA,NA,"Illumina",NA,"2x300 bp",NA,NA,NA,"planned",NA,NA,NA,NA,NA
"T0164_REC_16S","T0164_REC","16S","SeqCoast Genomics",NA,NA,"Illumina",NA,"2x300 bp",NA,NA,NA,"planned",NA,NA,NA,NA,NA
"T0164_REC_ITS2","T0164_REC","ITS2","SeqCoast Genomics",NA,NA,"Illumina",NA,"2x300 bp",NA,NA,NA,"planned",NA,NA,NA,NA,NA
"T0164_FIN_16S","T0164_FIN","16S","SeqCoast Genomics",NA,NA,"Illumina",NA,"2x300 bp",NA,NA,NA,"planned",NA,NA,NA,NA,NA
"T0164_FIN_ITS2","T0164_FIN","ITS2","SeqCoast Genomics",NA,NA,"Illumina",NA,"2x300 bp",NA,NA,NA,"planned",NA,NA,NA,NA,NA
"T0165_DON_16S","T0165_DON","16S","SeqCoast Genomics",NA,NA,"Illumina",NA,"2x300 bp",NA,NA,NA,"planned",NA,NA,NA,NA,NA
"T0165_DON_ITS2","T0165_DON","ITS2","SeqCoast Genomics",NA,NA,"Illumina",NA,"2x300 bp",NA,NA,NA,"planned",NA,NA,NA,NA,NA
"T0165_REC_16S","T0165_REC","16S","SeqCoast Genomics",NA,NA,"Illumina",NA,"2x300 bp",NA,NA,NA,"planned",NA,NA,NA,NA,NA
"T0165_REC_ITS2","T0165_REC","ITS2","SeqCoast Genomics",NA,NA,"Illumina",NA,"2x300 bp",NA,NA,NA,"planned",NA,NA,NA,NA,NA
"T0165_FIN_16S","T0165_FIN","16S","SeqCoast Genomics",NA,NA,"Illumina",NA,"2x300 bp",NA,NA,NA,"planned",NA,NA,NA,NA,NA
"T0165_FIN_ITS2","T0165_FIN","ITS2","SeqCoast Genomics",NA,NA,"Illumina",NA,"2x300 bp",NA,NA,NA,"planned",NA,NA,NA,NA,NA
"T0166_DON_16S","T0166_DON","16S","SeqCoast Genomics",NA,NA,"Illumina",NA,"2x300 bp",NA,NA,NA,"planned",NA,NA,NA,NA,NA
"T0166_DON_ITS2","T0166_DON","ITS2","SeqCoast Genomics",NA,NA,"Illumina",NA,"2x300 bp",NA,NA,NA,"planned",NA,NA,NA,NA,NA
"T0166_REC_16S","T0166_REC","16S","SeqCoast Genomics",NA,NA,"Illumina",NA,"2x300 bp",NA,NA,NA,"planned",NA,NA,NA,NA,NA
"T0166_REC_ITS2","T0166_REC","ITS2","SeqCoast Genomics",NA,NA,"Illumina",NA,"2x300 bp",NA,NA,NA,"planned",NA,NA,NA,NA,NA
"T0166_FIN_16S","T0166_FIN","16S","SeqCoast Genomics",NA,NA,"Illumina",NA,"2x300 bp",NA,NA,NA,"planned",NA,NA,NA,NA,NA
"T0166_FIN_ITS2","T0166_FIN","ITS2","SeqCoast Genomics",NA,NA,"Illumina",NA,"2x300 bp",NA,NA,NA,"planned",NA,NA,NA,NA,NA
"T0167_DON_16S","T0167_DON","16S","SeqCoast Genomics",NA,NA,"Illumina",NA,"2x300 bp",NA,NA,NA,"planned",NA,NA,NA,NA,NA
"T0167_DON_ITS2","T0167_DON","ITS2","SeqCoast Genomics",NA,NA,"Illumina",NA,"2x300 bp",NA,NA,NA,"planned",NA,NA,NA,NA,NA
"T0167_REC_16S","T0167_REC","16S","SeqCoast Genomics",NA,NA,"Illumina",NA,"2x300 bp",NA,NA,NA,"planned",NA,NA,NA,NA,NA
"T0167_REC_ITS2","T0167_REC","ITS2","SeqCoast Genomics",NA,NA,"Illumina",NA,"2x300 bp",NA,NA,NA,"planned",NA,NA,NA,NA,NA
"T0167_FIN_16S","T0167_FIN","16S","SeqCoast Genomics",NA,NA,"Illumina",NA,"2x300 bp",NA,NA,NA,"planned",NA,NA,NA,NA,NA
"T0167_FIN_ITS2","T0167_FIN","ITS2","SeqCoast Genomics",NA,NA,"Illumina",NA,"2x300 bp",NA,NA,NA,"planned",NA,NA,NA,NA,NA
"T0168_DON_16S","T0168_DON","16S","SeqCoast Genomics",NA,NA,"Illumina",NA,"2x300 bp",NA,NA,NA,"planned",NA,NA,NA,NA,NA
"T0168_DON_ITS2","T0168_DON","ITS2","SeqCoast Genomics",NA,NA,"Illumina",NA,"2x300 bp",NA,NA,NA,"planned",NA,NA,NA,NA,NA
"T0168_REC_16S","T0168_REC","16S","SeqCoast Genomics",NA,NA,"Illumina",NA,"2x300 bp",NA,NA,NA,"planned",NA,NA,NA,NA,NA
"T0168_REC_ITS2","T0168_REC","ITS2","SeqCoast Genomics",NA,NA,"Illumina",NA,"2x300 bp",NA,NA,NA,"planned",NA,NA,NA,NA,NA
"T0168_FIN_16S","T0168_FIN","16S","SeqCoast Genomics",NA,NA,"Illumina",NA,"2x300 bp",NA,NA,NA,"planned",NA,NA,NA,NA,NA
"T0168_FIN_ITS2","T0168_FIN","ITS2","SeqCoast Genomics",NA,NA,"Illumina",NA,"2x300 bp",NA,NA,NA,"planned",NA,NA,NA,NA,NA
"T0169_DON_16S","T0169_DON","16S","SeqCoast Genomics",NA,NA,"Illumina",NA,"2x300 bp",NA,NA,NA,"planned",NA,NA,NA,NA,NA
"T0169_DON_ITS2","T0169_DON","ITS2","SeqCoast Genomics",NA,NA,"Illumina",NA,"2x300 bp",NA,NA,NA,"planned",NA,NA,NA,NA,NA
"T0169_REC_16S","T0169_REC","16S","SeqCoast Genomics",NA,NA,"Illumina",NA,"2x300 bp",NA,NA,NA,"planned",NA,NA,NA,NA,NA
"T0169_REC_ITS2","T0169_REC","ITS2","SeqCoast Genomics",NA,NA,"Illumina",NA,"2x300 bp",NA,NA,NA,"planned",NA,NA,NA,NA,NA
"T0169_FIN_16S","T0169_FIN","16S","SeqCoast Genomics",NA,NA,"Illumina",NA,"2x300 bp",NA,NA,NA,"planned",NA,NA,NA,NA,NA
"T0169_FIN_ITS2","T0169_FIN","ITS2","SeqCoast Genomics",NA,NA,"Illumina",NA,"2x300 bp",NA,NA,NA,"planned",NA,NA,NA,NA,NA
"T0170_DON_16S","T0170_DON","16S","SeqCoast Genomics",NA,NA,"Illumina",NA,"2x300 bp",NA,NA,NA,"planned",NA,NA,NA,NA,NA
"T0170_DON_ITS2","T0170_DON","ITS2","SeqCoast Genomics",NA,NA,"Illumina",NA,"2x300 bp",NA,NA,NA,"planned",NA,NA,NA,NA,NA
"T0170_REC_16S","T0170_REC","16S","SeqCoast Genomics",NA,NA,"Illumina",NA,"2x300 bp",NA,NA,NA,"planned",NA,NA,NA,NA,NA
"T0170_REC_ITS2","T0170_REC","ITS2","SeqCoast Genomics",NA,NA,"Illumina",NA,"2x300 bp",NA,NA,NA,"planned",NA,NA,NA,NA,NA
"T0170_FIN_16S","T0170_FIN","16S","SeqCoast Genomics",NA,NA,"Illumina",NA,"2x300 bp",NA,NA,NA,"planned",NA,NA,NA,NA,NA
"T0170_FIN_ITS2","T0170_FIN","ITS2","SeqCoast Genomics",NA,NA,"Illumina",NA,"2x300 bp",NA,NA,NA,"planned",NA,NA,NA,NA,NA
"T0171_DON_16S","T0171_DON","16S","SeqCoast Genomics",NA,NA,"Illumina",NA,"2x300 bp",NA,NA,NA,"planned",NA,NA,NA,NA,NA
"T0171_DON_ITS2","T0171_DON","ITS2","SeqCoast Genomics",NA,NA,"Illumina",NA,"2x300 bp",NA,NA,NA,"planned",NA,NA,NA,NA,NA
"T0171_REC_16S","T0171_REC","16S","SeqCoast Genomics",NA,NA,"Illumina",NA,"2x300 bp",NA,NA,NA,"planned",NA,NA,NA,NA,NA
"T0171_REC_ITS2","T0171_REC","ITS2","SeqCoast Genomics",NA,NA,"Illumina",NA,"2x300 bp",NA,NA,NA,"planned",NA,NA,NA,NA,NA
"T0171_FIN_16S","T0171_FIN","16S","SeqCoast Genomics",NA,NA,"Illumina",NA,"2x300 bp",NA,NA,NA,"planned",NA,NA,NA,NA,NA
"T0171_FIN_ITS2","T0171_FIN","ITS2","SeqCoast Genomics",NA,NA,"Illumina",NA,"2x300 bp",NA,NA,NA,"planned",NA,NA,NA,NA,NA
"T0172_DON_16S","T0172_DON","16S","SeqCoast Genomics",NA,NA,"Illumina",NA,"2x300 bp",NA,NA,NA,"planned",NA,NA,NA,NA,NA
"T0172_DON_ITS2","T0172_DON","ITS2","SeqCoast Genomics",NA,NA,"Illumina",NA,"2x300 bp",NA,NA,NA,"planned",NA,NA,NA,NA,NA
"T0172_REC_16S","T0172_REC","16S","SeqCoast Genomics",NA,NA,"Illumina",NA,"2x300 bp",NA,NA,NA,"planned",NA,NA,NA,NA,NA
"T0172_REC_ITS2","T0172_REC","ITS2","SeqCoast Genomics",NA,NA,"Illumina",NA,"2x300 bp",NA,NA,NA,"planned",NA,NA,NA,NA,NA
"T0172_FIN_16S","T0172_FIN","16S","SeqCoast Genomics",NA,NA,"Illumina",NA,"2x300 bp",NA,NA,NA,"planned",NA,NA,NA,NA,NA
"T0172_FIN_ITS2","T0172_FIN","ITS2","SeqCoast Genomics",NA,NA,"Illumina",NA,"2x300 bp",NA,NA,NA,"planned",NA,NA,NA,NA,NA
"T0173_DON_16S","T0173_DON","16S","SeqCoast Genomics",NA,NA,"Illumina",NA,"2x300 bp",NA,NA,NA,"planned",NA,NA,NA,NA,NA
"T0173_DON_ITS2","T0173_DON","ITS2","SeqCoast Genomics",NA,NA,"Illumina",NA,"2x300 bp",NA,NA,NA,"planned",NA,NA,NA,NA,NA
"T0173_REC_16S","T0173_REC","16S","SeqCoast Genomics",NA,NA,"Illumina",NA,"2x300 bp",NA,NA,NA,"planned",NA,NA,NA,NA,NA
"T0173_REC_ITS2","T0173_REC","ITS2","SeqCoast Genomics",NA,NA,"Illumina",NA,"2x300 bp",NA,NA,NA,"planned",NA,NA,NA,NA,NA
"T0173_FIN_16S","T0173_FIN","16S","SeqCoast Genomics",NA,NA,"Illumina",NA,"2x300 bp",NA,NA,NA,"planned",NA,NA,NA,NA,NA
"T0173_FIN_ITS2","T0173_FIN","ITS2","SeqCoast Genomics",NA,NA,"Illumina",NA,"2x300 bp",NA,NA,NA,"planned",NA,NA,NA,NA,NA
"T0174_DON_16S","T0174_DON","16S","SeqCoast Genomics",NA,NA,"Illumina",NA,"2x300 bp",NA,NA,NA,"planned",NA,NA,NA,NA,NA
"T0174_DON_ITS2","T0174_DON","ITS2","SeqCoast Genomics",NA,NA,"Illumina",NA,"2x300 bp",NA,NA,NA,"planned",NA,NA,NA,NA,NA
"T0174_REC_16S","T0174_REC","16S","SeqCoast Genomics",NA,NA,"Illumina",NA,"2x300 bp",NA,NA,NA,"planned",NA,NA,NA,NA,NA
"T0174_REC_ITS2","T0174_REC","ITS2","SeqCoast Genomics",NA,NA,"Illumina",NA,"2x300 bp",NA,NA,NA,"planned",NA,NA,NA,NA,NA
"T0174_FIN_16S","T0174_FIN","16S","SeqCoast Genomics",NA,NA,"Illumina",NA,"2x300 bp",NA,NA,NA,"planned",NA,NA,NA,NA,NA
"T0174_FIN_ITS2","T0174_FIN","ITS2","SeqCoast Genomics",NA,NA,"Illumina",NA,"2x300 bp",NA,NA,NA,"planned",NA,NA,NA,NA,NA
"T0175_DON_16S","T0175_DON","16S","SeqCoast Genomics",NA,NA,"Illumina",NA,"2x300 bp",NA,NA,NA,"planned",NA,NA,NA,NA,NA
"T0175_DON_ITS2","T0175_DON","ITS2","SeqCoast Genomics",NA,NA,"Illumina",NA,"2x300 bp",NA,NA,NA,"planned",NA,NA,NA,NA,NA
"T0175_REC_16S","T0175_REC","16S","SeqCoast Genomics",NA,NA,"Illumina",NA,"2x300 bp",NA,NA,NA,"planned",NA,NA,NA,NA,NA
"T0175_REC_ITS2","T0175_REC","ITS2","SeqCoast Genomics",NA,NA,"Illumina",NA,"2x300 bp",NA,NA,NA,"planned",NA,NA,NA,NA,NA
"T0175_FIN_16S","T0175_FIN","16S","SeqCoast Genomics",NA,NA,"Illumina",NA,"2x300 bp",NA,NA,NA,"planned",NA,NA,NA,NA,NA
"T0175_FIN_ITS2","T0175_FIN","ITS2","SeqCoast Genomics",NA,NA,"Illumina",NA,"2x300 bp",NA,NA,NA,"planned",NA,NA,NA,NA,NA
"T0176_DON_16S","T0176_DON","16S","SeqCoast Genomics",NA,NA,"Illumina",NA,"2x300 bp",NA,NA,NA,"planned",NA,NA,NA,NA,NA
"T0176_DON_ITS2","T0176_DON","ITS2","SeqCoast Genomics",NA,NA,"Illumina",NA,"2x300 bp",NA,NA,NA,"planned",NA,NA,NA,NA,NA
"T0176_REC_16S","T0176_REC","16S","SeqCoast Genomics",NA,NA,"Illumina",NA,"2x300 bp",NA,NA,NA,"planned",NA,NA,NA,NA,NA
"T0176_REC_ITS2","T0176_REC","ITS2","SeqCoast Genomics",NA,NA,"Illumina",NA,"2x300 bp",NA,NA,NA,"planned",NA,NA,NA,NA,NA
"T0176_FIN_16S","T0176_FIN","16S","SeqCoast Genomics",NA,NA,"Illumina",NA,"2x300 bp",NA,NA,NA,"planned",NA,NA,NA,NA,NA
"T0176_FIN_ITS2","T0176_FIN","ITS2","SeqCoast Genomics",NA,NA,"Illumina",NA,"2x300 bp",NA,NA,NA,"planned",NA,NA,NA,NA,NA
"T0177_DON_16S","T0177_DON","16S","SeqCoast Genomics",NA,NA,"Illumina",NA,"2x300 bp",NA,NA,NA,"planned",NA,NA,NA,NA,NA
"T0177_DON_ITS2","T0177_DON","ITS2","SeqCoast Genomics",NA,NA,"Illumina",NA,"2x300 bp",NA,NA,NA,"planned",NA,NA,NA,NA,NA
"T0177_REC_16S","T0177_REC","16S","SeqCoast Genomics",NA,NA,"Illumina",NA,"2x300 bp",NA,NA,NA,"planned",NA,NA,NA,NA,NA
"T0177_REC_ITS2","T0177_REC","ITS2","SeqCoast Genomics",NA,NA,"Illumina",NA,"2x300 bp",NA,NA,NA,"planned",NA,NA,NA,NA,NA
"T0177_FIN_16S","T0177_FIN","16S","SeqCoast Genomics",NA,NA,"Illumina",NA,"2x300 bp",NA,NA,NA,"planned",NA,NA,NA,NA,NA
"T0177_FIN_ITS2","T0177_FIN","ITS2","SeqCoast Genomics",NA,NA,"Illumina",NA,"2x300 bp",NA,NA,NA,"planned",NA,NA,NA,NA,NA
"T0178_DON_16S","T0178_DON","16S","SeqCoast Genomics",NA,NA,"Illumina",NA,"2x300 bp",NA,NA,NA,"planned",NA,NA,NA,NA,NA
"T0178_DON_ITS2","T0178_DON","ITS2","SeqCoast Genomics",NA,NA,"Illumina",NA,"2x300 bp",NA,NA,NA,"planned",NA,NA,NA,NA,NA
"T0178_REC_16S","T0178_REC","16S","SeqCoast Genomics",NA,NA,"Illumina",NA,"2x300 bp",NA,NA,NA,"planned",NA,NA,NA,NA,NA
"T0178_REC_ITS2","T0178_REC","ITS2","SeqCoast Genomics",NA,NA,"Illumina",NA,"2x300 bp",NA,NA,NA,"planned",NA,NA,NA,NA,NA
"T0178_FIN_16S","T0178_FIN","16S","SeqCoast Genomics",NA,NA,"Illumina",NA,"2x300 bp",NA,NA,NA,"planned",NA,NA,NA,NA,NA
"T0178_FIN_ITS2","T0178_FIN","ITS2","SeqCoast Genomics",NA,NA,"Illumina",NA,"2x300 bp",NA,NA,NA,"planned",NA,NA,NA,NA,NA
"T0179_DON_16S","T0179_DON","16S","SeqCoast Genomics",NA,NA,"Illumina",NA,"2x300 bp",NA,NA,NA,"planned",NA,NA,NA,NA,NA
"T0179_DON_ITS2","T0179_DON","ITS2","SeqCoast Genomics",NA,NA,"Illumina",NA,"2x300 bp",NA,NA,NA,"planned",NA,NA,NA,NA,NA
"T0179_REC_16S","T0179_REC","16S","SeqCoast Genomics",NA,NA,"Illumina",NA,"2x300 bp",NA,NA,NA,"planned",NA,NA,NA,NA,NA
"T0179_REC_ITS2","T0179_REC","ITS2","SeqCoast Genomics",NA,NA,"Illumina",NA,"2x300 bp",NA,NA,NA,"planned",NA,NA,NA,NA,NA
"T0179_FIN_16S","T0179_FIN","16S","SeqCoast Genomics",NA,NA,"Illumina",NA,"2x300 bp",NA,NA,NA,"planned",NA,NA,NA,NA,NA
"T0179_FIN_ITS2","T0179_FIN","ITS2","SeqCoast Genomics",NA,NA,"Illumina",NA,"2x300 bp",NA,NA,NA,"planned",NA,NA,NA,NA,NA
"T0180_DON_16S","T0180_DON","16S","SeqCoast Genomics",NA,NA,"Illumina",NA,"2x300 bp",NA,NA,NA,"planned",NA,NA,NA,NA,NA
"T0180_DON_ITS2","T0180_DON","ITS2","SeqCoast Genomics",NA,NA,"Illumina",NA,"2x300 bp",NA,NA,NA,"planned",NA,NA,NA,NA,NA
"T0180_REC_16S","T0180_REC","16S","SeqCoast Genomics",NA,NA,"Illumina",NA,"2x300 bp",NA,NA,NA,"planned",NA,NA,NA,NA,NA
"T0180_REC_ITS2","T0180_REC","ITS2","SeqCoast Genomics",NA,NA,"Illumina",NA,"2x300 bp",NA,NA,NA,"planned",NA,NA,NA,NA,NA
"T0180_FIN_16S","T0180_FIN","16S","SeqCoast Genomics",NA,NA,"Illumina",NA,"2x300 bp",NA,NA,NA,"planned",NA,NA,NA,NA,NA
"T0180_FIN_ITS2","T0180_FIN","ITS2","SeqCoast Genomics",NA,NA,"Illumina",NA,"2x300 bp",NA,NA,NA,"planned",NA,NA,NA,NA,NA
"T0181_DON_16S","T0181_DON","16S","SeqCoast Genomics",NA,NA,"Illumina",NA,"2x300 bp",NA,NA,NA,"planned",NA,NA,NA,NA,NA
"T0181_DON_ITS2","T0181_DON","ITS2","SeqCoast Genomics",NA,NA,"Illumina",NA,"2x300 bp",NA,NA,NA,"planned",NA,NA,NA,NA,NA
"T0181_REC_16S","T0181_REC","16S","SeqCoast Genomics",NA,NA,"Illumina",NA,"2x300 bp",NA,NA,NA,"planned",NA,NA,NA,NA,NA
"T0181_REC_ITS2","T0181_REC","ITS2","SeqCoast Genomics",NA,NA,"Illumina",NA,"2x300 bp",NA,NA,NA,"planned",NA,NA,NA,NA,NA
"T0181_FIN_16S","T0181_FIN","16S","SeqCoast Genomics",NA,NA,"Illumina",NA,"2x300 bp",NA,NA,NA,"planned",NA,NA,NA,NA,NA
"T0181_FIN_ITS2","T0181_FIN","ITS2","SeqCoast Genomics",NA,NA,"Illumina",NA,"2x300 bp",NA,NA,NA,"planned",NA,NA,NA,NA,NA
"T0182_DON_16S","T0182_DON","16S","SeqCoast Genomics",NA,NA,"Illumina",NA,"2x300 bp",NA,NA,NA,"planned",NA,NA,NA,NA,NA
"T0182_DON_ITS2","T0182_DON","ITS2","SeqCoast Genomics",NA,NA,"Illumina",NA,"2x300 bp",NA,NA,NA,"planned",NA,NA,NA,NA,NA
"T0182_REC_16S","T0182_REC","16S","SeqCoast Genomics",NA,NA,"Illumina",NA,"2x300 bp",NA,NA,NA,"planned",NA,NA,NA,NA,NA
"T0182_REC_ITS2","T0182_REC","ITS2","SeqCoast Genomics",NA,NA,"Illumina",NA,"2x300 bp",NA,NA,NA,"planned",NA,NA,NA,NA,NA
"T0182_FIN_16S","T0182_FIN","16S","SeqCoast Genomics",NA,NA,"Illumina",NA,"2x300 bp",NA,NA,NA,"planned",NA,NA,NA,NA,NA
"T0182_FIN_ITS2","T0182_FIN","ITS2","SeqCoast Genomics",NA,NA,"Illumina",NA,"2x300 bp",NA,NA,NA,"planned",NA,NA,NA,NA,NA
"T0183_DON_16S","T0183_DON","16S","SeqCoast Genomics",NA,NA,"Illumina",NA,"2x300 bp",NA,NA,NA,"planned",NA,NA,NA,NA,NA
"T0183_DON_ITS2","T0183_DON","ITS2","SeqCoast Genomics",NA,NA,"Illumina",NA,"2x300 bp",NA,NA,NA,"planned",NA,NA,NA,NA,NA
"T0183_REC_16S","T0183_REC","16S","SeqCoast Genomics",NA,NA,"Illumina",NA,"2x300 bp",NA,NA,NA,"planned",NA,NA,NA,NA,NA
"T0183_REC_ITS2","T0183_REC","ITS2","SeqCoast Genomics",NA,NA,"Illumina",NA,"2x300 bp",NA,NA,NA,"planned",NA,NA,NA,NA,NA
"T0183_FIN_16S","T0183_FIN","16S","SeqCoast Genomics",NA,NA,"Illumina",NA,"2x300 bp",NA,NA,NA,"planned",NA,NA,NA,NA,NA
"T0183_FIN_ITS2","T0183_FIN","ITS2","SeqCoast Genomics",NA,NA,"Illumina",NA,"2x300 bp",NA,NA,NA,"planned",NA,NA,NA,NA,NA
"T0184_DON_16S","T0184_DON","16S","SeqCoast Genomics",NA,NA,"Illumina",NA,"2x300 bp",NA,NA,NA,"planned",NA,NA,NA,NA,NA
"T0184_DON_ITS2","T0184_DON","ITS2","SeqCoast Genomics",NA,NA,"Illumina",NA,"2x300 bp",NA,NA,NA,"planned",NA,NA,NA,NA,NA
"T0184_REC_16S","T0184_REC","16S","SeqCoast Genomics",NA,NA,"Illumina",NA,"2x300 bp",NA,NA,NA,"planned",NA,NA,NA,NA,NA
"T0184_REC_ITS2","T0184_REC","ITS2","SeqCoast Genomics",NA,NA,"Illumina",NA,"2x300 bp",NA,NA,NA,"planned",NA,NA,NA,NA,NA
"T0184_FIN_16S","T0184_FIN","16S","SeqCoast Genomics",NA,NA,"Illumina",NA,"2x300 bp",NA,NA,NA,"planned",NA,NA,NA,NA,NA
"T0184_FIN_ITS2","T0184_FIN","ITS2","SeqCoast Genomics",NA,NA,"Illumina",NA,"2x300 bp",NA,NA,NA,"planned",NA,NA,NA,NA,NA
"T0185_DON_16S","T0185_DON","16S","SeqCoast Genomics",NA,NA,"Illumina",NA,"2x300 bp",NA,NA,NA,"planned",NA,NA,NA,NA,NA
"T0185_DON_ITS2","T0185_DON","ITS2","SeqCoast Genomics",NA,NA,"Illumina",NA,"2x300 bp",NA,NA,NA,"planned",NA,NA,NA,NA,NA
"T0185_REC_16S","T0185_REC","16S","SeqCoast Genomics",NA,NA,"Illumina",NA,"2x300 bp",NA,NA,NA,"planned",NA,NA,NA,NA,NA
"T0185_REC_ITS2","T0185_REC","ITS2","SeqCoast Genomics",NA,NA,"Illumina",NA,"2x300 bp",NA,NA,NA,"planned",NA,NA,NA,NA,NA
"T0185_FIN_16S","T0185_FIN","16S","SeqCoast Genomics",NA,NA,"Illumina",NA,"2x300 bp",NA,NA,NA,"planned",NA,NA,NA,NA,NA
"T0185_FIN_ITS2","T0185_FIN","ITS2","SeqCoast Genomics",NA,NA,"Illumina",NA,"2x300 bp",NA,NA,NA,"planned",NA,NA,NA,NA,NA
"T0186_DON_16S","T0186_DON","16S","SeqCoast Genomics",NA,NA,"Illumina",NA,"2x300 bp",NA,NA,NA,"planned",NA,NA,NA,NA,NA
"T0186_DON_ITS2","T0186_DON","ITS2","SeqCoast Genomics",NA,NA,"Illumina",NA,"2x300 bp",NA,NA,NA,"planned",NA,NA,NA,NA,NA
"T0186_REC_16S","T0186_REC","16S","SeqCoast Genomics",NA,NA,"Illumina",NA,"2x300 bp",NA,NA,NA,"planned",NA,NA,NA,NA,NA
"T0186_REC_ITS2","T0186_REC","ITS2","SeqCoast Genomics",NA,NA,"Illumina",NA,"2x300 bp",NA,NA,NA,"planned",NA,NA,NA,NA,NA
"T0186_FIN_16S","T0186_FIN","16S","SeqCoast Genomics",NA,NA,"Illumina",NA,"2x300 bp",NA,NA,NA,"planned",NA,NA,NA,NA,NA
"T0186_FIN_ITS2","T0186_FIN","ITS2","SeqCoast Genomics",NA,NA,"Illumina",NA,"2x300 bp",NA,NA,NA,"planned",NA,NA,NA,NA,NA
"T0187_DON_16S","T0187_DON","16S","SeqCoast Genomics",NA,NA,"Illumina",NA,"2x300 bp",NA,NA,NA,"planned",NA,NA,NA,NA,NA
"T0187_DON_ITS2","T0187_DON","ITS2","SeqCoast Genomics",NA,NA,"Illumina",NA,"2x300 bp",NA,NA,NA,"planned",NA,NA,NA,NA,NA
"T0187_REC_16S","T0187_REC","16S","SeqCoast Genomics",NA,NA,"Illumina",NA,"2x300 bp",NA,NA,NA,"planned",NA,NA,NA,NA,NA
"T0187_REC_ITS2","T0187_REC","ITS2","SeqCoast Genomics",NA,NA,"Illumina",NA,"2x300 bp",NA,NA,NA,"planned",NA,NA,NA,NA,NA
"T0187_FIN_16S","T0187_FIN","16S","SeqCoast Genomics",NA,NA,"Illumina",NA,"2x300 bp",NA,NA,NA,"planned",NA,NA,NA,NA,NA
"T0187_FIN_ITS2","T0187_FIN","ITS2","SeqCoast Genomics",NA,NA,"Illumina",NA,"2x300 bp",NA,NA,NA,"planned",NA,NA,NA,NA,NA
"T0188_DON_16S","T0188_DON","16S","SeqCoast Genomics",NA,NA,"Illumina",NA,"2x300 bp",NA,NA,NA,"planned",NA,NA,NA,NA,NA
"T0188_DON_ITS2","T0188_DON","ITS2","SeqCoast Genomics",NA,NA,"Illumina",NA,"2x300 bp",NA,NA,NA,"planned",NA,NA,NA,NA,NA
"T0188_REC_16S","T0188_REC","16S","SeqCoast Genomics",NA,NA,"Illumina",NA,"2x300 bp",NA,NA,NA,"planned",NA,NA,NA,NA,NA
"T0188_REC_ITS2","T0188_REC","ITS2","SeqCoast Genomics",NA,NA,"Illumina",NA,"2x300 bp",NA,NA,NA,"planned",NA,NA,NA,NA,NA
"T0188_FIN_16S","T0188_FIN","16S","SeqCoast Genomics",NA,NA,"Illumina",NA,"2x300 bp",NA,NA,NA,"planned",NA,NA,NA,NA,NA
"T0188_FIN_ITS2","T0188_FIN","ITS2","SeqCoast Genomics",NA,NA,"Illumina",NA,"2x300 bp",NA,NA,NA,"planned",NA,NA,NA,NA,NA
"T0189_DON_16S","T0189_DON","16S","SeqCoast Genomics",NA,NA,"Illumina",NA,"2x300 bp",NA,NA,NA,"planned",NA,NA,NA,NA,NA
"T0189_DON_ITS2","T0189_DON","ITS2","SeqCoast Genomics",NA,NA,"Illumina",NA,"2x300 bp",NA,NA,NA,"planned",NA,NA,NA,NA,NA
"T0189_REC_16S","T0189_REC","16S","SeqCoast Genomics",NA,NA,"Illumina",NA,"2x300 bp",NA,NA,NA,"planned",NA,NA,NA,NA,NA
"T0189_REC_ITS2","T0189_REC","ITS2","SeqCoast Genomics",NA,NA,"Illumina",NA,"2x300 bp",NA,NA,NA,"planned",NA,NA,NA,NA,NA
"T0189_FIN_16S","T0189_FIN","16S","SeqCoast Genomics",NA,NA,"Illumina",NA,"2x300 bp",NA,NA,NA,"planned",NA,NA,NA,NA,NA
"T0189_FIN_ITS2","T0189_FIN","ITS2","SeqCoast Genomics",NA,NA,"Illumina",NA,"2x300 bp",NA,NA,NA,"planned",NA,NA,NA,NA,NA
"T0190_DON_16S","T0190_DON","16S","SeqCoast Genomics",NA,NA,"Illumina",NA,"2x300 bp",NA,NA,NA,"planned",NA,NA,NA,NA,NA
"T0190_DON_ITS2","T0190_DON","ITS2","SeqCoast Genomics",NA,NA,"Illumina",NA,"2x300 bp",NA,NA,NA,"planned",NA,NA,NA,NA,NA
"T0190_REC_16S","T0190_REC","16S","SeqCoast Genomics",NA,NA,"Illumina",NA,"2x300 bp",NA,NA,NA,"planned",NA,NA,NA,NA,NA
"T0190_REC_ITS2","T0190_REC","ITS2","SeqCoast Genomics",NA,NA,"Illumina",NA,"2x300 bp",NA,NA,NA,"planned",NA,NA,NA,NA,NA
"T0190_FIN_16S","T0190_FIN","16S","SeqCoast Genomics",NA,NA,"Illumina",NA,"2x300 bp",NA,NA,NA,"planned",NA,NA,NA,NA,NA
"T0190_FIN_ITS2","T0190_FIN","ITS2","SeqCoast Genomics",NA,NA,"Illumina",NA,"2x300 bp",NA,NA,NA,"planned",NA,NA,NA,NA,NA
"T0191_DON_16S","T0191_DON","16S","SeqCoast Genomics",NA,NA,"Illumina",NA,"2x300 bp",NA,NA,NA,"planned",NA,NA,NA,NA,NA
"T0191_DON_ITS2","T0191_DON","ITS2","SeqCoast Genomics",NA,NA,"Illumina",NA,"2x300 bp",NA,NA,NA,"planned",NA,NA,NA,NA,NA
"T0191_REC_16S","T0191_REC","16S","SeqCoast Genomics",NA,NA,"Illumina",NA,"2x300 bp",NA,NA,NA,"planned",NA,NA,NA,NA,NA
"T0191_REC_ITS2","T0191_REC","ITS2","SeqCoast Genomics",NA,NA,"Illumina",NA,"2x300 bp",NA,NA,NA,"planned",NA,NA,NA,NA,NA
"T0191_FIN_16S","T0191_FIN","16S","SeqCoast Genomics",NA,NA,"Illumina",NA,"2x300 bp",NA,NA,NA,"planned",NA,NA,NA,NA,NA
"T0191_FIN_ITS2","T0191_FIN","ITS2","SeqCoast Genomics",NA,NA,"Illumina",NA,"2x300 bp",NA,NA,NA,"planned",NA,NA,NA,NA,NA
"T0192_DON_16S","T0192_DON","16S","SeqCoast Genomics",NA,NA,"Illumina",NA,"2x300 bp",NA,NA,NA,"planned",NA,NA,NA,NA,NA
"T0192_DON_ITS2","T0192_DON","ITS2","SeqCoast Genomics",NA,NA,"Illumina",NA,"2x300 bp",NA,NA,NA,"planned",NA,NA,NA,NA,NA
"T0192_REC_16S","T0192_REC","16S","SeqCoast Genomics",NA,NA,"Illumina",NA,"2x300 bp",NA,NA,NA,"planned",NA,NA,NA,NA,NA
"T0192_REC_ITS2","T0192_REC","ITS2","SeqCoast Genomics",NA,NA,"Illumina",NA,"2x300 bp",NA,NA,NA,"planned",NA,NA,NA,NA,NA
"T0192_FIN_16S","T0192_FIN","16S","SeqCoast Genomics",NA,NA,"Illumina",NA,"2x300 bp",NA,NA,NA,"planned",NA,NA,NA,NA,NA
"T0192_FIN_ITS2","T0192_FIN","ITS2","SeqCoast Genomics",NA,NA,"Illumina",NA,"2x300 bp",NA,NA,NA,"planned",NA,NA,NA,NA,NA
"T0193_DON_16S","T0193_DON","16S","SeqCoast Genomics",NA,NA,"Illumina",NA,"2x300 bp",NA,NA,NA,"planned",NA,NA,NA,NA,NA
"T0193_DON_ITS2","T0193_DON","ITS2","SeqCoast Genomics",NA,NA,"Illumina",NA,"2x300 bp",NA,NA,NA,"planned",NA,NA,NA,NA,NA
"T0193_REC_16S","T0193_REC","16S","SeqCoast Genomics",NA,NA,"Illumina",NA,"2x300 bp",NA,NA,NA,"planned",NA,NA,NA,NA,NA
"T0193_REC_ITS2","T0193_REC","ITS2","SeqCoast Genomics",NA,NA,"Illumina",NA,"2x300 bp",NA,NA,NA,"planned",NA,NA,NA,NA,NA
"T0193_FIN_16S","T0193_FIN","16S","SeqCoast Genomics",NA,NA,"Illumina",NA,"2x300 bp",NA,NA,NA,"planned",NA,NA,NA,NA,NA
"T0193_FIN_ITS2","T0193_FIN","ITS2","SeqCoast Genomics",NA,NA,"Illumina",NA,"2x300 bp",NA,NA,NA,"planned",NA,NA,NA,NA,NA
"T0194_DON_16S","T0194_DON","16S","SeqCoast Genomics",NA,NA,"Illumina",NA,"2x300 bp",NA,NA,NA,"planned",NA,NA,NA,NA,NA
"T0194_DON_ITS2","T0194_DON","ITS2","SeqCoast Genomics",NA,NA,"Illumina",NA,"2x300 bp",NA,NA,NA,"planned",NA,NA,NA,NA,NA
"T0194_REC_16S","T0194_REC","16S","SeqCoast Genomics",NA,NA,"Illumina",NA,"2x300 bp",NA,NA,NA,"planned",NA,NA,NA,NA,NA
"T0194_REC_ITS2","T0194_REC","ITS2","SeqCoast Genomics",NA,NA,"Illumina",NA,"2x300 bp",NA,NA,NA,"planned",NA,NA,NA,NA,NA
"T0194_FIN_16S","T0194_FIN","16S","SeqCoast Genomics",NA,NA,"Illumina",NA,"2x300 bp",NA,NA,NA,"planned",NA,NA,NA,NA,NA
"T0194_FIN_ITS2","T0194_FIN","ITS2","SeqCoast Genomics",NA,NA,"Illumina",NA,"2x300 bp",NA,NA,NA,"planned",NA,NA,NA,NA,NA
"T0195_DON_16S","T0195_DON","16S","SeqCoast Genomics",NA,NA,"Illumina",NA,"2x300 bp",NA,NA,NA,"planned",NA,NA,NA,NA,NA
"T0195_DON_ITS2","T0195_DON","ITS2","SeqCoast Genomics",NA,NA,"Illumina",NA,"2x300 bp",NA,NA,NA,"planned",NA,NA,NA,NA,NA
"T0195_REC_16S","T0195_REC","16S","SeqCoast Genomics",NA,NA,"Illumina",NA,"2x300 bp",NA,NA,NA,"planned",NA,NA,NA,NA,NA
"T0195_REC_ITS2","T0195_REC","ITS2","SeqCoast Genomics",NA,NA,"Illumina",NA,"2x300 bp",NA,NA,NA,"planned",NA,NA,NA,NA,NA
"T0195_FIN_16S","T0195_FIN","16S","SeqCoast Genomics",NA,NA,"Illumina",NA,"2x300 bp",NA,NA,NA,"planned",NA,NA,NA,NA,NA
"T0195_FIN_ITS2","T0195_FIN","ITS2","SeqCoast Genomics",NA,NA,"Illumina",NA,"2x300 bp",NA,NA,NA,"planned",NA,NA,NA,NA,NA
"T0196_DON_16S","T0196_DON","16S","SeqCoast Genomics",NA,NA,"Illumina",NA,"2x300 bp",NA,NA,NA,"planned",NA,NA,NA,NA,NA
"T0196_DON_ITS2","T0196_DON","ITS2","SeqCoast Genomics",NA,NA,"Illumina",NA,"2x300 bp",NA,NA,NA,"planned",NA,NA,NA,NA,NA
"T0196_REC_16S","T0196_REC","16S","SeqCoast Genomics",NA,NA,"Illumina",NA,"2x300 bp",NA,NA,NA,"planned",NA,NA,NA,NA,NA
"T0196_REC_ITS2","T0196_REC","ITS2","SeqCoast Genomics",NA,NA,"Illumina",NA,"2x300 bp",NA,NA,NA,"planned",NA,NA,NA,NA,NA
"T0196_FIN_16S","T0196_FIN","16S","SeqCoast Genomics",NA,NA,"Illumina",NA,"2x300 bp",NA,NA,NA,"planned",NA,NA,NA,NA,NA
"T0196_FIN_ITS2","T0196_FIN","ITS2","SeqCoast Genomics",NA,NA,"Illumina",NA,"2x300 bp",NA,NA,NA,"planned",NA,NA,NA,NA,NA
"T0197_DON_16S","T0197_DON","16S","SeqCoast Genomics",NA,NA,"Illumina",NA,"2x300 bp",NA,NA,NA,"planned",NA,NA,NA,NA,NA
"T0197_DON_ITS2","T0197_DON","ITS2","SeqCoast Genomics",NA,NA,"Illumina",NA,"2x300 bp",NA,NA,NA,"planned",NA,NA,NA,NA,NA
"T0197_REC_16S","T0197_REC","16S","SeqCoast Genomics",NA,NA,"Illumina",NA,"2x300 bp",NA,NA,NA,"planned",NA,NA,NA,NA,NA
"T0197_REC_ITS2","T0197_REC","ITS2","SeqCoast Genomics",NA,NA,"Illumina",NA,"2x300 bp",NA,NA,NA,"planned",NA,NA,NA,NA,NA
"T0197_FIN_16S","T0197_FIN","16S","SeqCoast Genomics",NA,NA,"Illumina",NA,"2x300 bp",NA,NA,NA,"planned",NA,NA,NA,NA,NA
"T0197_FIN_ITS2","T0197_FIN","ITS2","SeqCoast Genomics",NA,NA,"Illumina",NA,"2x300 bp",NA,NA,NA,"planned",NA,NA,NA,NA,NA
"T0198_DON_16S","T0198_DON","16S","SeqCoast Genomics",NA,NA,"Illumina",NA,"2x300 bp",NA,NA,NA,"planned",NA,NA,NA,NA,NA
"T0198_DON_ITS2","T0198_DON","ITS2","SeqCoast Genomics",NA,NA,"Illumina",NA,"2x300 bp",NA,NA,NA,"planned",NA,NA,NA,NA,NA
"T0198_REC_16S","T0198_REC","16S","SeqCoast Genomics",NA,NA,"Illumina",NA,"2x300 bp",NA,NA,NA,"planned",NA,NA,NA,NA,NA
"T0198_REC_ITS2","T0198_REC","ITS2","SeqCoast Genomics",NA,NA,"Illumina",NA,"2x300 bp",NA,NA,NA,"planned",NA,NA,NA,NA,NA
"T0198_FIN_16S","T0198_FIN","16S","SeqCoast Genomics",NA,NA,"Illumina",NA,"2x300 bp",NA,NA,NA,"planned",NA,NA,NA,NA,NA
"T0198_FIN_ITS2","T0198_FIN","ITS2","SeqCoast Genomics",NA,NA,"Illumina",NA,"2x300 bp",NA,NA,NA,"planned",NA,NA,NA,NA,NA
"T0199_DON_16S","T0199_DON","16S","SeqCoast Genomics",NA,NA,"Illumina",NA,"2x300 bp",NA,NA,NA,"planned",NA,NA,NA,NA,NA
"T0199_DON_ITS2","T0199_DON","ITS2","SeqCoast Genomics",NA,NA,"Illumina",NA,"2x300 bp",NA,NA,NA,"planned",NA,NA,NA,NA,NA
"T0199_REC_16S","T0199_REC","16S","SeqCoast Genomics",NA,NA,"Illumina",NA,"2x300 bp",NA,NA,NA,"planned",NA,NA,NA,NA,NA
"T0199_REC_ITS2","T0199_REC","ITS2","SeqCoast Genomics",NA,NA,"Illumina",NA,"2x300 bp",NA,NA,NA,"planned",NA,NA,NA,NA,NA
"T0199_FIN_16S","T0199_FIN","16S","SeqCoast Genomics",NA,NA,"Illumina",NA,"2x300 bp",NA,NA,NA,"planned",NA,NA,NA,NA,NA
"T0199_FIN_ITS2","T0199_FIN","ITS2","SeqCoast Genomics",NA,NA,"Illumina",NA,"2x300 bp",NA,NA,NA,"planned",NA,NA,NA,NA,NA
"T0200_DON_16S","T0200_DON","16S","SeqCoast Genomics",NA,NA,"Illumina",NA,"2x300 bp",NA,NA,NA,"planned",NA,NA,NA,NA,NA
"T0200_DON_ITS2","T0200_DON","ITS2","SeqCoast Genomics",NA,NA,"Illumina",NA,"2x300 bp",NA,NA,NA,"planned",NA,NA,NA,NA,NA
"T0200_REC_16S","T0200_REC","16S","SeqCoast Genomics",NA,NA,"Illumina",NA,"2x300 bp",NA,NA,NA,"planned",NA,NA,NA,NA,NA
"T0200_REC_ITS2","T0200_REC","ITS2","SeqCoast Genomics",NA,NA,"Illumina",NA,"2x300 bp",NA,NA,NA,"planned",NA,NA,NA,NA,NA
"T0200_FIN_16S","T0200_FIN","16S","SeqCoast Genomics",NA,NA,"Illumina",NA,"2x300 bp",NA,NA,NA,"planned",NA,NA,NA,NA,NA
"T0200_FIN_ITS2","T0200_FIN","ITS2","SeqCoast Genomics",NA,NA,"Illumina",NA,"2x300 bp",NA,NA,NA,"planned",NA,NA,NA,NA,NA
"T0201_DON_16S","T0201_DON","16S","SeqCoast Genomics",NA,NA,"Illumina",NA,"2x300 bp",NA,NA,NA,"planned",NA,NA,NA,NA,NA
"T0201_DON_ITS2","T0201_DON","ITS2","SeqCoast Genomics",NA,NA,"Illumina",NA,"2x300 bp",NA,NA,NA,"planned",NA,NA,NA,NA,NA
"T0201_REC_16S","T0201_REC","16S","SeqCoast Genomics",NA,NA,"Illumina",NA,"2x300 bp",NA,NA,NA,"planned",NA,NA,NA,NA,NA
"T0201_REC_ITS2","T0201_REC","ITS2","SeqCoast Genomics",NA,NA,"Illumina",NA,"2x300 bp",NA,NA,NA,"planned",NA,NA,NA,NA,NA
"T0201_FIN_16S","T0201_FIN","16S","SeqCoast Genomics",NA,NA,"Illumina",NA,"2x300 bp",NA,NA,NA,"planned",NA,NA,NA,NA,NA
"T0201_FIN_ITS2","T0201_FIN","ITS2","SeqCoast Genomics",NA,NA,"Illumina",NA,"2x300 bp",NA,NA,NA,"planned",NA,NA,NA,NA,NA
"T0202_DON_16S","T0202_DON","16S","SeqCoast Genomics",NA,NA,"Illumina",NA,"2x300 bp",NA,NA,NA,"planned",NA,NA,NA,NA,NA
"T0202_DON_ITS2","T0202_DON","ITS2","SeqCoast Genomics",NA,NA,"Illumina",NA,"2x300 bp",NA,NA,NA,"planned",NA,NA,NA,NA,NA
"T0202_REC_16S","T0202_REC","16S","SeqCoast Genomics",NA,NA,"Illumina",NA,"2x300 bp",NA,NA,NA,"planned",NA,NA,NA,NA,NA
"T0202_REC_ITS2","T0202_REC","ITS2","SeqCoast Genomics",NA,NA,"Illumina",NA,"2x300 bp",NA,NA,NA,"planned",NA,NA,NA,NA,NA
"T0202_FIN_16S","T0202_FIN","16S","SeqCoast Genomics",NA,NA,"Illumina",NA,"2x300 bp",NA,NA,NA,"planned",NA,NA,NA,NA,NA
"T0202_FIN_ITS2","T0202_FIN","ITS2","SeqCoast Genomics",NA,NA,"Illumina",NA,"2x300 bp",NA,NA,NA,"planned",NA,NA,NA,NA,NA
"T0203_DON_16S","T0203_DON","16S","SeqCoast Genomics",NA,NA,"Illumina",NA,"2x300 bp",NA,NA,NA,"planned",NA,NA,NA,NA,NA
"T0203_DON_ITS2","T0203_DON","ITS2","SeqCoast Genomics",NA,NA,"Illumina",NA,"2x300 bp",NA,NA,NA,"planned",NA,NA,NA,NA,NA
"T0203_REC_16S","T0203_REC","16S","SeqCoast Genomics",NA,NA,"Illumina",NA,"2x300 bp",NA,NA,NA,"planned",NA,NA,NA,NA,NA
"T0203_REC_ITS2","T0203_REC","ITS2","SeqCoast Genomics",NA,NA,"Illumina",NA,"2x300 bp",NA,NA,NA,"planned",NA,NA,NA,NA,NA
"T0203_FIN_16S","T0203_FIN","16S","SeqCoast Genomics",NA,NA,"Illumina",NA,"2x300 bp",NA,NA,NA,"planned",NA,NA,NA,NA,NA
"T0203_FIN_ITS2","T0203_FIN","ITS2","SeqCoast Genomics",NA,NA,"Illumina",NA,"2x300 bp",NA,NA,NA,"planned",NA,NA,NA,NA,NA
"T0204_DON_16S","T0204_DON","16S","SeqCoast Genomics",NA,NA,"Illumina",NA,"2x300 bp",NA,NA,NA,"planned",NA,NA,NA,NA,NA
"T0204_DON_ITS2","T0204_DON","ITS2","SeqCoast Genomics",NA,NA,"Illumina",NA,"2x300 bp",NA,NA,NA,"planned",NA,NA,NA,NA,NA
"T0204_REC_16S","T0204_REC","16S","SeqCoast Genomics",NA,NA,"Illumina",NA,"2x300 bp",NA,NA,NA,"planned",NA,NA,NA,NA,NA
"T0204_REC_ITS2","T0204_REC","ITS2","SeqCoast Genomics",NA,NA,"Illumina",NA,"2x300 bp",NA,NA,NA,"planned",NA,NA,NA,NA,NA
"T0204_FIN_16S","T0204_FIN","16S","SeqCoast Genomics",NA,NA,"Illumina",NA,"2x300 bp",NA,NA,NA,"planned",NA,NA,NA,NA,NA
"T0204_FIN_ITS2","T0204_FIN","ITS2","SeqCoast Genomics",NA,NA,"Illumina",NA,"2x300 bp",NA,NA,NA,"planned",NA,NA,NA,NA,NA
"T0205_DON_16S","T0205_DON","16S","SeqCoast Genomics",NA,NA,"Illumina",NA,"2x300 bp",NA,NA,NA,"planned",NA,NA,NA,NA,NA
"T0205_DON_ITS2","T0205_DON","ITS2","SeqCoast Genomics",NA,NA,"Illumina",NA,"2x300 bp",NA,NA,NA,"planned",NA,NA,NA,NA,NA
"T0205_REC_16S","T0205_REC","16S","SeqCoast Genomics",NA,NA,"Illumina",NA,"2x300 bp",NA,NA,NA,"planned",NA,NA,NA,NA,NA
"T0205_REC_ITS2","T0205_REC","ITS2","SeqCoast Genomics",NA,NA,"Illumina",NA,"2x300 bp",NA,NA,NA,"planned",NA,NA,NA,NA,NA
"T0205_FIN_16S","T0205_FIN","16S","SeqCoast Genomics",NA,NA,"Illumina",NA,"2x300 bp",NA,NA,NA,"planned",NA,NA,NA,NA,NA
"T0205_FIN_ITS2","T0205_FIN","ITS2","SeqCoast Genomics",NA,NA,"Illumina",NA,"2x300 bp",NA,NA,NA,"planned",NA,NA,NA,NA,NA
"T0206_DON_16S","T0206_DON","16S","SeqCoast Genomics",NA,NA,"Illumina",NA,"2x300 bp",NA,NA,NA,"planned",NA,NA,NA,NA,NA
"T0206_DON_ITS2","T0206_DON","ITS2","SeqCoast Genomics",NA,NA,"Illumina",NA,"2x300 bp",NA,NA,NA,"planned",NA,NA,NA,NA,NA
"T0206_REC_16S","T0206_REC","16S","SeqCoast Genomics",NA,NA,"Illumina",NA,"2x300 bp",NA,NA,NA,"planned",NA,NA,NA,NA,NA
"T0206_REC_ITS2","T0206_REC","ITS2","SeqCoast Genomics",NA,NA,"Illumina",NA,"2x300 bp",NA,NA,NA,"planned",NA,NA,NA,NA,NA
"T0206_FIN_16S","T0206_FIN","16S","SeqCoast Genomics",NA,NA,"Illumina",NA,"2x300 bp",NA,NA,NA,"planned",NA,NA,NA,NA,NA
"T0206_FIN_ITS2","T0206_FIN","ITS2","SeqCoast Genomics",NA,NA,"Illumina",NA,"2x300 bp",NA,NA,NA,"planned",NA,NA,NA,NA,NA
"T0207_DON_16S","T0207_DON","16S","SeqCoast Genomics",NA,NA,"Illumina",NA,"2x300 bp",NA,NA,NA,"planned",NA,NA,NA,NA,NA
"T0207_DON_ITS2","T0207_DON","ITS2","SeqCoast Genomics",NA,NA,"Illumina",NA,"2x300 bp",NA,NA,NA,"planned",NA,NA,NA,NA,NA
"T0207_REC_16S","T0207_REC","16S","SeqCoast Genomics",NA,NA,"Illumina",NA,"2x300 bp",NA,NA,NA,"planned",NA,NA,NA,NA,NA
"T0207_REC_ITS2","T0207_REC","ITS2","SeqCoast Genomics",NA,NA,"Illumina",NA,"2x300 bp",NA,NA,NA,"planned",NA,NA,NA,NA,NA
"T0207_FIN_16S","T0207_FIN","16S","SeqCoast Genomics",NA,NA,"Illumina",NA,"2x300 bp",NA,NA,NA,"planned",NA,NA,NA,NA,NA
"T0207_FIN_ITS2","T0207_FIN","ITS2","SeqCoast Genomics",NA,NA,"Illumina",NA,"2x300 bp",NA,NA,NA,"planned",NA,NA,NA,NA,NA
"T0208_DON_16S","T0208_DON","16S","SeqCoast Genomics",NA,NA,"Illumina",NA,"2x300 bp",NA,NA,NA,"planned",NA,NA,NA,NA,NA
"T0208_DON_ITS2","T0208_DON","ITS2","SeqCoast Genomics",NA,NA,"Illumina",NA,"2x300 bp",NA,NA,NA,"planned",NA,NA,NA,NA,NA
"T0208_REC_16S","T0208_REC","16S","SeqCoast Genomics",NA,NA,"Illumina",NA,"2x300 bp",NA,NA,NA,"planned",NA,NA,NA,NA,NA
"T0208_REC_ITS2","T0208_REC","ITS2","SeqCoast Genomics",NA,NA,"Illumina",NA,"2x300 bp",NA,NA,NA,"planned",NA,NA,NA,NA,NA
"T0208_FIN_16S","T0208_FIN","16S","SeqCoast Genomics",NA,NA,"Illumina",NA,"2x300 bp",NA,NA,NA,"planned",NA,NA,NA,NA,NA
"T0208_FIN_ITS2","T0208_FIN","ITS2","SeqCoast Genomics",NA,NA,"Illumina",NA,"2x300 bp",NA,NA,NA,"planned",NA,NA,NA,NA,NA
"T0209_DON_16S","T0209_DON","16S","SeqCoast Genomics",NA,NA,"Illumina",NA,"2x300 bp",NA,NA,NA,"planned",NA,NA,NA,NA,NA
"T0209_DON_ITS2","T0209_DON","ITS2","SeqCoast Genomics",NA,NA,"Illumina",NA,"2x300 bp",NA,NA,NA,"planned",NA,NA,NA,NA,NA
"T0209_REC_16S","T0209_REC","16S","SeqCoast Genomics",NA,NA,"Illumina",NA,"2x300 bp",NA,NA,NA,"planned",NA,NA,NA,NA,NA
"T0209_REC_ITS2","T0209_REC","ITS2","SeqCoast Genomics",NA,NA,"Illumina",NA,"2x300 bp",NA,NA,NA,"planned",NA,NA,NA,NA,NA
"T0209_FIN_16S","T0209_FIN","16S","SeqCoast Genomics",NA,NA,"Illumina",NA,"2x300 bp",NA,NA,NA,"planned",NA,NA,NA,NA,NA
"T0209_FIN_ITS2","T0209_FIN","ITS2","SeqCoast Genomics",NA,NA,"Illumina",NA,"2x300 bp",NA,NA,NA,"planned",NA,NA,NA,NA,NA
"T0210_DON_16S","T0210_DON","16S","SeqCoast Genomics",NA,NA,"Illumina",NA,"2x300 bp",NA,NA,NA,"planned",NA,NA,NA,NA,NA
"T0210_DON_ITS2","T0210_DON","ITS2","SeqCoast Genomics",NA,NA,"Illumina",NA,"2x300 bp",NA,NA,NA,"planned",NA,NA,NA,NA,NA
"T0210_REC_16S","T0210_REC","16S","SeqCoast Genomics",NA,NA,"Illumina",NA,"2x300 bp",NA,NA,NA,"planned",NA,NA,NA,NA,NA
"T0210_REC_ITS2","T0210_REC","ITS2","SeqCoast Genomics",NA,NA,"Illumina",NA,"2x300 bp",NA,NA,NA,"planned",NA,NA,NA,NA,NA
"T0210_FIN_16S","T0210_FIN","16S","SeqCoast Genomics",NA,NA,"Illumina",NA,"2x300 bp",NA,NA,NA,"planned",NA,NA,NA,NA,NA
"T0210_FIN_ITS2","T0210_FIN","ITS2","SeqCoast Genomics",NA,NA,"Illumina",NA,"2x300 bp",NA,NA,NA,"planned",NA,NA,NA,NA,NA
"T0211_DON_16S","T0211_DON","16S","SeqCoast Genomics",NA,NA,"Illumina",NA,"2x300 bp",NA,NA,NA,"planned",NA,NA,NA,NA,NA
"T0211_DON_ITS2","T0211_DON","ITS2","SeqCoast Genomics",NA,NA,"Illumina",NA,"2x300 bp",NA,NA,NA,"planned",NA,NA,NA,NA,NA
"T0211_REC_16S","T0211_REC","16S","SeqCoast Genomics",NA,NA,"Illumina",NA,"2x300 bp",NA,NA,NA,"planned",NA,NA,NA,NA,NA
"T0211_REC_ITS2","T0211_REC","ITS2","SeqCoast Genomics",NA,NA,"Illumina",NA,"2x300 bp",NA,NA,NA,"planned",NA,NA,NA,NA,NA
"T0211_FIN_16S","T0211_FIN","16S","SeqCoast Genomics",NA,NA,"Illumina",NA,"2x300 bp",NA,NA,NA,"planned",NA,NA,NA,NA,NA
"T0211_FIN_ITS2","T0211_FIN","ITS2","SeqCoast Genomics",NA,NA,"Illumina",NA,"2x300 bp",NA,NA,NA,"planned",NA,NA,NA,NA,NA
"T0212_DON_16S","T0212_DON","16S","SeqCoast Genomics",NA,NA,"Illumina",NA,"2x300 bp",NA,NA,NA,"planned",NA,NA,NA,NA,NA
"T0212_DON_ITS2","T0212_DON","ITS2","SeqCoast Genomics",NA,NA,"Illumina",NA,"2x300 bp",NA,NA,NA,"planned",NA,NA,NA,NA,NA
"T0212_REC_16S","T0212_REC","16S","SeqCoast Genomics",NA,NA,"Illumina",NA,"2x300 bp",NA,NA,NA,"planned",NA,NA,NA,NA,NA
"T0212_REC_ITS2","T0212_REC","ITS2","SeqCoast Genomics",NA,NA,"Illumina",NA,"2x300 bp",NA,NA,NA,"planned",NA,NA,NA,NA,NA
"T0212_FIN_16S","T0212_FIN","16S","SeqCoast Genomics",NA,NA,"Illumina",NA,"2x300 bp",NA,NA,NA,"planned",NA,NA,NA,NA,NA
"T0212_FIN_ITS2","T0212_FIN","ITS2","SeqCoast Genomics",NA,NA,"Illumina",NA,"2x300 bp",NA,NA,NA,"planned",NA,NA,NA,NA,NA
"T0213_DON_16S","T0213_DON","16S","SeqCoast Genomics",NA,NA,"Illumina",NA,"2x300 bp",NA,NA,NA,"planned",NA,NA,NA,NA,NA
"T0213_DON_ITS2","T0213_DON","ITS2","SeqCoast Genomics",NA,NA,"Illumina",NA,"2x300 bp",NA,NA,NA,"planned",NA,NA,NA,NA,NA
"T0213_REC_16S","T0213_REC","16S","SeqCoast Genomics",NA,NA,"Illumina",NA,"2x300 bp",NA,NA,NA,"planned",NA,NA,NA,NA,NA
"T0213_REC_ITS2","T0213_REC","ITS2","SeqCoast Genomics",NA,NA,"Illumina",NA,"2x300 bp",NA,NA,NA,"planned",NA,NA,NA,NA,NA
"T0213_FIN_16S","T0213_FIN","16S","SeqCoast Genomics",NA,NA,"Illumina",NA,"2x300 bp",NA,NA,NA,"planned",NA,NA,NA,NA,NA
"T0213_FIN_ITS2","T0213_FIN","ITS2","SeqCoast Genomics",NA,NA,"Illumina",NA,"2x300 bp",NA,NA,NA,"planned",NA,NA,NA,NA,NA
"T0214_DON_16S","T0214_DON","16S","SeqCoast Genomics",NA,NA,"Illumina",NA,"2x300 bp",NA,NA,NA,"planned",NA,NA,NA,NA,NA
"T0214_DON_ITS2","T0214_DON","ITS2","SeqCoast Genomics",NA,NA,"Illumina",NA,"2x300 bp",NA,NA,NA,"planned",NA,NA,NA,NA,NA
"T0214_REC_16S","T0214_REC","16S","SeqCoast Genomics",NA,NA,"Illumina",NA,"2x300 bp",NA,NA,NA,"planned",NA,NA,NA,NA,NA
"T0214_REC_ITS2","T0214_REC","ITS2","SeqCoast Genomics",NA,NA,"Illumina",NA,"2x300 bp",NA,NA,NA,"planned",NA,NA,NA,NA,NA
"T0214_FIN_16S","T0214_FIN","16S","SeqCoast Genomics",NA,NA,"Illumina",NA,"2x300 bp",NA,NA,NA,"planned",NA,NA,NA,NA,NA
"T0214_FIN_ITS2","T0214_FIN","ITS2","SeqCoast Genomics",NA,NA,"Illumina",NA,"2x300 bp",NA,NA,NA,"planned",NA,NA,NA,NA,NA
"T0215_DON_16S","T0215_DON","16S","SeqCoast Genomics",NA,NA,"Illumina",NA,"2x300 bp",NA,NA,NA,"planned",NA,NA,NA,NA,NA
"T0215_DON_ITS2","T0215_DON","ITS2","SeqCoast Genomics",NA,NA,"Illumina",NA,"2x300 bp",NA,NA,NA,"planned",NA,NA,NA,NA,NA
"T0215_REC_16S","T0215_REC","16S","SeqCoast Genomics",NA,NA,"Illumina",NA,"2x300 bp",NA,NA,NA,"planned",NA,NA,NA,NA,NA
"T0215_REC_ITS2","T0215_REC","ITS2","SeqCoast Genomics",NA,NA,"Illumina",NA,"2x300 bp",NA,NA,NA,"planned",NA,NA,NA,NA,NA
"T0215_FIN_16S","T0215_FIN","16S","SeqCoast Genomics",NA,NA,"Illumina",NA,"2x300 bp",NA,NA,NA,"planned",NA,NA,NA,NA,NA
"T0215_FIN_ITS2","T0215_FIN","ITS2","SeqCoast Genomics",NA,NA,"Illumina",NA,"2x300 bp",NA,NA,NA,"planned",NA,NA,NA,NA,NA
"T0216_DON_16S","T0216_DON","16S","SeqCoast Genomics",NA,NA,"Illumina",NA,"2x300 bp",NA,NA,NA,"planned",NA,NA,NA,NA,NA
"T0216_DON_ITS2","T0216_DON","ITS2","SeqCoast Genomics",NA,NA,"Illumina",NA,"2x300 bp",NA,NA,NA,"planned",NA,NA,NA,NA,NA
"T0216_REC_16S","T0216_REC","16S","SeqCoast Genomics",NA,NA,"Illumina",NA,"2x300 bp",NA,NA,NA,"planned",NA,NA,NA,NA,NA
"T0216_REC_ITS2","T0216_REC","ITS2","SeqCoast Genomics",NA,NA,"Illumina",NA,"2x300 bp",NA,NA,NA,"planned",NA,NA,NA,NA,NA
"T0216_FIN_16S","T0216_FIN","16S","SeqCoast Genomics",NA,NA,"Illumina",NA,"2x300 bp",NA,NA,NA,"planned",NA,NA,NA,NA,NA
"T0216_FIN_ITS2","T0216_FIN","ITS2","SeqCoast Genomics",NA,NA,"Illumina",NA,"2x300 bp",NA,NA,NA,"planned",NA,NA,NA,NA,NA
"T0217_DON_16S","T0217_DON","16S","SeqCoast Genomics",NA,NA,"Illumina",NA,"2x300 bp",NA,NA,NA,"planned",NA,NA,NA,NA,NA
"T0217_DON_ITS2","T0217_DON","ITS2","SeqCoast Genomics",NA,NA,"Illumina",NA,"2x300 bp",NA,NA,NA,"planned",NA,NA,NA,NA,NA
"T0217_REC_16S","T0217_REC","16S","SeqCoast Genomics",NA,NA,"Illumina",NA,"2x300 bp",NA,NA,NA,"planned",NA,NA,NA,NA,NA
"T0217_REC_ITS2","T0217_REC","ITS2","SeqCoast Genomics",NA,NA,"Illumina",NA,"2x300 bp",NA,NA,NA,"planned",NA,NA,NA,NA,NA
"T0217_FIN_16S","T0217_FIN","16S","SeqCoast Genomics",NA,NA,"Illumina",NA,"2x300 bp",NA,NA,NA,"planned",NA,NA,NA,NA,NA
"T0217_FIN_ITS2","T0217_FIN","ITS2","SeqCoast Genomics",NA,NA,"Illumina",NA,"2x300 bp",NA,NA,NA,"planned",NA,NA,NA,NA,NA
"T0218_DON_16S","T0218_DON","16S","SeqCoast Genomics",NA,NA,"Illumina",NA,"2x300 bp",NA,NA,NA,"planned",NA,NA,NA,NA,NA
"T0218_DON_ITS2","T0218_DON","ITS2","SeqCoast Genomics",NA,NA,"Illumina",NA,"2x300 bp",NA,NA,NA,"planned",NA,NA,NA,NA,NA
"T0218_REC_16S","T0218_REC","16S","SeqCoast Genomics",NA,NA,"Illumina",NA,"2x300 bp",NA,NA,NA,"planned",NA,NA,NA,NA,NA
"T0218_REC_ITS2","T0218_REC","ITS2","SeqCoast Genomics",NA,NA,"Illumina",NA,"2x300 bp",NA,NA,NA,"planned",NA,NA,NA,NA,NA
"T0218_FIN_16S","T0218_FIN","16S","SeqCoast Genomics",NA,NA,"Illumina",NA,"2x300 bp",NA,NA,NA,"planned",NA,NA,NA,NA,NA
"T0218_FIN_ITS2","T0218_FIN","ITS2","SeqCoast Genomics",NA,NA,"Illumina",NA,"2x300 bp",NA,NA,NA,"planned",NA,NA,NA,NA,NA
"T0219_DON_16S","T0219_DON","16S","SeqCoast Genomics",NA,NA,"Illumina",NA,"2x300 bp",NA,NA,NA,"planned",NA,NA,NA,NA,NA
"T0219_DON_ITS2","T0219_DON","ITS2","SeqCoast Genomics",NA,NA,"Illumina",NA,"2x300 bp",NA,NA,NA,"planned",NA,NA,NA,NA,NA
"T0219_REC_16S","T0219_REC","16S","SeqCoast Genomics",NA,NA,"Illumina",NA,"2x300 bp",NA,NA,NA,"planned",NA,NA,NA,NA,NA
"T0219_REC_ITS2","T0219_REC","ITS2","SeqCoast Genomics",NA,NA,"Illumina",NA,"2x300 bp",NA,NA,NA,"planned",NA,NA,NA,NA,NA
"T0219_FIN_16S","T0219_FIN","16S","SeqCoast Genomics",NA,NA,"Illumina",NA,"2x300 bp",NA,NA,NA,"planned",NA,NA,NA,NA,NA
"T0219_FIN_ITS2","T0219_FIN","ITS2","SeqCoast Genomics",NA,NA,"Illumina",NA,"2x300 bp",NA,NA,NA,"planned",NA,NA,NA,NA,NA
"T0220_DON_16S","T0220_DON","16S","SeqCoast Genomics",NA,NA,"Illumina",NA,"2x300 bp",NA,NA,NA,"planned",NA,NA,NA,NA,NA
"T0220_DON_ITS2","T0220_DON","ITS2","SeqCoast Genomics",NA,NA,"Illumina",NA,"2x300 bp",NA,NA,NA,"planned",NA,NA,NA,NA,NA
"T0220_REC_16S","T0220_REC","16S","SeqCoast Genomics",NA,NA,"Illumina",NA,"2x300 bp",NA,NA,NA,"planned",NA,NA,NA,NA,NA
"T0220_REC_ITS2","T0220_REC","ITS2","SeqCoast Genomics",NA,NA,"Illumina",NA,"2x300 bp",NA,NA,NA,"planned",NA,NA,NA,NA,NA
"T0220_FIN_16S","T0220_FIN","16S","SeqCoast Genomics",NA,NA,"Illumina",NA,"2x300 bp",NA,NA,NA,"planned",NA,NA,NA,NA,NA
"T0220_FIN_ITS2","T0220_FIN","ITS2","SeqCoast Genomics",NA,NA,"Illumina",NA,"2x300 bp",NA,NA,NA,"planned",NA,NA,NA,NA,NA
"T0221_DON_16S","T0221_DON","16S","SeqCoast Genomics",NA,NA,"Illumina",NA,"2x300 bp",NA,NA,NA,"planned",NA,NA,NA,NA,NA
"T0221_DON_ITS2","T0221_DON","ITS2","SeqCoast Genomics",NA,NA,"Illumina",NA,"2x300 bp",NA,NA,NA,"planned",NA,NA,NA,NA,NA
"T0221_REC_16S","T0221_REC","16S","SeqCoast Genomics",NA,NA,"Illumina",NA,"2x300 bp",NA,NA,NA,"planned",NA,NA,NA,NA,NA
"T0221_REC_ITS2","T0221_REC","ITS2","SeqCoast Genomics",NA,NA,"Illumina",NA,"2x300 bp",NA,NA,NA,"planned",NA,NA,NA,NA,NA
"T0221_FIN_16S","T0221_FIN","16S","SeqCoast Genomics",NA,NA,"Illumina",NA,"2x300 bp",NA,NA,NA,"planned",NA,NA,NA,NA,NA
"T0221_FIN_ITS2","T0221_FIN","ITS2","SeqCoast Genomics",NA,NA,"Illumina",NA,"2x300 bp",NA,NA,NA,"planned",NA,NA,NA,NA,NA
"T0222_DON_16S","T0222_DON","16S","SeqCoast Genomics",NA,NA,"Illumina",NA,"2x300 bp",NA,NA,NA,"planned",NA,NA,NA,NA,NA
"T0222_DON_ITS2","T0222_DON","ITS2","SeqCoast Genomics",NA,NA,"Illumina",NA,"2x300 bp",NA,NA,NA,"planned",NA,NA,NA,NA,NA
"T0222_REC_16S","T0222_REC","16S","SeqCoast Genomics",NA,NA,"Illumina",NA,"2x300 bp",NA,NA,NA,"planned",NA,NA,NA,NA,NA
"T0222_REC_ITS2","T0222_REC","ITS2","SeqCoast Genomics",NA,NA,"Illumina",NA,"2x300 bp",NA,NA,NA,"planned",NA,NA,NA,NA,NA
"T0222_FIN_16S","T0222_FIN","16S","SeqCoast Genomics",NA,NA,"Illumina",NA,"2x300 bp",NA,NA,NA,"planned",NA,NA,NA,NA,NA
"T0222_FIN_ITS2","T0222_FIN","ITS2","SeqCoast Genomics",NA,NA,"Illumina",NA,"2x300 bp",NA,NA,NA,"planned",NA,NA,NA,NA,NA
"T0223_DON_16S","T0223_DON","16S","SeqCoast Genomics",NA,NA,"Illumina",NA,"2x300 bp",NA,NA,NA,"planned",NA,NA,NA,NA,NA
"T0223_DON_ITS2","T0223_DON","ITS2","SeqCoast Genomics",NA,NA,"Illumina",NA,"2x300 bp",NA,NA,NA,"planned",NA,NA,NA,NA,NA
"T0223_REC_16S","T0223_REC","16S","SeqCoast Genomics",NA,NA,"Illumina",NA,"2x300 bp",NA,NA,NA,"planned",NA,NA,NA,NA,NA
"T0223_REC_ITS2","T0223_REC","ITS2","SeqCoast Genomics",NA,NA,"Illumina",NA,"2x300 bp",NA,NA,NA,"planned",NA,NA,NA,NA,NA
"T0223_FIN_16S","T0223_FIN","16S","SeqCoast Genomics",NA,NA,"Illumina",NA,"2x300 bp",NA,NA,NA,"planned",NA,NA,NA,NA,NA
"T0223_FIN_ITS2","T0223_FIN","ITS2","SeqCoast Genomics",NA,NA,"Illumina",NA,"2x300 bp",NA,NA,NA,"planned",NA,NA,NA,NA,NA
"T0224_DON_16S","T0224_DON","16S","SeqCoast Genomics",NA,NA,"Illumina",NA,"2x300 bp",NA,NA,NA,"planned",NA,NA,NA,NA,NA
"T0224_DON_ITS2","T0224_DON","ITS2","SeqCoast Genomics",NA,NA,"Illumina",NA,"2x300 bp",NA,NA,NA,"planned",NA,NA,NA,NA,NA
"T0224_REC_16S","T0224_REC","16S","SeqCoast Genomics",NA,NA,"Illumina",NA,"2x300 bp",NA,NA,NA,"planned",NA,NA,NA,NA,NA
"T0224_REC_ITS2","T0224_REC","ITS2","SeqCoast Genomics",NA,NA,"Illumina",NA,"2x300 bp",NA,NA,NA,"planned",NA,NA,NA,NA,NA
"T0224_FIN_16S","T0224_FIN","16S","SeqCoast Genomics",NA,NA,"Illumina",NA,"2x300 bp",NA,NA,NA,"planned",NA,NA,NA,NA,NA
"T0224_FIN_ITS2","T0224_FIN","ITS2","SeqCoast Genomics",NA,NA,"Illumina",NA,"2x300 bp",NA,NA,NA,"planned",NA,NA,NA,NA,NA
"T0225_DON_16S","T0225_DON","16S","SeqCoast Genomics",NA,NA,"Illumina",NA,"2x300 bp",NA,NA,NA,"planned",NA,NA,NA,NA,NA
"T0225_DON_ITS2","T0225_DON","ITS2","SeqCoast Genomics",NA,NA,"Illumina",NA,"2x300 bp",NA,NA,NA,"planned",NA,NA,NA,NA,NA
"T0225_REC_16S","T0225_REC","16S","SeqCoast Genomics",NA,NA,"Illumina",NA,"2x300 bp",NA,NA,NA,"planned",NA,NA,NA,NA,NA
"T0225_REC_ITS2","T0225_REC","ITS2","SeqCoast Genomics",NA,NA,"Illumina",NA,"2x300 bp",NA,NA,NA,"planned",NA,NA,NA,NA,NA
"T0225_FIN_16S","T0225_FIN","16S","SeqCoast Genomics",NA,NA,"Illumina",NA,"2x300 bp",NA,NA,NA,"planned",NA,NA,NA,NA,NA
"T0225_FIN_ITS2","T0225_FIN","ITS2","SeqCoast Genomics",NA,NA,"Illumina",NA,"2x300 bp",NA,NA,NA,"planned",NA,NA,NA,NA,NA
"T0226_DON_16S","T0226_DON","16S","SeqCoast Genomics",NA,NA,"Illumina",NA,"2x300 bp",NA,NA,NA,"planned",NA,NA,NA,NA,NA
"T0226_DON_ITS2","T0226_DON","ITS2","SeqCoast Genomics",NA,NA,"Illumina",NA,"2x300 bp",NA,NA,NA,"planned",NA,NA,NA,NA,NA
"T0226_REC_16S","T0226_REC","16S","SeqCoast Genomics",NA,NA,"Illumina",NA,"2x300 bp",NA,NA,NA,"planned",NA,NA,NA,NA,NA
"T0226_REC_ITS2","T0226_REC","ITS2","SeqCoast Genomics",NA,NA,"Illumina",NA,"2x300 bp",NA,NA,NA,"planned",NA,NA,NA,NA,NA
"T0226_FIN_16S","T0226_FIN","16S","SeqCoast Genomics",NA,NA,"Illumina",NA,"2x300 bp",NA,NA,NA,"planned",NA,NA,NA,NA,NA
"T0226_FIN_ITS2","T0226_FIN","ITS2","SeqCoast Genomics",NA,NA,"Illumina",NA,"2x300 bp",NA,NA,NA,"planned",NA,NA,NA,NA,NA
"T0227_DON_16S","T0227_DON","16S","SeqCoast Genomics",NA,NA,"Illumina",NA,"2x300 bp",NA,NA,NA,"planned",NA,NA,NA,NA,NA
"T0227_DON_ITS2","T0227_DON","ITS2","SeqCoast Genomics",NA,NA,"Illumina",NA,"2x300 bp",NA,NA,NA,"planned",NA,NA,NA,NA,NA
"T0227_REC_16S","T0227_REC","16S","SeqCoast Genomics",NA,NA,"Illumina",NA,"2x300 bp",NA,NA,NA,"planned",NA,NA,NA,NA,NA
"T0227_REC_ITS2","T0227_REC","ITS2","SeqCoast Genomics",NA,NA,"Illumina",NA,"2x300 bp",NA,NA,NA,"planned",NA,NA,NA,NA,NA
"T0227_FIN_16S","T0227_FIN","16S","SeqCoast Genomics",NA,NA,"Illumina",NA,"2x300 bp",NA,NA,NA,"planned",NA,NA,NA,NA,NA
"T0227_FIN_ITS2","T0227_FIN","ITS2","SeqCoast Genomics",NA,NA,"Illumina",NA,"2x300 bp",NA,NA,NA,"planned",NA,NA,NA,NA,NA
"T0228_DON_16S","T0228_DON","16S","SeqCoast Genomics",NA,NA,"Illumina",NA,"2x300 bp",NA,NA,NA,"planned",NA,NA,NA,NA,NA
"T0228_DON_ITS2","T0228_DON","ITS2","SeqCoast Genomics",NA,NA,"Illumina",NA,"2x300 bp",NA,NA,NA,"planned",NA,NA,NA,NA,NA
"T0228_REC_16S","T0228_REC","16S","SeqCoast Genomics",NA,NA,"Illumina",NA,"2x300 bp",NA,NA,NA,"planned",NA,NA,NA,NA,NA
"T0228_REC_ITS2","T0228_REC","ITS2","SeqCoast Genomics",NA,NA,"Illumina",NA,"2x300 bp",NA,NA,NA,"planned",NA,NA,NA,NA,NA
"T0228_FIN_16S","T0228_FIN","16S","SeqCoast Genomics",NA,NA,"Illumina",NA,"2x300 bp",NA,NA,NA,"planned",NA,NA,NA,NA,NA
"T0228_FIN_ITS2","T0228_FIN","ITS2","SeqCoast Genomics",NA,NA,"Illumina",NA,"2x300 bp",NA,NA,NA,"planned",NA,NA,NA,NA,NA
"T0229_DON_16S","T0229_DON","16S","SeqCoast Genomics",NA,NA,"Illumina",NA,"2x300 bp",NA,NA,NA,"planned",NA,NA,NA,NA,NA
"T0229_DON_ITS2","T0229_DON","ITS2","SeqCoast Genomics",NA,NA,"Illumina",NA,"2x300 bp",NA,NA,NA,"planned",NA,NA,NA,NA,NA
"T0229_REC_16S","T0229_REC","16S","SeqCoast Genomics",NA,NA,"Illumina",NA,"2x300 bp",NA,NA,NA,"planned",NA,NA,NA,NA,NA
"T0229_REC_ITS2","T0229_REC","ITS2","SeqCoast Genomics",NA,NA,"Illumina",NA,"2x300 bp",NA,NA,NA,"planned",NA,NA,NA,NA,NA
"T0229_FIN_16S","T0229_FIN","16S","SeqCoast Genomics",NA,NA,"Illumina",NA,"2x300 bp",NA,NA,NA,"planned",NA,NA,NA,NA,NA
"T0229_FIN_ITS2","T0229_FIN","ITS2","SeqCoast Genomics",NA,NA,"Illumina",NA,"2x300 bp",NA,NA,NA,"planned",NA,NA,NA,NA,NA
"T0230_DON_16S","T0230_DON","16S","SeqCoast Genomics",NA,NA,"Illumina",NA,"2x300 bp",NA,NA,NA,"planned",NA,NA,NA,NA,NA
"T0230_DON_ITS2","T0230_DON","ITS2","SeqCoast Genomics",NA,NA,"Illumina",NA,"2x300 bp",NA,NA,NA,"planned",NA,NA,NA,NA,NA
"T0230_REC_16S","T0230_REC","16S","SeqCoast Genomics",NA,NA,"Illumina",NA,"2x300 bp",NA,NA,NA,"planned",NA,NA,NA,NA,NA
"T0230_REC_ITS2","T0230_REC","ITS2","SeqCoast Genomics",NA,NA,"Illumina",NA,"2x300 bp",NA,NA,NA,"planned",NA,NA,NA,NA,NA
"T0230_FIN_16S","T0230_FIN","16S","SeqCoast Genomics",NA,NA,"Illumina",NA,"2x300 bp",NA,NA,NA,"planned",NA,NA,NA,NA,NA
"T0230_FIN_ITS2","T0230_FIN","ITS2","SeqCoast Genomics",NA,NA,"Illumina",NA,"2x300 bp",NA,NA,NA,"planned",NA,NA,NA,NA,NA
"T0231_DON_16S","T0231_DON","16S","SeqCoast Genomics",NA,NA,"Illumina",NA,"2x300 bp",NA,NA,NA,"planned",NA,NA,NA,NA,NA
"T0231_DON_ITS2","T0231_DON","ITS2","SeqCoast Genomics",NA,NA,"Illumina",NA,"2x300 bp",NA,NA,NA,"planned",NA,NA,NA,NA,NA
"T0231_REC_16S","T0231_REC","16S","SeqCoast Genomics",NA,NA,"Illumina",NA,"2x300 bp",NA,NA,NA,"planned",NA,NA,NA,NA,NA
"T0231_REC_ITS2","T0231_REC","ITS2","SeqCoast Genomics",NA,NA,"Illumina",NA,"2x300 bp",NA,NA,NA,"planned",NA,NA,NA,NA,NA
"T0231_FIN_16S","T0231_FIN","16S","SeqCoast Genomics",NA,NA,"Illumina",NA,"2x300 bp",NA,NA,NA,"planned",NA,NA,NA,NA,NA
"T0231_FIN_ITS2","T0231_FIN","ITS2","SeqCoast Genomics",NA,NA,"Illumina",NA,"2x300 bp",NA,NA,NA,"planned",NA,NA,NA,NA,NA
"T0232_DON_16S","T0232_DON","16S","SeqCoast Genomics",NA,NA,"Illumina",NA,"2x300 bp",NA,NA,NA,"planned",NA,NA,NA,NA,NA
"T0232_DON_ITS2","T0232_DON","ITS2","SeqCoast Genomics",NA,NA,"Illumina",NA,"2x300 bp",NA,NA,NA,"planned",NA,NA,NA,NA,NA
"T0232_REC_16S","T0232_REC","16S","SeqCoast Genomics",NA,NA,"Illumina",NA,"2x300 bp",NA,NA,NA,"planned",NA,NA,NA,NA,NA
"T0232_REC_ITS2","T0232_REC","ITS2","SeqCoast Genomics",NA,NA,"Illumina",NA,"2x300 bp",NA,NA,NA,"planned",NA,NA,NA,NA,NA
"T0232_FIN_16S","T0232_FIN","16S","SeqCoast Genomics",NA,NA,"Illumina",NA,"2x300 bp",NA,NA,NA,"planned",NA,NA,NA,NA,NA
"T0232_FIN_ITS2","T0232_FIN","ITS2","SeqCoast Genomics",NA,NA,"Illumina",NA,"2x300 bp",NA,NA,NA,"planned",NA,NA,NA,NA,NA
"T0233_DON_16S","T0233_DON","16S","SeqCoast Genomics",NA,NA,"Illumina",NA,"2x300 bp",NA,NA,NA,"planned",NA,NA,NA,NA,NA
"T0233_DON_ITS2","T0233_DON","ITS2","SeqCoast Genomics",NA,NA,"Illumina",NA,"2x300 bp",NA,NA,NA,"planned",NA,NA,NA,NA,NA
"T0233_REC_16S","T0233_REC","16S","SeqCoast Genomics",NA,NA,"Illumina",NA,"2x300 bp",NA,NA,NA,"planned",NA,NA,NA,NA,NA
"T0233_REC_ITS2","T0233_REC","ITS2","SeqCoast Genomics",NA,NA,"Illumina",NA,"2x300 bp",NA,NA,NA,"planned",NA,NA,NA,NA,NA
"T0233_FIN_16S","T0233_FIN","16S","SeqCoast Genomics",NA,NA,"Illumina",NA,"2x300 bp",NA,NA,NA,"planned",NA,NA,NA,NA,NA
"T0233_FIN_ITS2","T0233_FIN","ITS2","SeqCoast Genomics",NA,NA,"Illumina",NA,"2x300 bp",NA,NA,NA,"planned",NA,NA,NA,NA,NA
"T0234_DON_16S","T0234_DON","16S","SeqCoast Genomics",NA,NA,"Illumina",NA,"2x300 bp",NA,NA,NA,"planned",NA,NA,NA,NA,NA
"T0234_DON_ITS2","T0234_DON","ITS2","SeqCoast Genomics",NA,NA,"Illumina",NA,"2x300 bp",NA,NA,NA,"planned",NA,NA,NA,NA,NA
"T0234_REC_16S","T0234_REC","16S","SeqCoast Genomics",NA,NA,"Illumina",NA,"2x300 bp",NA,NA,NA,"planned",NA,NA,NA,NA,NA
"T0234_REC_ITS2","T0234_REC","ITS2","SeqCoast Genomics",NA,NA,"Illumina",NA,"2x300 bp",NA,NA,NA,"planned",NA,NA,NA,NA,NA
"T0234_FIN_16S","T0234_FIN","16S","SeqCoast Genomics",NA,NA,"Illumina",NA,"2x300 bp",NA,NA,NA,"planned",NA,NA,NA,NA,NA
"T0234_FIN_ITS2","T0234_FIN","ITS2","SeqCoast Genomics",NA,NA,"Illumina",NA,"2x300 bp",NA,NA,NA,"planned",NA,NA,NA,NA,NA
"T0235_DON_16S","T0235_DON","16S","SeqCoast Genomics",NA,NA,"Illumina",NA,"2x300 bp",NA,NA,NA,"planned",NA,NA,NA,NA,NA
"T0235_DON_ITS2","T0235_DON","ITS2","SeqCoast Genomics",NA,NA,"Illumina",NA,"2x300 bp",NA,NA,NA,"planned",NA,NA,NA,NA,NA
"T0235_REC_16S","T0235_REC","16S","SeqCoast Genomics",NA,NA,"Illumina",NA,"2x300 bp",NA,NA,NA,"planned",NA,NA,NA,NA,NA
"T0235_REC_ITS2","T0235_REC","ITS2","SeqCoast Genomics",NA,NA,"Illumina",NA,"2x300 bp",NA,NA,NA,"planned",NA,NA,NA,NA,NA
"T0235_FIN_16S","T0235_FIN","16S","SeqCoast Genomics",NA,NA,"Illumina",NA,"2x300 bp",NA,NA,NA,"planned",NA,NA,NA,NA,NA
"T0235_FIN_ITS2","T0235_FIN","ITS2","SeqCoast Genomics",NA,NA,"Illumina",NA,"2x300 bp",NA,NA,NA,"planned",NA,NA,NA,NA,NA
"T0236_DON_16S","T0236_DON","16S","SeqCoast Genomics",NA,NA,"Illumina",NA,"2x300 bp",NA,NA,NA,"planned",NA,NA,NA,NA,NA
"T0236_DON_ITS2","T0236_DON","ITS2","SeqCoast Genomics",NA,NA,"Illumina",NA,"2x300 bp",NA,NA,NA,"planned",NA,NA,NA,NA,NA
"T0236_REC_16S","T0236_REC","16S","SeqCoast Genomics",NA,NA,"Illumina",NA,"2x300 bp",NA,NA,NA,"planned",NA,NA,NA,NA,NA
"T0236_REC_ITS2","T0236_REC","ITS2","SeqCoast Genomics",NA,NA,"Illumina",NA,"2x300 bp",NA,NA,NA,"planned",NA,NA,NA,NA,NA
"T0236_FIN_16S","T0236_FIN","16S","SeqCoast Genomics",NA,NA,"Illumina",NA,"2x300 bp",NA,NA,NA,"planned",NA,NA,NA,NA,NA
"T0236_FIN_ITS2","T0236_FIN","ITS2","SeqCoast Genomics",NA,NA,"Illumina",NA,"2x300 bp",NA,NA,NA,"planned",NA,NA,NA,NA,NA
"T0237_DON_16S","T0237_DON","16S","SeqCoast Genomics",NA,NA,"Illumina",NA,"2x300 bp",NA,NA,NA,"planned",NA,NA,NA,NA,NA
"T0237_DON_ITS2","T0237_DON","ITS2","SeqCoast Genomics",NA,NA,"Illumina",NA,"2x300 bp",NA,NA,NA,"planned",NA,NA,NA,NA,NA
"T0237_REC_16S","T0237_REC","16S","SeqCoast Genomics",NA,NA,"Illumina",NA,"2x300 bp",NA,NA,NA,"planned",NA,NA,NA,NA,NA
"T0237_REC_ITS2","T0237_REC","ITS2","SeqCoast Genomics",NA,NA,"Illumina",NA,"2x300 bp",NA,NA,NA,"planned",NA,NA,NA,NA,NA
"T0237_FIN_16S","T0237_FIN","16S","SeqCoast Genomics",NA,NA,"Illumina",NA,"2x300 bp",NA,NA,NA,"planned",NA,NA,NA,NA,NA
"T0237_FIN_ITS2","T0237_FIN","ITS2","SeqCoast Genomics",NA,NA,"Illumina",NA,"2x300 bp",NA,NA,NA,"planned",NA,NA,NA,NA,NA
"T0238_DON_16S","T0238_DON","16S","SeqCoast Genomics",NA,NA,"Illumina",NA,"2x300 bp",NA,NA,NA,"planned",NA,NA,NA,NA,NA
"T0238_DON_ITS2","T0238_DON","ITS2","SeqCoast Genomics",NA,NA,"Illumina",NA,"2x300 bp",NA,NA,NA,"planned",NA,NA,NA,NA,NA
"T0238_REC_16S","T0238_REC","16S","SeqCoast Genomics",NA,NA,"Illumina",NA,"2x300 bp",NA,NA,NA,"planned",NA,NA,NA,NA,NA
"T0238_REC_ITS2","T0238_REC","ITS2","SeqCoast Genomics",NA,NA,"Illumina",NA,"2x300 bp",NA,NA,NA,"planned",NA,NA,NA,NA,NA
"T0238_FIN_16S","T0238_FIN","16S","SeqCoast Genomics",NA,NA,"Illumina",NA,"2x300 bp",NA,NA,NA,"planned",NA,NA,NA,NA,NA
"T0238_FIN_ITS2","T0238_FIN","ITS2","SeqCoast Genomics",NA,NA,"Illumina",NA,"2x300 bp",NA,NA,NA,"planned",NA,NA,NA,NA,NA
"T0239_DON_16S","T0239_DON","16S","SeqCoast Genomics",NA,NA,"Illumina",NA,"2x300 bp",NA,NA,NA,"planned",NA,NA,NA,NA,NA
"T0239_DON_ITS2","T0239_DON","ITS2","SeqCoast Genomics",NA,NA,"Illumina",NA,"2x300 bp",NA,NA,NA,"planned",NA,NA,NA,NA,NA
"T0239_REC_16S","T0239_REC","16S","SeqCoast Genomics",NA,NA,"Illumina",NA,"2x300 bp",NA,NA,NA,"planned",NA,NA,NA,NA,NA
"T0239_REC_ITS2","T0239_REC","ITS2","SeqCoast Genomics",NA,NA,"Illumina",NA,"2x300 bp",NA,NA,NA,"planned",NA,NA,NA,NA,NA
"T0239_FIN_16S","T0239_FIN","16S","SeqCoast Genomics",NA,NA,"Illumina",NA,"2x300 bp",NA,NA,NA,"planned",NA,NA,NA,NA,NA
"T0239_FIN_ITS2","T0239_FIN","ITS2","SeqCoast Genomics",NA,NA,"Illumina",NA,"2x300 bp",NA,NA,NA,"planned",NA,NA,NA,NA,NA
"T0240_DON_16S","T0240_DON","16S","SeqCoast Genomics",NA,NA,"Illumina",NA,"2x300 bp",NA,NA,NA,"planned",NA,NA,NA,NA,NA
"T0240_DON_ITS2","T0240_DON","ITS2","SeqCoast Genomics",NA,NA,"Illumina",NA,"2x300 bp",NA,NA,NA,"planned",NA,NA,NA,NA,NA
"T0240_REC_16S","T0240_REC","16S","SeqCoast Genomics",NA,NA,"Illumina",NA,"2x300 bp",NA,NA,NA,"planned",NA,NA,NA,NA,NA
"T0240_REC_ITS2","T0240_REC","ITS2","SeqCoast Genomics",NA,NA,"Illumina",NA,"2x300 bp",NA,NA,NA,"planned",NA,NA,NA,NA,NA
"T0240_FIN_16S","T0240_FIN","16S","SeqCoast Genomics",NA,NA,"Illumina",NA,"2x300 bp",NA,NA,NA,"planned",NA,NA,NA,NA,NA
"T0240_FIN_ITS2","T0240_FIN","ITS2","SeqCoast Genomics",NA,NA,"Illumina",NA,"2x300 bp",NA,NA,NA,"planned",NA,NA,NA,NA,NA
"T0241_DON_16S","T0241_DON","16S","SeqCoast Genomics",NA,NA,"Illumina",NA,"2x300 bp",NA,NA,NA,"planned",NA,NA,NA,NA,NA
"T0241_DON_ITS2","T0241_DON","ITS2","SeqCoast Genomics",NA,NA,"Illumina",NA,"2x300 bp",NA,NA,NA,"planned",NA,NA,NA,NA,NA
"T0241_REC_16S","T0241_REC","16S","SeqCoast Genomics",NA,NA,"Illumina",NA,"2x300 bp",NA,NA,NA,"planned",NA,NA,NA,NA,NA
"T0241_REC_ITS2","T0241_REC","ITS2","SeqCoast Genomics",NA,NA,"Illumina",NA,"2x300 bp",NA,NA,NA,"planned",NA,NA,NA,NA,NA
"T0241_FIN_16S","T0241_FIN","16S","SeqCoast Genomics",NA,NA,"Illumina",NA,"2x300 bp",NA,NA,NA,"planned",NA,NA,NA,NA,NA
"T0241_FIN_ITS2","T0241_FIN","ITS2","SeqCoast Genomics",NA,NA,"Illumina",NA,"2x300 bp",NA,NA,NA,"planned",NA,NA,NA,NA,NA
"T0242_DON_16S","T0242_DON","16S","SeqCoast Genomics",NA,NA,"Illumina",NA,"2x300 bp",NA,NA,NA,"planned",NA,NA,NA,NA,NA
"T0242_DON_ITS2","T0242_DON","ITS2","SeqCoast Genomics",NA,NA,"Illumina",NA,"2x300 bp",NA,NA,NA,"planned",NA,NA,NA,NA,NA
"T0242_REC_16S","T0242_REC","16S","SeqCoast Genomics",NA,NA,"Illumina",NA,"2x300 bp",NA,NA,NA,"planned",NA,NA,NA,NA,NA
"T0242_REC_ITS2","T0242_REC","ITS2","SeqCoast Genomics",NA,NA,"Illumina",NA,"2x300 bp",NA,NA,NA,"planned",NA,NA,NA,NA,NA
"T0242_FIN_16S","T0242_FIN","16S","SeqCoast Genomics",NA,NA,"Illumina",NA,"2x300 bp",NA,NA,NA,"planned",NA,NA,NA,NA,NA
"T0242_FIN_ITS2","T0242_FIN","ITS2","SeqCoast Genomics",NA,NA,"Illumina",NA,"2x300 bp",NA,NA,NA,"planned",NA,NA,NA,NA,NA
"T0243_DON_16S","T0243_DON","16S","SeqCoast Genomics",NA,NA,"Illumina",NA,"2x300 bp",NA,NA,NA,"planned",NA,NA,NA,NA,NA
"T0243_DON_ITS2","T0243_DON","ITS2","SeqCoast Genomics",NA,NA,"Illumina",NA,"2x300 bp",NA,NA,NA,"planned",NA,NA,NA,NA,NA
"T0243_REC_16S","T0243_REC","16S","SeqCoast Genomics",NA,NA,"Illumina",NA,"2x300 bp",NA,NA,NA,"planned",NA,NA,NA,NA,NA
"T0243_REC_ITS2","T0243_REC","ITS2","SeqCoast Genomics",NA,NA,"Illumina",NA,"2x300 bp",NA,NA,NA,"planned",NA,NA,NA,NA,NA
"T0243_FIN_16S","T0243_FIN","16S","SeqCoast Genomics",NA,NA,"Illumina",NA,"2x300 bp",NA,NA,NA,"planned",NA,NA,NA,NA,NA
"T0243_FIN_ITS2","T0243_FIN","ITS2","SeqCoast Genomics",NA,NA,"Illumina",NA,"2x300 bp",NA,NA,NA,"planned",NA,NA,NA,NA,NA
"T0244_DON_16S","T0244_DON","16S","SeqCoast Genomics",NA,NA,"Illumina",NA,"2x300 bp",NA,NA,NA,"planned",NA,NA,NA,NA,NA
"T0244_DON_ITS2","T0244_DON","ITS2","SeqCoast Genomics",NA,NA,"Illumina",NA,"2x300 bp",NA,NA,NA,"planned",NA,NA,NA,NA,NA
"T0244_REC_16S","T0244_REC","16S","SeqCoast Genomics",NA,NA,"Illumina",NA,"2x300 bp",NA,NA,NA,"planned",NA,NA,NA,NA,NA
"T0244_REC_ITS2","T0244_REC","ITS2","SeqCoast Genomics",NA,NA,"Illumina",NA,"2x300 bp",NA,NA,NA,"planned",NA,NA,NA,NA,NA
"T0244_FIN_16S","T0244_FIN","16S","SeqCoast Genomics",NA,NA,"Illumina",NA,"2x300 bp",NA,NA,NA,"planned",NA,NA,NA,NA,NA
"T0244_FIN_ITS2","T0244_FIN","ITS2","SeqCoast Genomics",NA,NA,"Illumina",NA,"2x300 bp",NA,NA,NA,"planned",NA,NA,NA,NA,NA
"T0245_DON_16S","T0245_DON","16S","SeqCoast Genomics",NA,NA,"Illumina",NA,"2x300 bp",NA,NA,NA,"planned",NA,NA,NA,NA,NA
"T0245_DON_ITS2","T0245_DON","ITS2","SeqCoast Genomics",NA,NA,"Illumina",NA,"2x300 bp",NA,NA,NA,"planned",NA,NA,NA,NA,NA
"T0245_REC_16S","T0245_REC","16S","SeqCoast Genomics",NA,NA,"Illumina",NA,"2x300 bp",NA,NA,NA,"planned",NA,NA,NA,NA,NA
"T0245_REC_ITS2","T0245_REC","ITS2","SeqCoast Genomics",NA,NA,"Illumina",NA,"2x300 bp",NA,NA,NA,"planned",NA,NA,NA,NA,NA
"T0245_FIN_16S","T0245_FIN","16S","SeqCoast Genomics",NA,NA,"Illumina",NA,"2x300 bp",NA,NA,NA,"planned",NA,NA,NA,NA,NA
"T0245_FIN_ITS2","T0245_FIN","ITS2","SeqCoast Genomics",NA,NA,"Illumina",NA,"2x300 bp",NA,NA,NA,"planned",NA,NA,NA,NA,NA
"T0246_DON_16S","T0246_DON","16S","SeqCoast Genomics",NA,NA,"Illumina",NA,"2x300 bp",NA,NA,NA,"planned",NA,NA,NA,NA,NA
"T0246_DON_ITS2","T0246_DON","ITS2","SeqCoast Genomics",NA,NA,"Illumina",NA,"2x300 bp",NA,NA,NA,"planned",NA,NA,NA,NA,NA
"T0246_REC_16S","T0246_REC","16S","SeqCoast Genomics",NA,NA,"Illumina",NA,"2x300 bp",NA,NA,NA,"planned",NA,NA,NA,NA,NA
"T0246_REC_ITS2","T0246_REC","ITS2","SeqCoast Genomics",NA,NA,"Illumina",NA,"2x300 bp",NA,NA,NA,"planned",NA,NA,NA,NA,NA
"T0246_FIN_16S","T0246_FIN","16S","SeqCoast Genomics",NA,NA,"Illumina",NA,"2x300 bp",NA,NA,NA,"planned",NA,NA,NA,NA,NA
"T0246_FIN_ITS2","T0246_FIN","ITS2","SeqCoast Genomics",NA,NA,"Illumina",NA,"2x300 bp",NA,NA,NA,"planned",NA,NA,NA,NA,NA
"T0247_DON_16S","T0247_DON","16S","SeqCoast Genomics",NA,NA,"Illumina",NA,"2x300 bp",NA,NA,NA,"planned",NA,NA,NA,NA,NA
"T0247_DON_ITS2","T0247_DON","ITS2","SeqCoast Genomics",NA,NA,"Illumina",NA,"2x300 bp",NA,NA,NA,"planned",NA,NA,NA,NA,NA
"T0247_REC_16S","T0247_REC","16S","SeqCoast Genomics",NA,NA,"Illumina",NA,"2x300 bp",NA,NA,NA,"planned",NA,NA,NA,NA,NA
"T0247_REC_ITS2","T0247_REC","ITS2","SeqCoast Genomics",NA,NA,"Illumina",NA,"2x300 bp",NA,NA,NA,"planned",NA,NA,NA,NA,NA
"T0247_FIN_16S","T0247_FIN","16S","SeqCoast Genomics",NA,NA,"Illumina",NA,"2x300 bp",NA,NA,NA,"planned",NA,NA,NA,NA,NA
"T0247_FIN_ITS2","T0247_FIN","ITS2","SeqCoast Genomics",NA,NA,"Illumina",NA,"2x300 bp",NA,NA,NA,"planned",NA,NA,NA,NA,NA
"T0248_DON_16S","T0248_DON","16S","SeqCoast Genomics",NA,NA,"Illumina",NA,"2x300 bp",NA,NA,NA,"planned",NA,NA,NA,NA,NA
"T0248_DON_ITS2","T0248_DON","ITS2","SeqCoast Genomics",NA,NA,"Illumina",NA,"2x300 bp",NA,NA,NA,"planned",NA,NA,NA,NA,NA
"T0248_REC_16S","T0248_REC","16S","SeqCoast Genomics",NA,NA,"Illumina",NA,"2x300 bp",NA,NA,NA,"planned",NA,NA,NA,NA,NA
"T0248_REC_ITS2","T0248_REC","ITS2","SeqCoast Genomics",NA,NA,"Illumina",NA,"2x300 bp",NA,NA,NA,"planned",NA,NA,NA,NA,NA
"T0248_FIN_16S","T0248_FIN","16S","SeqCoast Genomics",NA,NA,"Illumina",NA,"2x300 bp",NA,NA,NA,"planned",NA,NA,NA,NA,NA
"T0248_FIN_ITS2","T0248_FIN","ITS2","SeqCoast Genomics",NA,NA,"Illumina",NA,"2x300 bp",NA,NA,NA,"planned",NA,NA,NA,NA,NA
"T0249_DON_16S","T0249_DON","16S","SeqCoast Genomics",NA,NA,"Illumina",NA,"2x300 bp",NA,NA,NA,"planned",NA,NA,NA,NA,NA
"T0249_DON_ITS2","T0249_DON","ITS2","SeqCoast Genomics",NA,NA,"Illumina",NA,"2x300 bp",NA,NA,NA,"planned",NA,NA,NA,NA,NA
"T0249_REC_16S","T0249_REC","16S","SeqCoast Genomics",NA,NA,"Illumina",NA,"2x300 bp",NA,NA,NA,"planned",NA,NA,NA,NA,NA
"T0249_REC_ITS2","T0249_REC","ITS2","SeqCoast Genomics",NA,NA,"Illumina",NA,"2x300 bp",NA,NA,NA,"planned",NA,NA,NA,NA,NA
"T0249_FIN_16S","T0249_FIN","16S","SeqCoast Genomics",NA,NA,"Illumina",NA,"2x300 bp",NA,NA,NA,"planned",NA,NA,NA,NA,NA
"T0249_FIN_ITS2","T0249_FIN","ITS2","SeqCoast Genomics",NA,NA,"Illumina",NA,"2x300 bp",NA,NA,NA,"planned",NA,NA,NA,NA,NA
"T0250_DON_16S","T0250_DON","16S","SeqCoast Genomics",NA,NA,"Illumina",NA,"2x300 bp",NA,NA,NA,"planned",NA,NA,NA,NA,NA
"T0250_DON_ITS2","T0250_DON","ITS2","SeqCoast Genomics",NA,NA,"Illumina",NA,"2x300 bp",NA,NA,NA,"planned",NA,NA,NA,NA,NA
"T0250_REC_16S","T0250_REC","16S","SeqCoast Genomics",NA,NA,"Illumina",NA,"2x300 bp",NA,NA,NA,"planned",NA,NA,NA,NA,NA
"T0250_REC_ITS2","T0250_REC","ITS2","SeqCoast Genomics",NA,NA,"Illumina",NA,"2x300 bp",NA,NA,NA,"planned",NA,NA,NA,NA,NA
"T0250_FIN_16S","T0250_FIN","16S","SeqCoast Genomics",NA,NA,"Illumina",NA,"2x300 bp",NA,NA,NA,"planned",NA,NA,NA,NA,NA
"T0250_FIN_ITS2","T0250_FIN","ITS2","SeqCoast Genomics",NA,NA,"Illumina",NA,"2x300 bp",NA,NA,NA,"planned",NA,NA,NA,NA,NA
"T0251_DON_16S","T0251_DON","16S","SeqCoast Genomics",NA,NA,"Illumina",NA,"2x300 bp",NA,NA,NA,"planned",NA,NA,NA,NA,NA
"T0251_DON_ITS2","T0251_DON","ITS2","SeqCoast Genomics",NA,NA,"Illumina",NA,"2x300 bp",NA,NA,NA,"planned",NA,NA,NA,NA,NA
"T0251_REC_16S","T0251_REC","16S","SeqCoast Genomics",NA,NA,"Illumina",NA,"2x300 bp",NA,NA,NA,"planned",NA,NA,NA,NA,NA
"T0251_REC_ITS2","T0251_REC","ITS2","SeqCoast Genomics",NA,NA,"Illumina",NA,"2x300 bp",NA,NA,NA,"planned",NA,NA,NA,NA,NA
"T0251_FIN_16S","T0251_FIN","16S","SeqCoast Genomics",NA,NA,"Illumina",NA,"2x300 bp",NA,NA,NA,"planned",NA,NA,NA,NA,NA
"T0251_FIN_ITS2","T0251_FIN","ITS2","SeqCoast Genomics",NA,NA,"Illumina",NA,"2x300 bp",NA,NA,NA,"planned",NA,NA,NA,NA,NA
"T0252_DON_16S","T0252_DON","16S","SeqCoast Genomics",NA,NA,"Illumina",NA,"2x300 bp",NA,NA,NA,"planned",NA,NA,NA,NA,NA
"T0252_DON_ITS2","T0252_DON","ITS2","SeqCoast Genomics",NA,NA,"Illumina",NA,"2x300 bp",NA,NA,NA,"planned",NA,NA,NA,NA,NA
"T0252_REC_16S","T0252_REC","16S","SeqCoast Genomics",NA,NA,"Illumina",NA,"2x300 bp",NA,NA,NA,"planned",NA,NA,NA,NA,NA
"T0252_REC_ITS2","T0252_REC","ITS2","SeqCoast Genomics",NA,NA,"Illumina",NA,"2x300 bp",NA,NA,NA,"planned",NA,NA,NA,NA,NA
"T0252_FIN_16S","T0252_FIN","16S","SeqCoast Genomics",NA,NA,"Illumina",NA,"2x300 bp",NA,NA,NA,"planned",NA,NA,NA,NA,NA
"T0252_FIN_ITS2","T0252_FIN","ITS2","SeqCoast Genomics",NA,NA,"Illumina",NA,"2x300 bp",NA,NA,NA,"planned",NA,NA,NA,NA,NA
"T0253_DON_16S","T0253_DON","16S","SeqCoast Genomics",NA,NA,"Illumina",NA,"2x300 bp",NA,NA,NA,"planned",NA,NA,NA,NA,NA
"T0253_DON_ITS2","T0253_DON","ITS2","SeqCoast Genomics",NA,NA,"Illumina",NA,"2x300 bp",NA,NA,NA,"planned",NA,NA,NA,NA,NA
"T0253_REC_16S","T0253_REC","16S","SeqCoast Genomics",NA,NA,"Illumina",NA,"2x300 bp",NA,NA,NA,"planned",NA,NA,NA,NA,NA
"T0253_REC_ITS2","T0253_REC","ITS2","SeqCoast Genomics",NA,NA,"Illumina",NA,"2x300 bp",NA,NA,NA,"planned",NA,NA,NA,NA,NA
"T0253_FIN_16S","T0253_FIN","16S","SeqCoast Genomics",NA,NA,"Illumina",NA,"2x300 bp",NA,NA,NA,"planned",NA,NA,NA,NA,NA
"T0253_FIN_ITS2","T0253_FIN","ITS2","SeqCoast Genomics",NA,NA,"Illumina",NA,"2x300 bp",NA,NA,NA,"planned",NA,NA,NA,NA,NA
"T0254_DON_16S","T0254_DON","16S","SeqCoast Genomics",NA,NA,"Illumina",NA,"2x300 bp",NA,NA,NA,"planned",NA,NA,NA,NA,NA
"T0254_DON_ITS2","T0254_DON","ITS2","SeqCoast Genomics",NA,NA,"Illumina",NA,"2x300 bp",NA,NA,NA,"planned",NA,NA,NA,NA,NA
"T0254_REC_16S","T0254_REC","16S","SeqCoast Genomics",NA,NA,"Illumina",NA,"2x300 bp",NA,NA,NA,"planned",NA,NA,NA,NA,NA
"T0254_REC_ITS2","T0254_REC","ITS2","SeqCoast Genomics",NA,NA,"Illumina",NA,"2x300 bp",NA,NA,NA,"planned",NA,NA,NA,NA,NA
"T0254_FIN_16S","T0254_FIN","16S","SeqCoast Genomics",NA,NA,"Illumina",NA,"2x300 bp",NA,NA,NA,"planned",NA,NA,NA,NA,NA
"T0254_FIN_ITS2","T0254_FIN","ITS2","SeqCoast Genomics",NA,NA,"Illumina",NA,"2x300 bp",NA,NA,NA,"planned",NA,NA,NA,NA,NA
"T0255_DON_16S","T0255_DON","16S","SeqCoast Genomics",NA,NA,"Illumina",NA,"2x300 bp",NA,NA,NA,"planned",NA,NA,NA,NA,NA
"T0255_DON_ITS2","T0255_DON","ITS2","SeqCoast Genomics",NA,NA,"Illumina",NA,"2x300 bp",NA,NA,NA,"planned",NA,NA,NA,NA,NA
"T0255_REC_16S","T0255_REC","16S","SeqCoast Genomics",NA,NA,"Illumina",NA,"2x300 bp",NA,NA,NA,"planned",NA,NA,NA,NA,NA
"T0255_REC_ITS2","T0255_REC","ITS2","SeqCoast Genomics",NA,NA,"Illumina",NA,"2x300 bp",NA,NA,NA,"planned",NA,NA,NA,NA,NA
"T0255_FIN_16S","T0255_FIN","16S","SeqCoast Genomics",NA,NA,"Illumina",NA,"2x300 bp",NA,NA,NA,"planned",NA,NA,NA,NA,NA
"T0255_FIN_ITS2","T0255_FIN","ITS2","SeqCoast Genomics",NA,NA,"Illumina",NA,"2x300 bp",NA,NA,NA,"planned",NA,NA,NA,NA,NA
"T0256_DON_16S","T0256_DON","16S","SeqCoast Genomics",NA,NA,"Illumina",NA,"2x300 bp",NA,NA,NA,"planned",NA,NA,NA,NA,NA
"T0256_DON_ITS2","T0256_DON","ITS2","SeqCoast Genomics",NA,NA,"Illumina",NA,"2x300 bp",NA,NA,NA,"planned",NA,NA,NA,NA,NA
"T0256_REC_16S","T0256_REC","16S","SeqCoast Genomics",NA,NA,"Illumina",NA,"2x300 bp",NA,NA,NA,"planned",NA,NA,NA,NA,NA
"T0256_REC_ITS2","T0256_REC","ITS2","SeqCoast Genomics",NA,NA,"Illumina",NA,"2x300 bp",NA,NA,NA,"planned",NA,NA,NA,NA,NA
"T0256_FIN_16S","T0256_FIN","16S","SeqCoast Genomics",NA,NA,"Illumina",NA,"2x300 bp",NA,NA,NA,"planned",NA,NA,NA,NA,NA
"T0256_FIN_ITS2","T0256_FIN","ITS2","SeqCoast Genomics",NA,NA,"Illumina",NA,"2x300 bp",NA,NA,NA,"planned",NA,NA,NA,NA,NA
"T0257_DON_16S","T0257_DON","16S","SeqCoast Genomics",NA,NA,"Illumina",NA,"2x300 bp",NA,NA,NA,"planned",NA,NA,NA,NA,NA
"T0257_DON_ITS2","T0257_DON","ITS2","SeqCoast Genomics",NA,NA,"Illumina",NA,"2x300 bp",NA,NA,NA,"planned",NA,NA,NA,NA,NA
"T0257_REC_16S","T0257_REC","16S","SeqCoast Genomics",NA,NA,"Illumina",NA,"2x300 bp",NA,NA,NA,"planned",NA,NA,NA,NA,NA
"T0257_REC_ITS2","T0257_REC","ITS2","SeqCoast Genomics",NA,NA,"Illumina",NA,"2x300 bp",NA,NA,NA,"planned",NA,NA,NA,NA,NA
"T0257_FIN_16S","T0257_FIN","16S","SeqCoast Genomics",NA,NA,"Illumina",NA,"2x300 bp",NA,NA,NA,"planned",NA,NA,NA,NA,NA
"T0257_FIN_ITS2","T0257_FIN","ITS2","SeqCoast Genomics",NA,NA,"Illumina",NA,"2x300 bp",NA,NA,NA,"planned",NA,NA,NA,NA,NA
"T0258_DON_16S","T0258_DON","16S","SeqCoast Genomics",NA,NA,"Illumina",NA,"2x300 bp",NA,NA,NA,"planned",NA,NA,NA,NA,NA
"T0258_DON_ITS2","T0258_DON","ITS2","SeqCoast Genomics",NA,NA,"Illumina",NA,"2x300 bp",NA,NA,NA,"planned",NA,NA,NA,NA,NA
"T0258_REC_16S","T0258_REC","16S","SeqCoast Genomics",NA,NA,"Illumina",NA,"2x300 bp",NA,NA,NA,"planned",NA,NA,NA,NA,NA
"T0258_REC_ITS2","T0258_REC","ITS2","SeqCoast Genomics",NA,NA,"Illumina",NA,"2x300 bp",NA,NA,NA,"planned",NA,NA,NA,NA,NA
"T0258_FIN_16S","T0258_FIN","16S","SeqCoast Genomics",NA,NA,"Illumina",NA,"2x300 bp",NA,NA,NA,"planned",NA,NA,NA,NA,NA
"T0258_FIN_ITS2","T0258_FIN","ITS2","SeqCoast Genomics",NA,NA,"Illumina",NA,"2x300 bp",NA,NA,NA,"planned",NA,NA,NA,NA,NA
"T0259_DON_16S","T0259_DON","16S","SeqCoast Genomics",NA,NA,"Illumina",NA,"2x300 bp",NA,NA,NA,"planned",NA,NA,NA,NA,NA
"T0259_DON_ITS2","T0259_DON","ITS2","SeqCoast Genomics",NA,NA,"Illumina",NA,"2x300 bp",NA,NA,NA,"planned",NA,NA,NA,NA,NA
"T0259_REC_16S","T0259_REC","16S","SeqCoast Genomics",NA,NA,"Illumina",NA,"2x300 bp",NA,NA,NA,"planned",NA,NA,NA,NA,NA
"T0259_REC_ITS2","T0259_REC","ITS2","SeqCoast Genomics",NA,NA,"Illumina",NA,"2x300 bp",NA,NA,NA,"planned",NA,NA,NA,NA,NA
"T0259_FIN_16S","T0259_FIN","16S","SeqCoast Genomics",NA,NA,"Illumina",NA,"2x300 bp",NA,NA,NA,"planned",NA,NA,NA,NA,NA
"T0259_FIN_ITS2","T0259_FIN","ITS2","SeqCoast Genomics",NA,NA,"Illumina",NA,"2x300 bp",NA,NA,NA,"planned",NA,NA,NA,NA,NA
"T0260_DON_16S","T0260_DON","16S","SeqCoast Genomics",NA,NA,"Illumina",NA,"2x300 bp",NA,NA,NA,"planned",NA,NA,NA,NA,NA
"T0260_DON_ITS2","T0260_DON","ITS2","SeqCoast Genomics",NA,NA,"Illumina",NA,"2x300 bp",NA,NA,NA,"planned",NA,NA,NA,NA,NA
"T0260_REC_16S","T0260_REC","16S","SeqCoast Genomics",NA,NA,"Illumina",NA,"2x300 bp",NA,NA,NA,"planned",NA,NA,NA,NA,NA
"T0260_REC_ITS2","T0260_REC","ITS2","SeqCoast Genomics",NA,NA,"Illumina",NA,"2x300 bp",NA,NA,NA,"planned",NA,NA,NA,NA,NA
"T0260_FIN_16S","T0260_FIN","16S","SeqCoast Genomics",NA,NA,"Illumina",NA,"2x300 bp",NA,NA,NA,"planned",NA,NA,NA,NA,NA
"T0260_FIN_ITS2","T0260_FIN","ITS2","SeqCoast Genomics",NA,NA,"Illumina",NA,"2x300 bp",NA,NA,NA,"planned",NA,NA,NA,NA,NA
"T0261_DON_16S","T0261_DON","16S","SeqCoast Genomics",NA,NA,"Illumina",NA,"2x300 bp",NA,NA,NA,"planned",NA,NA,NA,NA,NA
"T0261_DON_ITS2","T0261_DON","ITS2","SeqCoast Genomics",NA,NA,"Illumina",NA,"2x300 bp",NA,NA,NA,"planned",NA,NA,NA,NA,NA
"T0261_REC_16S","T0261_REC","16S","SeqCoast Genomics",NA,NA,"Illumina",NA,"2x300 bp",NA,NA,NA,"planned",NA,NA,NA,NA,NA
"T0261_REC_ITS2","T0261_REC","ITS2","SeqCoast Genomics",NA,NA,"Illumina",NA,"2x300 bp",NA,NA,NA,"planned",NA,NA,NA,NA,NA
"T0261_FIN_16S","T0261_FIN","16S","SeqCoast Genomics",NA,NA,"Illumina",NA,"2x300 bp",NA,NA,NA,"planned",NA,NA,NA,NA,NA
"T0261_FIN_ITS2","T0261_FIN","ITS2","SeqCoast Genomics",NA,NA,"Illumina",NA,"2x300 bp",NA,NA,NA,"planned",NA,NA,NA,NA,NA
"T0262_DON_16S","T0262_DON","16S","SeqCoast Genomics",NA,NA,"Illumina",NA,"2x300 bp",NA,NA,NA,"planned",NA,NA,NA,NA,NA
"T0262_DON_ITS2","T0262_DON","ITS2","SeqCoast Genomics",NA,NA,"Illumina",NA,"2x300 bp",NA,NA,NA,"planned",NA,NA,NA,NA,NA
"T0262_REC_16S","T0262_REC","16S","SeqCoast Genomics",NA,NA,"Illumina",NA,"2x300 bp",NA,NA,NA,"planned",NA,NA,NA,NA,NA
"T0262_REC_ITS2","T0262_REC","ITS2","SeqCoast Genomics",NA,NA,"Illumina",NA,"2x300 bp",NA,NA,NA,"planned",NA,NA,NA,NA,NA
"T0262_FIN_16S","T0262_FIN","16S","SeqCoast Genomics",NA,NA,"Illumina",NA,"2x300 bp",NA,NA,NA,"planned",NA,NA,NA,NA,NA
"T0262_FIN_ITS2","T0262_FIN","ITS2","SeqCoast Genomics",NA,NA,"Illumina",NA,"2x300 bp",NA,NA,NA,"planned",NA,NA,NA,NA,NA
"T0263_DON_16S","T0263_DON","16S","SeqCoast Genomics",NA,NA,"Illumina",NA,"2x300 bp",NA,NA,NA,"planned",NA,NA,NA,NA,NA
"T0263_DON_ITS2","T0263_DON","ITS2","SeqCoast Genomics",NA,NA,"Illumina",NA,"2x300 bp",NA,NA,NA,"planned",NA,NA,NA,NA,NA
"T0263_REC_16S","T0263_REC","16S","SeqCoast Genomics",NA,NA,"Illumina",NA,"2x300 bp",NA,NA,NA,"planned",NA,NA,NA,NA,NA
"T0263_REC_ITS2","T0263_REC","ITS2","SeqCoast Genomics",NA,NA,"Illumina",NA,"2x300 bp",NA,NA,NA,"planned",NA,NA,NA,NA,NA
"T0263_FIN_16S","T0263_FIN","16S","SeqCoast Genomics",NA,NA,"Illumina",NA,"2x300 bp",NA,NA,NA,"planned",NA,NA,NA,NA,NA
"T0263_FIN_ITS2","T0263_FIN","ITS2","SeqCoast Genomics",NA,NA,"Illumina",NA,"2x300 bp",NA,NA,NA,"planned",NA,NA,NA,NA,NA
"T0264_DON_16S","T0264_DON","16S","SeqCoast Genomics",NA,NA,"Illumina",NA,"2x300 bp",NA,NA,NA,"planned",NA,NA,NA,NA,NA
"T0264_DON_ITS2","T0264_DON","ITS2","SeqCoast Genomics",NA,NA,"Illumina",NA,"2x300 bp",NA,NA,NA,"planned",NA,NA,NA,NA,NA
"T0264_REC_16S","T0264_REC","16S","SeqCoast Genomics",NA,NA,"Illumina",NA,"2x300 bp",NA,NA,NA,"planned",NA,NA,NA,NA,NA
"T0264_REC_ITS2","T0264_REC","ITS2","SeqCoast Genomics",NA,NA,"Illumina",NA,"2x300 bp",NA,NA,NA,"planned",NA,NA,NA,NA,NA
"T0264_FIN_16S","T0264_FIN","16S","SeqCoast Genomics",NA,NA,"Illumina",NA,"2x300 bp",NA,NA,NA,"planned",NA,NA,NA,NA,NA
"T0264_FIN_ITS2","T0264_FIN","ITS2","SeqCoast Genomics",NA,NA,"Illumina",NA,"2x300 bp",NA,NA,NA,"planned",NA,NA,NA,NA,NA
"T0265_DON_16S","T0265_DON","16S","SeqCoast Genomics",NA,NA,"Illumina",NA,"2x300 bp",NA,NA,NA,"planned",NA,NA,NA,NA,NA
"T0265_DON_ITS2","T0265_DON","ITS2","SeqCoast Genomics",NA,NA,"Illumina",NA,"2x300 bp",NA,NA,NA,"planned",NA,NA,NA,NA,NA
"T0265_REC_16S","T0265_REC","16S","SeqCoast Genomics",NA,NA,"Illumina",NA,"2x300 bp",NA,NA,NA,"planned",NA,NA,NA,NA,NA
"T0265_REC_ITS2","T0265_REC","ITS2","SeqCoast Genomics",NA,NA,"Illumina",NA,"2x300 bp",NA,NA,NA,"planned",NA,NA,NA,NA,NA
"T0265_FIN_16S","T0265_FIN","16S","SeqCoast Genomics",NA,NA,"Illumina",NA,"2x300 bp",NA,NA,NA,"planned",NA,NA,NA,NA,NA
"T0265_FIN_ITS2","T0265_FIN","ITS2","SeqCoast Genomics",NA,NA,"Illumina",NA,"2x300 bp",NA,NA,NA,"planned",NA,NA,NA,NA,NA
"T0266_DON_16S","T0266_DON","16S","SeqCoast Genomics",NA,NA,"Illumina",NA,"2x300 bp",NA,NA,NA,"planned",NA,NA,NA,NA,NA
"T0266_DON_ITS2","T0266_DON","ITS2","SeqCoast Genomics",NA,NA,"Illumina",NA,"2x300 bp",NA,NA,NA,"planned",NA,NA,NA,NA,NA
"T0266_REC_16S","T0266_REC","16S","SeqCoast Genomics",NA,NA,"Illumina",NA,"2x300 bp",NA,NA,NA,"planned",NA,NA,NA,NA,NA
"T0266_REC_ITS2","T0266_REC","ITS2","SeqCoast Genomics",NA,NA,"Illumina",NA,"2x300 bp",NA,NA,NA,"planned",NA,NA,NA,NA,NA
"T0266_FIN_16S","T0266_FIN","16S","SeqCoast Genomics",NA,NA,"Illumina",NA,"2x300 bp",NA,NA,NA,"planned",NA,NA,NA,NA,NA
"T0266_FIN_ITS2","T0266_FIN","ITS2","SeqCoast Genomics",NA,NA,"Illumina",NA,"2x300 bp",NA,NA,NA,"planned",NA,NA,NA,NA,NA
"T0267_DON_16S","T0267_DON","16S","SeqCoast Genomics",NA,NA,"Illumina",NA,"2x300 bp",NA,NA,NA,"planned",NA,NA,NA,NA,NA
"T0267_DON_ITS2","T0267_DON","ITS2","SeqCoast Genomics",NA,NA,"Illumina",NA,"2x300 bp",NA,NA,NA,"planned",NA,NA,NA,NA,NA
"T0267_REC_16S","T0267_REC","16S","SeqCoast Genomics",NA,NA,"Illumina",NA,"2x300 bp",NA,NA,NA,"planned",NA,NA,NA,NA,NA
"T0267_REC_ITS2","T0267_REC","ITS2","SeqCoast Genomics",NA,NA,"Illumina",NA,"2x300 bp",NA,NA,NA,"planned",NA,NA,NA,NA,NA
"T0267_FIN_16S","T0267_FIN","16S","SeqCoast Genomics",NA,NA,"Illumina",NA,"2x300 bp",NA,NA,NA,"planned",NA,NA,NA,NA,NA
"T0267_FIN_ITS2","T0267_FIN","ITS2","SeqCoast Genomics",NA,NA,"Illumina",NA,"2x300 bp",NA,NA,NA,"planned",NA,NA,NA,NA,NA
"T0268_DON_16S","T0268_DON","16S","SeqCoast Genomics",NA,NA,"Illumina",NA,"2x300 bp",NA,NA,NA,"planned",NA,NA,NA,NA,NA
"T0268_DON_ITS2","T0268_DON","ITS2","SeqCoast Genomics",NA,NA,"Illumina",NA,"2x300 bp",NA,NA,NA,"planned",NA,NA,NA,NA,NA
"T0268_REC_16S","T0268_REC","16S","SeqCoast Genomics",NA,NA,"Illumina",NA,"2x300 bp",NA,NA,NA,"planned",NA,NA,NA,NA,NA
"T0268_REC_ITS2","T0268_REC","ITS2","SeqCoast Genomics",NA,NA,"Illumina",NA,"2x300 bp",NA,NA,NA,"planned",NA,NA,NA,NA,NA
"T0268_FIN_16S","T0268_FIN","16S","SeqCoast Genomics",NA,NA,"Illumina",NA,"2x300 bp",NA,NA,NA,"planned",NA,NA,NA,NA,NA
"T0268_FIN_ITS2","T0268_FIN","ITS2","SeqCoast Genomics",NA,NA,"Illumina",NA,"2x300 bp",NA,NA,NA,"planned",NA,NA,NA,NA,NA
"T0269_DON_16S","T0269_DON","16S","SeqCoast Genomics",NA,NA,"Illumina",NA,"2x300 bp",NA,NA,NA,"planned",NA,NA,NA,NA,NA
"T0269_DON_ITS2","T0269_DON","ITS2","SeqCoast Genomics",NA,NA,"Illumina",NA,"2x300 bp",NA,NA,NA,"planned",NA,NA,NA,NA,NA
"T0269_REC_16S","T0269_REC","16S","SeqCoast Genomics",NA,NA,"Illumina",NA,"2x300 bp",NA,NA,NA,"planned",NA,NA,NA,NA,NA
"T0269_REC_ITS2","T0269_REC","ITS2","SeqCoast Genomics",NA,NA,"Illumina",NA,"2x300 bp",NA,NA,NA,"planned",NA,NA,NA,NA,NA
"T0269_FIN_16S","T0269_FIN","16S","SeqCoast Genomics",NA,NA,"Illumina",NA,"2x300 bp",NA,NA,NA,"planned",NA,NA,NA,NA,NA
"T0269_FIN_ITS2","T0269_FIN","ITS2","SeqCoast Genomics",NA,NA,"Illumina",NA,"2x300 bp",NA,NA,NA,"planned",NA,NA,NA,NA,NA
"T0270_DON_16S","T0270_DON","16S","SeqCoast Genomics",NA,NA,"Illumina",NA,"2x300 bp",NA,NA,NA,"planned",NA,NA,NA,NA,NA
"T0270_DON_ITS2","T0270_DON","ITS2","SeqCoast Genomics",NA,NA,"Illumina",NA,"2x300 bp",NA,NA,NA,"planned",NA,NA,NA,NA,NA
"T0270_REC_16S","T0270_REC","16S","SeqCoast Genomics",NA,NA,"Illumina",NA,"2x300 bp",NA,NA,NA,"planned",NA,NA,NA,NA,NA
"T0270_REC_ITS2","T0270_REC","ITS2","SeqCoast Genomics",NA,NA,"Illumina",NA,"2x300 bp",NA,NA,NA,"planned",NA,NA,NA,NA,NA
"T0270_FIN_16S","T0270_FIN","16S","SeqCoast Genomics",NA,NA,"Illumina",NA,"2x300 bp",NA,NA,NA,"planned",NA,NA,NA,NA,NA
"T0270_FIN_ITS2","T0270_FIN","ITS2","SeqCoast Genomics",NA,NA,"Illumina",NA,"2x300 bp",NA,NA,NA,"planned",NA,NA,NA,NA,NA
"T0271_DON_16S","T0271_DON","16S","SeqCoast Genomics",NA,NA,"Illumina",NA,"2x300 bp",NA,NA,NA,"planned",NA,NA,NA,NA,NA
"T0271_DON_ITS2","T0271_DON","ITS2","SeqCoast Genomics",NA,NA,"Illumina",NA,"2x300 bp",NA,NA,NA,"planned",NA,NA,NA,NA,NA
"T0271_REC_16S","T0271_REC","16S","SeqCoast Genomics",NA,NA,"Illumina",NA,"2x300 bp",NA,NA,NA,"planned",NA,NA,NA,NA,NA
"T0271_REC_ITS2","T0271_REC","ITS2","SeqCoast Genomics",NA,NA,"Illumina",NA,"2x300 bp",NA,NA,NA,"planned",NA,NA,NA,NA,NA
"T0271_FIN_16S","T0271_FIN","16S","SeqCoast Genomics",NA,NA,"Illumina",NA,"2x300 bp",NA,NA,NA,"planned",NA,NA,NA,NA,NA
"T0271_FIN_ITS2","T0271_FIN","ITS2","SeqCoast Genomics",NA,NA,"Illumina",NA,"2x300 bp",NA,NA,NA,"planned",NA,NA,NA,NA,NA
"T0272_DON_16S","T0272_DON","16S","SeqCoast Genomics",NA,NA,"Illumina",NA,"2x300 bp",NA,NA,NA,"planned",NA,NA,NA,NA,NA
"T0272_DON_ITS2","T0272_DON","ITS2","SeqCoast Genomics",NA,NA,"Illumina",NA,"2x300 bp",NA,NA,NA,"planned",NA,NA,NA,NA,NA
"T0272_REC_16S","T0272_REC","16S","SeqCoast Genomics",NA,NA,"Illumina",NA,"2x300 bp",NA,NA,NA,"planned",NA,NA,NA,NA,NA
"T0272_REC_ITS2","T0272_REC","ITS2","SeqCoast Genomics",NA,NA,"Illumina",NA,"2x300 bp",NA,NA,NA,"planned",NA,NA,NA,NA,NA
"T0272_FIN_16S","T0272_FIN","16S","SeqCoast Genomics",NA,NA,"Illumina",NA,"2x300 bp",NA,NA,NA,"planned",NA,NA,NA,NA,NA
"T0272_FIN_ITS2","T0272_FIN","ITS2","SeqCoast Genomics",NA,NA,"Illumina",NA,"2x300 bp",NA,NA,NA,"planned",NA,NA,NA,NA,NA
"T0273_DON_16S","T0273_DON","16S","SeqCoast Genomics",NA,NA,"Illumina",NA,"2x300 bp",NA,NA,NA,"planned",NA,NA,NA,NA,NA
"T0273_DON_ITS2","T0273_DON","ITS2","SeqCoast Genomics",NA,NA,"Illumina",NA,"2x300 bp",NA,NA,NA,"planned",NA,NA,NA,NA,NA
"T0273_REC_16S","T0273_REC","16S","SeqCoast Genomics",NA,NA,"Illumina",NA,"2x300 bp",NA,NA,NA,"planned",NA,NA,NA,NA,NA
"T0273_REC_ITS2","T0273_REC","ITS2","SeqCoast Genomics",NA,NA,"Illumina",NA,"2x300 bp",NA,NA,NA,"planned",NA,NA,NA,NA,NA
"T0273_FIN_16S","T0273_FIN","16S","SeqCoast Genomics",NA,NA,"Illumina",NA,"2x300 bp",NA,NA,NA,"planned",NA,NA,NA,NA,NA
"T0273_FIN_ITS2","T0273_FIN","ITS2","SeqCoast Genomics",NA,NA,"Illumina",NA,"2x300 bp",NA,NA,NA,"planned",NA,NA,NA,NA,NA
"T0274_DON_16S","T0274_DON","16S","SeqCoast Genomics",NA,NA,"Illumina",NA,"2x300 bp",NA,NA,NA,"planned",NA,NA,NA,NA,NA
"T0274_DON_ITS2","T0274_DON","ITS2","SeqCoast Genomics",NA,NA,"Illumina",NA,"2x300 bp",NA,NA,NA,"planned",NA,NA,NA,NA,NA
"T0274_REC_16S","T0274_REC","16S","SeqCoast Genomics",NA,NA,"Illumina",NA,"2x300 bp",NA,NA,NA,"planned",NA,NA,NA,NA,NA
"T0274_REC_ITS2","T0274_REC","ITS2","SeqCoast Genomics",NA,NA,"Illumina",NA,"2x300 bp",NA,NA,NA,"planned",NA,NA,NA,NA,NA
"T0274_FIN_16S","T0274_FIN","16S","SeqCoast Genomics",NA,NA,"Illumina",NA,"2x300 bp",NA,NA,NA,"planned",NA,NA,NA,NA,NA
"T0274_FIN_ITS2","T0274_FIN","ITS2","SeqCoast Genomics",NA,NA,"Illumina",NA,"2x300 bp",NA,NA,NA,"planned",NA,NA,NA,NA,NA
"T0275_DON_16S","T0275_DON","16S","SeqCoast Genomics",NA,NA,"Illumina",NA,"2x300 bp",NA,NA,NA,"planned",NA,NA,NA,NA,NA
"T0275_DON_ITS2","T0275_DON","ITS2","SeqCoast Genomics",NA,NA,"Illumina",NA,"2x300 bp",NA,NA,NA,"planned",NA,NA,NA,NA,NA
"T0275_REC_16S","T0275_REC","16S","SeqCoast Genomics",NA,NA,"Illumina",NA,"2x300 bp",NA,NA,NA,"planned",NA,NA,NA,NA,NA
"T0275_REC_ITS2","T0275_REC","ITS2","SeqCoast Genomics",NA,NA,"Illumina",NA,"2x300 bp",NA,NA,NA,"planned",NA,NA,NA,NA,NA
"T0275_FIN_16S","T0275_FIN","16S","SeqCoast Genomics",NA,NA,"Illumina",NA,"2x300 bp",NA,NA,NA,"planned",NA,NA,NA,NA,NA
"T0275_FIN_ITS2","T0275_FIN","ITS2","SeqCoast Genomics",NA,NA,"Illumina",NA,"2x300 bp",NA,NA,NA,"planned",NA,NA,NA,NA,NA
"T0276_DON_16S","T0276_DON","16S","SeqCoast Genomics",NA,NA,"Illumina",NA,"2x300 bp",NA,NA,NA,"planned",NA,NA,NA,NA,NA
"T0276_DON_ITS2","T0276_DON","ITS2","SeqCoast Genomics",NA,NA,"Illumina",NA,"2x300 bp",NA,NA,NA,"planned",NA,NA,NA,NA,NA
"T0276_REC_16S","T0276_REC","16S","SeqCoast Genomics",NA,NA,"Illumina",NA,"2x300 bp",NA,NA,NA,"planned",NA,NA,NA,NA,NA
"T0276_REC_ITS2","T0276_REC","ITS2","SeqCoast Genomics",NA,NA,"Illumina",NA,"2x300 bp",NA,NA,NA,"planned",NA,NA,NA,NA,NA
"T0276_FIN_16S","T0276_FIN","16S","SeqCoast Genomics",NA,NA,"Illumina",NA,"2x300 bp",NA,NA,NA,"planned",NA,NA,NA,NA,NA
"T0276_FIN_ITS2","T0276_FIN","ITS2","SeqCoast Genomics",NA,NA,"Illumina",NA,"2x300 bp",NA,NA,NA,"planned",NA,NA,NA,NA,NA
"T0277_DON_16S","T0277_DON","16S","SeqCoast Genomics",NA,NA,"Illumina",NA,"2x300 bp",NA,NA,NA,"planned",NA,NA,NA,NA,NA
"T0277_DON_ITS2","T0277_DON","ITS2","SeqCoast Genomics",NA,NA,"Illumina",NA,"2x300 bp",NA,NA,NA,"planned",NA,NA,NA,NA,NA
"T0277_REC_16S","T0277_REC","16S","SeqCoast Genomics",NA,NA,"Illumina",NA,"2x300 bp",NA,NA,NA,"planned",NA,NA,NA,NA,NA
"T0277_REC_ITS2","T0277_REC","ITS2","SeqCoast Genomics",NA,NA,"Illumina",NA,"2x300 bp",NA,NA,NA,"planned",NA,NA,NA,NA,NA
"T0277_FIN_16S","T0277_FIN","16S","SeqCoast Genomics",NA,NA,"Illumina",NA,"2x300 bp",NA,NA,NA,"planned",NA,NA,NA,NA,NA
"T0277_FIN_ITS2","T0277_FIN","ITS2","SeqCoast Genomics",NA,NA,"Illumina",NA,"2x300 bp",NA,NA,NA,"planned",NA,NA,NA,NA,NA
"T0278_DON_16S","T0278_DON","16S","SeqCoast Genomics",NA,NA,"Illumina",NA,"2x300 bp",NA,NA,NA,"planned",NA,NA,NA,NA,NA
"T0278_DON_ITS2","T0278_DON","ITS2","SeqCoast Genomics",NA,NA,"Illumina",NA,"2x300 bp",NA,NA,NA,"planned",NA,NA,NA,NA,NA
"T0278_REC_16S","T0278_REC","16S","SeqCoast Genomics",NA,NA,"Illumina",NA,"2x300 bp",NA,NA,NA,"planned",NA,NA,NA,NA,NA
"T0278_REC_ITS2","T0278_REC","ITS2","SeqCoast Genomics",NA,NA,"Illumina",NA,"2x300 bp",NA,NA,NA,"planned",NA,NA,NA,NA,NA
"T0278_FIN_16S","T0278_FIN","16S","SeqCoast Genomics",NA,NA,"Illumina",NA,"2x300 bp",NA,NA,NA,"planned",NA,NA,NA,NA,NA
"T0278_FIN_ITS2","T0278_FIN","ITS2","SeqCoast Genomics",NA,NA,"Illumina",NA,"2x300 bp",NA,NA,NA,"planned",NA,NA,NA,NA,NA
"T0279_DON_16S","T0279_DON","16S","SeqCoast Genomics",NA,NA,"Illumina",NA,"2x300 bp",NA,NA,NA,"planned",NA,NA,NA,NA,NA
"T0279_DON_ITS2","T0279_DON","ITS2","SeqCoast Genomics",NA,NA,"Illumina",NA,"2x300 bp",NA,NA,NA,"planned",NA,NA,NA,NA,NA
"T0279_REC_16S","T0279_REC","16S","SeqCoast Genomics",NA,NA,"Illumina",NA,"2x300 bp",NA,NA,NA,"planned",NA,NA,NA,NA,NA
"T0279_REC_ITS2","T0279_REC","ITS2","SeqCoast Genomics",NA,NA,"Illumina",NA,"2x300 bp",NA,NA,NA,"planned",NA,NA,NA,NA,NA
"T0279_FIN_16S","T0279_FIN","16S","SeqCoast Genomics",NA,NA,"Illumina",NA,"2x300 bp",NA,NA,NA,"planned",NA,NA,NA,NA,NA
"T0279_FIN_ITS2","T0279_FIN","ITS2","SeqCoast Genomics",NA,NA,"Illumina",NA,"2x300 bp",NA,NA,NA,"planned",NA,NA,NA,NA,NA
"T0280_DON_16S","T0280_DON","16S","SeqCoast Genomics",NA,NA,"Illumina",NA,"2x300 bp",NA,NA,NA,"planned",NA,NA,NA,NA,NA
"T0280_DON_ITS2","T0280_DON","ITS2","SeqCoast Genomics",NA,NA,"Illumina",NA,"2x300 bp",NA,NA,NA,"planned",NA,NA,NA,NA,NA
"T0280_REC_16S","T0280_REC","16S","SeqCoast Genomics",NA,NA,"Illumina",NA,"2x300 bp",NA,NA,NA,"planned",NA,NA,NA,NA,NA
"T0280_REC_ITS2","T0280_REC","ITS2","SeqCoast Genomics",NA,NA,"Illumina",NA,"2x300 bp",NA,NA,NA,"planned",NA,NA,NA,NA,NA
"T0280_FIN_16S","T0280_FIN","16S","SeqCoast Genomics",NA,NA,"Illumina",NA,"2x300 bp",NA,NA,NA,"planned",NA,NA,NA,NA,NA
"T0280_FIN_ITS2","T0280_FIN","ITS2","SeqCoast Genomics",NA,NA,"Illumina",NA,"2x300 bp",NA,NA,NA,"planned",NA,NA,NA,NA,NA
"CTRL_SWAB_001_16S","CTRL_SWAB_001","16S","SeqCoast Genomics",NA,NA,"Illumina",NA,"2x300 bp",NA,NA,NA,"planned",NA,NA,NA,NA,NA
"CTRL_SWAB_001_ITS2","CTRL_SWAB_001","ITS2","SeqCoast Genomics",NA,NA,"Illumina",NA,"2x300 bp",NA,NA,NA,"planned",NA,NA,NA,NA,NA
"CTRL_SWAB_002_16S","CTRL_SWAB_002","16S","SeqCoast Genomics",NA,NA,"Illumina",NA,"2x300 bp",NA,NA,NA,"planned",NA,NA,NA,NA,NA
"CTRL_SWAB_002_ITS2","CTRL_SWAB_002","ITS2","SeqCoast Genomics",NA,NA,"Illumina",NA,"2x300 bp",NA,NA,NA,"planned",NA,NA,NA,NA,NA
"CTRL_SWAB_003_16S","CTRL_SWAB_003","16S","SeqCoast Genomics",NA,NA,"Illumina",NA,"2x300 bp",NA,NA,NA,"planned",NA,NA,NA,NA,NA
"CTRL_SWAB_003_ITS2","CTRL_SWAB_003","ITS2","SeqCoast Genomics",NA,NA,"Illumina",NA,"2x300 bp",NA,NA,NA,"planned",NA,NA,NA,NA,NA
"CTRL_SWAB_004_16S","CTRL_SWAB_004","16S","SeqCoast Genomics",NA,NA,"Illumina",NA,"2x300 bp",NA,NA,NA,"planned",NA,NA,NA,NA,NA
"CTRL_SWAB_004_ITS2","CTRL_SWAB_004","ITS2","SeqCoast Genomics",NA,NA,"Illumina",NA,"2x300 bp",NA,NA,NA,"planned",NA,NA,NA,NA,NA
"CTRL_EXT_001_16S","CTRL_EXT_001","16S","SeqCoast Genomics",NA,NA,"Illumina",NA,"2x300 bp",NA,NA,NA,"planned",NA,NA,NA,NA,NA
"CTRL_EXT_001_ITS2","CTRL_EXT_001","ITS2","SeqCoast Genomics",NA,NA,"Illumina",NA,"2x300 bp",NA,NA,NA,"planned",NA,NA,NA,NA,NA
"CTRL_EXT_002_16S","CTRL_EXT_002","16S","SeqCoast Genomics",NA,NA,"Illumina",NA,"2x300 bp",NA,NA,NA,"planned",NA,NA,NA,NA,NA
"CTRL_EXT_002_ITS2","CTRL_EXT_002","ITS2","SeqCoast Genomics",NA,NA,"Illumina",NA,"2x300 bp",NA,NA,NA,"planned",NA,NA,NA,NA,NA
"CTRL_EXT_003_16S","CTRL_EXT_003","16S","SeqCoast Genomics",NA,NA,"Illumina",NA,"2x300 bp",NA,NA,NA,"planned",NA,NA,NA,NA,NA
"CTRL_EXT_003_ITS2","CTRL_EXT_003","ITS2","SeqCoast Genomics",NA,NA,"Illumina",NA,"2x300 bp",NA,NA,NA,"planned",NA,NA,NA,NA,NA
"CTRL_EXT_004_16S","CTRL_EXT_004","16S","SeqCoast Genomics",NA,NA,"Illumina",NA,"2x300 bp",NA,NA,NA,"planned",NA,NA,NA,NA,NA
"CTRL_EXT_004_ITS2","CTRL_EXT_004","ITS2","SeqCoast Genomics",NA,NA,"Illumina",NA,"2x300 bp",NA,NA,NA,"planned",NA,NA,NA,NA,NA
"CTRL_SW_001_16S","CTRL_SW_001","16S","SeqCoast Genomics",NA,NA,"Illumina",NA,"2x300 bp",NA,NA,NA,"planned",NA,NA,NA,NA,NA
"CTRL_SW_001_ITS2","CTRL_SW_001","ITS2","SeqCoast Genomics",NA,NA,"Illumina",NA,"2x300 bp",NA,NA,NA,"planned",NA,NA,NA,NA,NA
"CTRL_SW_002_16S","CTRL_SW_002","16S","SeqCoast Genomics",NA,NA,"Illumina",NA,"2x300 bp",NA,NA,NA,"planned",NA,NA,NA,NA,NA
"CTRL_SW_002_ITS2","CTRL_SW_002","ITS2","SeqCoast Genomics",NA,NA,"Illumina",NA,"2x300 bp",NA,NA,NA,"planned",NA,NA,NA,NA,NA
"CTRL_SW_003_16S","CTRL_SW_003","16S","SeqCoast Genomics",NA,NA,"Illumina",NA,"2x300 bp",NA,NA,NA,"planned",NA,NA,NA,NA,NA
"CTRL_SW_003_ITS2","CTRL_SW_003","ITS2","SeqCoast Genomics",NA,NA,"Illumina",NA,"2x300 bp",NA,NA,NA,"planned",NA,NA,NA,NA,NA
"CTRL_SW_004_16S","CTRL_SW_004","16S","SeqCoast Genomics",NA,NA,"Illumina",NA,"2x300 bp",NA,NA,NA,"planned",NA,NA,NA,NA,NA
"CTRL_SW_004_ITS2","CTRL_SW_004","ITS2","SeqCoast Genomics",NA,NA,"Illumina",NA,"2x300 bp",NA,NA,NA,"planned",NA,NA,NA,NA,NA
"CTRL_EQUIP_001_16S","CTRL_EQUIP_001","16S","SeqCoast Genomics",NA,NA,"Illumina",NA,"2x300 bp",NA,NA,NA,"planned",NA,NA,NA,NA,NA
"CTRL_EQUIP_001_ITS2","CTRL_EQUIP_001","ITS2","SeqCoast Genomics",NA,NA,"Illumina",NA,"2x300 bp",NA,NA,NA,"planned",NA,NA,NA,NA,NA
"CTRL_EQUIP_002_16S","CTRL_EQUIP_002","16S","SeqCoast Genomics",NA,NA,"Illumina",NA,"2x300 bp",NA,NA,NA,"planned",NA,NA,NA,NA,NA
"CTRL_EQUIP_002_ITS2","CTRL_EQUIP_002","ITS2","SeqCoast Genomics",NA,NA,"Illumina",NA,"2x300 bp",NA,NA,NA,"planned",NA,NA,NA,NA,NA
"CTRL_EQUIP_003_16S","CTRL_EQUIP_003","16S","SeqCoast Genomics",NA,NA,"Illumina",NA,"2x300 bp",NA,NA,NA,"planned",NA,NA,NA,NA,NA
"CTRL_EQUIP_003_ITS2","CTRL_EQUIP_003","ITS2","SeqCoast Genomics",NA,NA,"Illumina",NA,"2x300 bp",NA,NA,NA,"planned",NA,NA,NA,NA,NA
"CTRL_EQUIP_004_16S","CTRL_EQUIP_004","16S","SeqCoast Genomics",NA,NA,"Illumina",NA,"2x300 bp",NA,NA,NA,"planned",NA,NA,NA,NA,NA
"CTRL_EQUIP_004_ITS2","CTRL_EQUIP_004","ITS2","SeqCoast Genomics",NA,NA,"Illumina",NA,"2x300 bp",NA,NA,NA,"planned",NA,NA,NA,NA,NA
